Tabela de valores para implementação com 10000 subintervalos
Tempo de execução = 0.001155000000 seg.

x_i;w_i;y_i;|e_a|;
0.000000000000;0.000000000000;0.000000000000;0.000000000000;
0.000099990001;0.000099958776;0.000099990001;0.000000031225;
0.000199980002;0.000199948814;0.000199980002;0.000000031188;
0.000299970003;0.000299938853;0.000299970003;0.000000031150;
0.000399960004;0.000399928892;0.000399960004;0.000000031112;
0.000499950005;0.000499918931;0.000499950005;0.000000031074;
0.000599940006;0.000599908970;0.000599940006;0.000000031036;
0.000699930007;0.000699899009;0.000699930007;0.000000030998;
0.000799920008;0.000799889048;0.000799920008;0.000000030960;
0.000899910009;0.000899879087;0.000899910009;0.000000030922;
0.000999900010;0.000999869126;0.000999900010;0.000000030884;
0.001099890011;0.001099859165;0.001099890011;0.000000030846;
0.001199880012;0.001199849204;0.001199880012;0.000000030808;
0.001299870013;0.001299839244;0.001299870013;0.000000030769;
0.001399860014;0.001399829283;0.001399860014;0.000000030731;
0.001499850015;0.001499819322;0.001499850015;0.000000030693;
0.001599840016;0.001599809361;0.001599840016;0.000000030655;
0.001699830017;0.001699799401;0.001699830017;0.000000030616;
0.001799820018;0.001799789440;0.001799820018;0.000000030578;
0.001899810019;0.001899779479;0.001899810019;0.000000030540;
0.001999800020;0.001999769519;0.001999800020;0.000000030501;
0.002099790021;0.002099759558;0.002099790021;0.000000030463;
0.002199780022;0.002199749597;0.002199780022;0.000000030425;
0.002299770023;0.002299739637;0.002299770023;0.000000030386;
0.002399760024;0.002399729676;0.002399760024;0.000000030348;
0.002499750025;0.002499719716;0.002499750025;0.000000030309;
0.002599740026;0.002599709755;0.002599740026;0.000000030271;
0.002699730027;0.002699699795;0.002699730027;0.000000030232;
0.002799720028;0.002799689835;0.002799720028;0.000000030193;
0.002899710029;0.002899679874;0.002899710029;0.000000030155;
0.002999700030;0.002999669914;0.002999700030;0.000000030116;
0.003099690031;0.003099659953;0.003099690031;0.000000030078;
0.003199680032;0.003199649993;0.003199680032;0.000000030039;
0.003299670033;0.003299640033;0.003299670033;0.000000030000;
0.003399660034;0.003399630072;0.003399660034;0.000000029962;
0.003499650035;0.003499620112;0.003499650035;0.000000029923;
0.003599640036;0.003599610152;0.003599640036;0.000000029884;
0.003699630037;0.003699600192;0.003699630037;0.000000029845;
0.003799620038;0.003799590231;0.003799620038;0.000000029807;
0.003899610039;0.003899580271;0.003899610039;0.000000029768;
0.003999600040;0.003999570311;0.003999600040;0.000000029729;
0.004099590041;0.004099560351;0.004099590041;0.000000029690;
0.004199580042;0.004199550391;0.004199580042;0.000000029651;
0.004299570043;0.004299540431;0.004299570043;0.000000029612;
0.004399560044;0.004399530470;0.004399560044;0.000000029574;
0.004499550045;0.004499520510;0.004499550045;0.000000029535;
0.004599540046;0.004599510550;0.004599540046;0.000000029496;
0.004699530047;0.004699500590;0.004699530047;0.000000029457;
0.004799520048;0.004799490630;0.004799520048;0.000000029418;
0.004899510049;0.004899480670;0.004899510049;0.000000029379;
0.004999500050;0.004999470710;0.004999500050;0.000000029340;
0.005099490051;0.005099460750;0.005099490051;0.000000029301;
0.005199480052;0.005199450790;0.005199480052;0.000000029262;
0.005299470053;0.005299440830;0.005299470053;0.000000029223;
0.005399460054;0.005399430870;0.005399460054;0.000000029184;
0.005499450055;0.005499420910;0.005499450055;0.000000029145;
0.005599440056;0.005599410950;0.005599440056;0.000000029106;
0.005699430057;0.005699400990;0.005699430057;0.000000029067;
0.005799420058;0.005799391030;0.005799420058;0.000000029028;
0.005899410059;0.005899381071;0.005899410059;0.000000028988;
0.005999400060;0.005999371111;0.005999400060;0.000000028949;
0.006099390061;0.006099361151;0.006099390061;0.000000028910;
0.006199380062;0.006199351191;0.006199380062;0.000000028871;
0.006299370063;0.006299341231;0.006299370063;0.000000028832;
0.006399360064;0.006399331271;0.006399360064;0.000000028793;
0.006499350065;0.006499321311;0.006499350065;0.000000028754;
0.006599340066;0.006599311352;0.006599340066;0.000000028714;
0.006699330067;0.006699301392;0.006699330067;0.000000028675;
0.006799320068;0.006799291432;0.006799320068;0.000000028636;
0.006899310069;0.006899281472;0.006899310069;0.000000028597;
0.006999300070;0.006999271512;0.006999300070;0.000000028558;
0.007099290071;0.007099261553;0.007099290071;0.000000028518;
0.007199280072;0.007199251593;0.007199280072;0.000000028479;
0.007299270073;0.007299241633;0.007299270073;0.000000028440;
0.007399260074;0.007399231673;0.007399260074;0.000000028401;
0.007499250075;0.007499221714;0.007499250075;0.000000028361;
0.007599240076;0.007599211754;0.007599240076;0.000000028322;
0.007699230077;0.007699201794;0.007699230077;0.000000028283;
0.007799220078;0.007799191835;0.007799220078;0.000000028243;
0.007899210079;0.007899181875;0.007899210079;0.000000028204;
0.007999200080;0.007999171915;0.007999200080;0.000000028165;
0.008099190081;0.008099161955;0.008099190081;0.000000028126;
0.008199180082;0.008199151996;0.008199180082;0.000000028086;
0.008299170083;0.008299142036;0.008299170083;0.000000028047;
0.008399160084;0.008399132076;0.008399160084;0.000000028008;
0.008499150085;0.008499122117;0.008499150085;0.000000027968;
0.008599140086;0.008599112157;0.008599140086;0.000000027929;
0.008699130087;0.008699102197;0.008699130087;0.000000027890;
0.008799120088;0.008799092238;0.008799120088;0.000000027850;
0.008899110089;0.008899082278;0.008899110089;0.000000027811;
0.008999100090;0.008999072318;0.008999100090;0.000000027772;
0.009099090091;0.009099062359;0.009099090091;0.000000027732;
0.009199080092;0.009199052399;0.009199080092;0.000000027693;
0.009299070093;0.009299042440;0.009299070093;0.000000027653;
0.009399060094;0.009399032480;0.009399060094;0.000000027614;
0.009499050095;0.009499022520;0.009499050095;0.000000027575;
0.009599040096;0.009599012561;0.009599040096;0.000000027535;
0.009699030097;0.009699002601;0.009699030097;0.000000027496;
0.009799020098;0.009798992641;0.009799020098;0.000000027457;
0.009899010099;0.009898982682;0.009899010099;0.000000027417;
0.009999000100;0.009998972722;0.009999000100;0.000000027378;
0.010098990101;0.010098962763;0.010098990101;0.000000027338;
0.010198980102;0.010198952803;0.010198980102;0.000000027299;
0.010298970103;0.010298942843;0.010298970103;0.000000027260;
0.010398960104;0.010398932884;0.010398960104;0.000000027220;
0.010498950105;0.010498922924;0.010498950105;0.000000027181;
0.010598940106;0.010598912965;0.010598940106;0.000000027141;
0.010698930107;0.010698903005;0.010698930107;0.000000027102;
0.010798920108;0.010798893045;0.010798920108;0.000000027063;
0.010898910109;0.010898883086;0.010898910109;0.000000027023;
0.010998900110;0.010998873126;0.010998900110;0.000000026984;
0.011098890111;0.011098863166;0.011098890111;0.000000026945;
0.011198880112;0.011198853207;0.011198880112;0.000000026905;
0.011298870113;0.011298843247;0.011298870113;0.000000026866;
0.011398860114;0.011398833288;0.011398860114;0.000000026826;
0.011498850115;0.011498823328;0.011498850115;0.000000026787;
0.011598840116;0.011598813368;0.011598840116;0.000000026748;
0.011698830117;0.011698803409;0.011698830117;0.000000026708;
0.011798820118;0.011798793449;0.011798820118;0.000000026669;
0.011898810119;0.011898783490;0.011898810119;0.000000026629;
0.011998800120;0.011998773530;0.011998800120;0.000000026590;
0.012098790121;0.012098763570;0.012098790121;0.000000026551;
0.012198780122;0.012198753611;0.012198780122;0.000000026511;
0.012298770123;0.012298743651;0.012298770123;0.000000026472;
0.012398760124;0.012398733691;0.012398760124;0.000000026433;
0.012498750125;0.012498723732;0.012498750125;0.000000026393;
0.012598740126;0.012598713772;0.012598740126;0.000000026354;
0.012698730127;0.012698703812;0.012698730127;0.000000026315;
0.012798720128;0.012798693853;0.012798720128;0.000000026275;
0.012898710129;0.012898683893;0.012898710129;0.000000026236;
0.012998700130;0.012998673933;0.012998700130;0.000000026197;
0.013098690131;0.013098663974;0.013098690131;0.000000026157;
0.013198680132;0.013198654014;0.013198680132;0.000000026118;
0.013298670133;0.013298644054;0.013298670133;0.000000026079;
0.013398660134;0.013398634095;0.013398660134;0.000000026039;
0.013498650135;0.013498624135;0.013498650135;0.000000026000;
0.013598640136;0.013598614175;0.013598640136;0.000000025961;
0.013698630137;0.013698604216;0.013698630137;0.000000025921;
0.013798620138;0.013798594256;0.013798620138;0.000000025882;
0.013898610139;0.013898584296;0.013898610139;0.000000025843;
0.013998600140;0.013998574337;0.013998600140;0.000000025803;
0.014098590141;0.014098564377;0.014098590141;0.000000025764;
0.014198580142;0.014198554417;0.014198580142;0.000000025725;
0.014298570143;0.014298544457;0.014298570143;0.000000025686;
0.014398560144;0.014398534498;0.014398560144;0.000000025646;
0.014498550145;0.014498524538;0.014498550145;0.000000025607;
0.014598540146;0.014598514578;0.014598540146;0.000000025568;
0.014698530147;0.014698504618;0.014698530147;0.000000025529;
0.014798520148;0.014798494659;0.014798520148;0.000000025489;
0.014898510149;0.014898484699;0.014898510149;0.000000025450;
0.014998500150;0.014998474739;0.014998500150;0.000000025411;
0.015098490151;0.015098464779;0.015098490151;0.000000025372;
0.015198480152;0.015198454820;0.015198480152;0.000000025332;
0.015298470153;0.015298444860;0.015298470153;0.000000025293;
0.015398460154;0.015398434900;0.015398460154;0.000000025254;
0.015498450155;0.015498424940;0.015498450155;0.000000025215;
0.015598440156;0.015598414980;0.015598440156;0.000000025176;
0.015698430157;0.015698405021;0.015698430157;0.000000025136;
0.015798420158;0.015798395061;0.015798420158;0.000000025097;
0.015898410159;0.015898385101;0.015898410159;0.000000025058;
0.015998400160;0.015998375141;0.015998400160;0.000000025019;
0.016098390161;0.016098365181;0.016098390161;0.000000024980;
0.016198380162;0.016198355221;0.016198380162;0.000000024941;
0.016298370163;0.016298345261;0.016298370163;0.000000024902;
0.016398360164;0.016398335301;0.016398360164;0.000000024863;
0.016498350165;0.016498325342;0.016498350165;0.000000024823;
0.016598340166;0.016598315382;0.016598340166;0.000000024784;
0.016698330167;0.016698305422;0.016698330167;0.000000024745;
0.016798320168;0.016798295462;0.016798320168;0.000000024706;
0.016898310169;0.016898285502;0.016898310169;0.000000024667;
0.016998300170;0.016998275542;0.016998300170;0.000000024628;
0.017098290171;0.017098265582;0.017098290171;0.000000024589;
0.017198280172;0.017198255622;0.017198280172;0.000000024550;
0.017298270173;0.017298245662;0.017298270173;0.000000024511;
0.017398260174;0.017398235702;0.017398260174;0.000000024472;
0.017498250175;0.017498225742;0.017498250175;0.000000024433;
0.017598240176;0.017598215782;0.017598240176;0.000000024394;
0.017698230177;0.017698205822;0.017698230177;0.000000024355;
0.017798220178;0.017798195862;0.017798220178;0.000000024316;
0.017898210179;0.017898185902;0.017898210179;0.000000024277;
0.017998200180;0.017998175942;0.017998200180;0.000000024238;
0.018098190181;0.018098165982;0.018098190181;0.000000024199;
0.018198180182;0.018198156022;0.018198180182;0.000000024160;
0.018298170183;0.018298146062;0.018298170183;0.000000024121;
0.018398160184;0.018398136102;0.018398160184;0.000000024082;
0.018498150185;0.018498126141;0.018498150185;0.000000024044;
0.018598140186;0.018598116181;0.018598140186;0.000000024005;
0.018698130187;0.018698106221;0.018698130187;0.000000023966;
0.018798120188;0.018798096261;0.018798120188;0.000000023927;
0.018898110189;0.018898086301;0.018898110189;0.000000023888;
0.018998100190;0.018998076341;0.018998100190;0.000000023849;
0.019098090191;0.019098066381;0.019098090191;0.000000023810;
0.019198080192;0.019198056420;0.019198080192;0.000000023772;
0.019298070193;0.019298046460;0.019298070193;0.000000023733;
0.019398060194;0.019398036500;0.019398060194;0.000000023694;
0.019498050195;0.019498026540;0.019498050195;0.000000023655;
0.019598040196;0.019598016579;0.019598040196;0.000000023617;
0.019698030197;0.019698006619;0.019698030197;0.000000023578;
0.019798020198;0.019797996659;0.019798020198;0.000000023539;
0.019898010199;0.019897986699;0.019898010199;0.000000023500;
0.019998000200;0.019997976738;0.019998000200;0.000000023462;
0.020097990201;0.020097966778;0.020097990201;0.000000023423;
0.020197980202;0.020197956818;0.020197980202;0.000000023384;
0.020297970203;0.020297946857;0.020297970203;0.000000023346;
0.020397960204;0.020397936897;0.020397960204;0.000000023307;
0.020497950205;0.020497926937;0.020497950205;0.000000023268;
0.020597940206;0.020597916976;0.020597940206;0.000000023230;
0.020697930207;0.020697907016;0.020697930207;0.000000023191;
0.020797920208;0.020797897056;0.020797920208;0.000000023152;
0.020897910209;0.020897887095;0.020897910209;0.000000023114;
0.020997900210;0.020997877135;0.020997900210;0.000000023075;
0.021097890211;0.021097867174;0.021097890211;0.000000023037;
0.021197880212;0.021197857214;0.021197880212;0.000000022998;
0.021297870213;0.021297847253;0.021297870213;0.000000022960;
0.021397860214;0.021397837293;0.021397860214;0.000000022921;
0.021497850215;0.021497827332;0.021497850215;0.000000022883;
0.021597840216;0.021597817372;0.021597840216;0.000000022844;
0.021697830217;0.021697807411;0.021697830217;0.000000022806;
0.021797820218;0.021797797451;0.021797820218;0.000000022767;
0.021897810219;0.021897787490;0.021897810219;0.000000022729;
0.021997800220;0.021997777530;0.021997800220;0.000000022690;
0.022097790221;0.022097767569;0.022097790221;0.000000022652;
0.022197780222;0.022197757609;0.022197780222;0.000000022613;
0.022297770223;0.022297747648;0.022297770223;0.000000022575;
0.022397760224;0.022397737687;0.022397760224;0.000000022537;
0.022497750225;0.022497727727;0.022497750225;0.000000022498;
0.022597740226;0.022597717766;0.022597740226;0.000000022460;
0.022697730227;0.022697707805;0.022697730227;0.000000022422;
0.022797720228;0.022797697845;0.022797720228;0.000000022383;
0.022897710229;0.022897687884;0.022897710229;0.000000022345;
0.022997700230;0.022997677923;0.022997700230;0.000000022307;
0.023097690231;0.023097667963;0.023097690231;0.000000022268;
0.023197680232;0.023197658002;0.023197680232;0.000000022230;
0.023297670233;0.023297648041;0.023297670233;0.000000022192;
0.023397660234;0.023397638080;0.023397660234;0.000000022154;
0.023497650235;0.023497628120;0.023497650235;0.000000022115;
0.023597640236;0.023597618159;0.023597640236;0.000000022077;
0.023697630237;0.023697608198;0.023697630237;0.000000022039;
0.023797620238;0.023797598237;0.023797620238;0.000000022001;
0.023897610239;0.023897588276;0.023897610239;0.000000021963;
0.023997600240;0.023997578315;0.023997600240;0.000000021925;
0.024097590241;0.024097568355;0.024097590241;0.000000021886;
0.024197580242;0.024197558394;0.024197580242;0.000000021848;
0.024297570243;0.024297548433;0.024297570243;0.000000021810;
0.024397560244;0.024397538472;0.024397560244;0.000000021772;
0.024497550245;0.024497528511;0.024497550245;0.000000021734;
0.024597540246;0.024597518550;0.024597540246;0.000000021696;
0.024697530247;0.024697508589;0.024697530247;0.000000021658;
0.024797520248;0.024797498628;0.024797520248;0.000000021620;
0.024897510249;0.024897488667;0.024897510249;0.000000021582;
0.024997500250;0.024997478706;0.024997500250;0.000000021544;
0.025097490251;0.025097468745;0.025097490251;0.000000021506;
0.025197480252;0.025197458784;0.025197480252;0.000000021468;
0.025297470253;0.025297448823;0.025297470253;0.000000021430;
0.025397460254;0.025397438862;0.025397460254;0.000000021392;
0.025497450255;0.025497428901;0.025497450255;0.000000021354;
0.025597440256;0.025597418940;0.025597440256;0.000000021316;
0.025697430257;0.025697408979;0.025697430257;0.000000021278;
0.025797420258;0.025797399017;0.025797420258;0.000000021241;
0.025897410259;0.025897389056;0.025897410259;0.000000021203;
0.025997400260;0.025997379095;0.025997400260;0.000000021165;
0.026097390261;0.026097369134;0.026097390261;0.000000021127;
0.026197380262;0.026197359173;0.026197380262;0.000000021089;
0.026297370263;0.026297349211;0.026297370263;0.000000021052;
0.026397360264;0.026397339250;0.026397360264;0.000000021014;
0.026497350265;0.026497329289;0.026497350265;0.000000020976;
0.026597340266;0.026597319328;0.026597340266;0.000000020938;
0.026697330267;0.026697309366;0.026697330267;0.000000020901;
0.026797320268;0.026797299405;0.026797320268;0.000000020863;
0.026897310269;0.026897289444;0.026897310269;0.000000020825;
0.026997300270;0.026997279483;0.026997300270;0.000000020787;
0.027097290271;0.027097269521;0.027097290271;0.000000020750;
0.027197280272;0.027197259560;0.027197280272;0.000000020712;
0.027297270273;0.027297249598;0.027297270273;0.000000020675;
0.027397260274;0.027397239637;0.027397260274;0.000000020637;
0.027497250275;0.027497229676;0.027497250275;0.000000020599;
0.027597240276;0.027597219714;0.027597240276;0.000000020562;
0.027697230277;0.027697209753;0.027697230277;0.000000020524;
0.027797220278;0.027797199791;0.027797220278;0.000000020487;
0.027897210279;0.027897189830;0.027897210279;0.000000020449;
0.027997200280;0.027997179868;0.027997200280;0.000000020412;
0.028097190281;0.028097169907;0.028097190281;0.000000020374;
0.028197180282;0.028197159945;0.028197180282;0.000000020337;
0.028297170283;0.028297149984;0.028297170283;0.000000020299;
0.028397160284;0.028397140022;0.028397160284;0.000000020262;
0.028497150285;0.028497130061;0.028497150285;0.000000020224;
0.028597140286;0.028597120099;0.028597140286;0.000000020187;
0.028697130287;0.028697110137;0.028697130287;0.000000020150;
0.028797120288;0.028797100176;0.028797120288;0.000000020112;
0.028897110289;0.028897090214;0.028897110289;0.000000020075;
0.028997100290;0.028997080253;0.028997100290;0.000000020037;
0.029097090291;0.029097070291;0.029097090291;0.000000020000;
0.029197080292;0.029197060329;0.029197080292;0.000000019963;
0.029297070293;0.029297050367;0.029297070293;0.000000019925;
0.029397060294;0.029397040406;0.029397060294;0.000000019888;
0.029497050295;0.029497030444;0.029497050295;0.000000019851;
0.029597040296;0.029597020482;0.029597040296;0.000000019814;
0.029697030297;0.029697010521;0.029697030297;0.000000019776;
0.029797020298;0.029797000559;0.029797020298;0.000000019739;
0.029897010299;0.029896990597;0.029897010299;0.000000019702;
0.029997000300;0.029996980635;0.029997000300;0.000000019665;
0.030096990301;0.030096970673;0.030096990301;0.000000019628;
0.030196980302;0.030196960711;0.030196980302;0.000000019591;
0.030296970303;0.030296950750;0.030296970303;0.000000019553;
0.030396960304;0.030396940788;0.030396960304;0.000000019516;
0.030496950305;0.030496930826;0.030496950305;0.000000019479;
0.030596940306;0.030596920864;0.030596940306;0.000000019442;
0.030696930307;0.030696910902;0.030696930307;0.000000019405;
0.030796920308;0.030796900940;0.030796920308;0.000000019368;
0.030896910309;0.030896890978;0.030896910309;0.000000019331;
0.030996900310;0.030996881016;0.030996900310;0.000000019294;
0.031096890311;0.031096871054;0.031096890311;0.000000019257;
0.031196880312;0.031196861092;0.031196880312;0.000000019220;
0.031296870313;0.031296851130;0.031296870313;0.000000019183;
0.031396860314;0.031396841168;0.031396860314;0.000000019146;
0.031496850315;0.031496831206;0.031496850315;0.000000019109;
0.031596840316;0.031596821244;0.031596840316;0.000000019072;
0.031696830317;0.031696811282;0.031696830317;0.000000019035;
0.031796820318;0.031796801320;0.031796820318;0.000000018998;
0.031896810319;0.031896791357;0.031896810319;0.000000018961;
0.031996800320;0.031996781395;0.031996800320;0.000000018925;
0.032096790321;0.032096771433;0.032096790321;0.000000018888;
0.032196780322;0.032196761471;0.032196780322;0.000000018851;
0.032296770323;0.032296751509;0.032296770323;0.000000018814;
0.032396760324;0.032396741547;0.032396760324;0.000000018777;
0.032496750325;0.032496731584;0.032496750325;0.000000018741;
0.032596740326;0.032596721622;0.032596740326;0.000000018704;
0.032696730327;0.032696711660;0.032696730327;0.000000018667;
0.032796720328;0.032796701698;0.032796720328;0.000000018630;
0.032896710329;0.032896691735;0.032896710329;0.000000018594;
0.032996700330;0.032996681773;0.032996700330;0.000000018557;
0.033096690331;0.033096671811;0.033096690331;0.000000018520;
0.033196680332;0.033196661848;0.033196680332;0.000000018484;
0.033296670333;0.033296651886;0.033296670333;0.000000018447;
0.033396660334;0.033396641924;0.033396660334;0.000000018410;
0.033496650335;0.033496631961;0.033496650335;0.000000018374;
0.033596640336;0.033596621999;0.033596640336;0.000000018337;
0.033696630337;0.033696612036;0.033696630337;0.000000018301;
0.033796620338;0.033796602074;0.033796620338;0.000000018264;
0.033896610339;0.033896592111;0.033896610339;0.000000018227;
0.033996600340;0.033996582149;0.033996600340;0.000000018191;
0.034096590341;0.034096572187;0.034096590341;0.000000018154;
0.034196580342;0.034196562224;0.034196580342;0.000000018118;
0.034296570343;0.034296552262;0.034296570343;0.000000018081;
0.034396560344;0.034396542299;0.034396560344;0.000000018045;
0.034496550345;0.034496532336;0.034496550345;0.000000018009;
0.034596540346;0.034596522374;0.034596540346;0.000000017972;
0.034696530347;0.034696512411;0.034696530347;0.000000017936;
0.034796520348;0.034796502449;0.034796520348;0.000000017899;
0.034896510349;0.034896492486;0.034896510349;0.000000017863;
0.034996500350;0.034996482523;0.034996500350;0.000000017826;
0.035096490351;0.035096472561;0.035096490351;0.000000017790;
0.035196480352;0.035196462598;0.035196480352;0.000000017754;
0.035296470353;0.035296452635;0.035296470353;0.000000017717;
0.035396460354;0.035396442673;0.035396460354;0.000000017681;
0.035496450355;0.035496432710;0.035496450355;0.000000017645;
0.035596440356;0.035596422747;0.035596440356;0.000000017609;
0.035696430357;0.035696412785;0.035696430357;0.000000017572;
0.035796420358;0.035796402822;0.035796420358;0.000000017536;
0.035896410359;0.035896392859;0.035896410359;0.000000017500;
0.035996400360;0.035996382896;0.035996400360;0.000000017464;
0.036096390361;0.036096372934;0.036096390361;0.000000017427;
0.036196380362;0.036196362971;0.036196380362;0.000000017391;
0.036296370363;0.036296353008;0.036296370363;0.000000017355;
0.036396360364;0.036396343045;0.036396360364;0.000000017319;
0.036496350365;0.036496333082;0.036496350365;0.000000017283;
0.036596340366;0.036596323119;0.036596340366;0.000000017247;
0.036696330367;0.036696313156;0.036696330367;0.000000017211;
0.036796320368;0.036796303193;0.036796320368;0.000000017174;
0.036896310369;0.036896293231;0.036896310369;0.000000017138;
0.036996300370;0.036996283268;0.036996300370;0.000000017102;
0.037096290371;0.037096273305;0.037096290371;0.000000017066;
0.037196280372;0.037196263342;0.037196280372;0.000000017030;
0.037296270373;0.037296253379;0.037296270373;0.000000016994;
0.037396260374;0.037396243416;0.037396260374;0.000000016958;
0.037496250375;0.037496233453;0.037496250375;0.000000016922;
0.037596240376;0.037596223490;0.037596240376;0.000000016886;
0.037696230377;0.037696213527;0.037696230377;0.000000016850;
0.037796220378;0.037796203564;0.037796220378;0.000000016814;
0.037896210379;0.037896193601;0.037896210379;0.000000016778;
0.037996200380;0.037996183637;0.037996200380;0.000000016743;
0.038096190381;0.038096173674;0.038096190381;0.000000016707;
0.038196180382;0.038196163711;0.038196180382;0.000000016671;
0.038296170383;0.038296153748;0.038296170383;0.000000016635;
0.038396160384;0.038396143785;0.038396160384;0.000000016599;
0.038496150385;0.038496133822;0.038496150385;0.000000016563;
0.038596140386;0.038596123859;0.038596140386;0.000000016527;
0.038696130387;0.038696113895;0.038696130387;0.000000016492;
0.038796120388;0.038796103932;0.038796120388;0.000000016456;
0.038896110389;0.038896093969;0.038896110389;0.000000016420;
0.038996100390;0.038996084006;0.038996100390;0.000000016384;
0.039096090391;0.039096074042;0.039096090391;0.000000016348;
0.039196080392;0.039196064079;0.039196080392;0.000000016313;
0.039296070393;0.039296054116;0.039296070393;0.000000016277;
0.039396060394;0.039396044153;0.039396060394;0.000000016241;
0.039496050395;0.039496034189;0.039496050395;0.000000016206;
0.039596040396;0.039596024226;0.039596040396;0.000000016170;
0.039696030397;0.039696014263;0.039696030397;0.000000016134;
0.039796020398;0.039796004299;0.039796020398;0.000000016099;
0.039896010399;0.039895994336;0.039896010399;0.000000016063;
0.039996000400;0.039995984373;0.039996000400;0.000000016027;
0.040095990401;0.040095974409;0.040095990401;0.000000015992;
0.040195980402;0.040195964446;0.040195980402;0.000000015956;
0.040295970403;0.040295954482;0.040295970403;0.000000015921;
0.040395960404;0.040395944519;0.040395960404;0.000000015885;
0.040495950405;0.040495934555;0.040495950405;0.000000015849;
0.040595940406;0.040595924592;0.040595940406;0.000000015814;
0.040695930407;0.040695914629;0.040695930407;0.000000015778;
0.040795920408;0.040795904665;0.040795920408;0.000000015743;
0.040895910409;0.040895894702;0.040895910409;0.000000015707;
0.040995900410;0.040995884738;0.040995900410;0.000000015672;
0.041095890411;0.041095874774;0.041095890411;0.000000015636;
0.041195880412;0.041195864811;0.041195880412;0.000000015601;
0.041295870413;0.041295854847;0.041295870413;0.000000015566;
0.041395860414;0.041395844884;0.041395860414;0.000000015530;
0.041495850415;0.041495834920;0.041495850415;0.000000015495;
0.041595840416;0.041595824957;0.041595840416;0.000000015459;
0.041695830417;0.041695814993;0.041695830417;0.000000015424;
0.041795820418;0.041795805029;0.041795820418;0.000000015389;
0.041895810419;0.041895795066;0.041895810419;0.000000015353;
0.041995800420;0.041995785102;0.041995800420;0.000000015318;
0.042095790421;0.042095775138;0.042095790421;0.000000015283;
0.042195780422;0.042195765175;0.042195780422;0.000000015247;
0.042295770423;0.042295755211;0.042295770423;0.000000015212;
0.042395760424;0.042395745247;0.042395760424;0.000000015177;
0.042495750425;0.042495735284;0.042495750425;0.000000015141;
0.042595740426;0.042595725320;0.042595740426;0.000000015106;
0.042695730427;0.042695715356;0.042695730427;0.000000015071;
0.042795720428;0.042795705392;0.042795720428;0.000000015036;
0.042895710429;0.042895695429;0.042895710429;0.000000015000;
0.042995700430;0.042995685465;0.042995700430;0.000000014965;
0.043095690431;0.043095675501;0.043095690431;0.000000014930;
0.043195680432;0.043195665537;0.043195680432;0.000000014895;
0.043295670433;0.043295655573;0.043295670433;0.000000014860;
0.043395660434;0.043395645610;0.043395660434;0.000000014824;
0.043495650435;0.043495635646;0.043495650435;0.000000014789;
0.043595640436;0.043595625682;0.043595640436;0.000000014754;
0.043695630437;0.043695615718;0.043695630437;0.000000014719;
0.043795620438;0.043795605754;0.043795620438;0.000000014684;
0.043895610439;0.043895595790;0.043895610439;0.000000014649;
0.043995600440;0.043995585826;0.043995600440;0.000000014614;
0.044095590441;0.044095575862;0.044095590441;0.000000014579;
0.044195580442;0.044195565898;0.044195580442;0.000000014544;
0.044295570443;0.044295555935;0.044295570443;0.000000014508;
0.044395560444;0.044395545971;0.044395560444;0.000000014473;
0.044495550445;0.044495536007;0.044495550445;0.000000014438;
0.044595540446;0.044595526043;0.044595540446;0.000000014403;
0.044695530447;0.044695516079;0.044695530447;0.000000014368;
0.044795520448;0.044795506115;0.044795520448;0.000000014333;
0.044895510449;0.044895496151;0.044895510449;0.000000014298;
0.044995500450;0.044995486187;0.044995500450;0.000000014263;
0.045095490451;0.045095476223;0.045095490451;0.000000014228;
0.045195480452;0.045195466258;0.045195480452;0.000000014193;
0.045295470453;0.045295456294;0.045295470453;0.000000014159;
0.045395460454;0.045395446330;0.045395460454;0.000000014124;
0.045495450455;0.045495436366;0.045495450455;0.000000014089;
0.045595440456;0.045595426402;0.045595440456;0.000000014054;
0.045695430457;0.045695416438;0.045695430457;0.000000014019;
0.045795420458;0.045795406474;0.045795420458;0.000000013984;
0.045895410459;0.045895396510;0.045895410459;0.000000013949;
0.045995400460;0.045995386546;0.045995400460;0.000000013914;
0.046095390461;0.046095376581;0.046095390461;0.000000013879;
0.046195380462;0.046195366617;0.046195380462;0.000000013845;
0.046295370463;0.046295356653;0.046295370463;0.000000013810;
0.046395360464;0.046395346689;0.046395360464;0.000000013775;
0.046495350465;0.046495336725;0.046495350465;0.000000013740;
0.046595340466;0.046595326761;0.046595340466;0.000000013705;
0.046695330467;0.046695316796;0.046695330467;0.000000013671;
0.046795320468;0.046795306832;0.046795320468;0.000000013636;
0.046895310469;0.046895296868;0.046895310469;0.000000013601;
0.046995300470;0.046995286904;0.046995300470;0.000000013566;
0.047095290471;0.047095276939;0.047095290471;0.000000013532;
0.047195280472;0.047195266975;0.047195280472;0.000000013497;
0.047295270473;0.047295257011;0.047295270473;0.000000013462;
0.047395260474;0.047395247047;0.047395260474;0.000000013427;
0.047495250475;0.047495237082;0.047495250475;0.000000013393;
0.047595240476;0.047595227118;0.047595240476;0.000000013358;
0.047695230477;0.047695217154;0.047695230477;0.000000013323;
0.047795220478;0.047795207189;0.047795220478;0.000000013289;
0.047895210479;0.047895197225;0.047895210479;0.000000013254;
0.047995200480;0.047995187261;0.047995200480;0.000000013219;
0.048095190481;0.048095177296;0.048095190481;0.000000013185;
0.048195180482;0.048195167332;0.048195180482;0.000000013150;
0.048295170483;0.048295157367;0.048295170483;0.000000013116;
0.048395160484;0.048395147403;0.048395160484;0.000000013081;
0.048495150485;0.048495137439;0.048495150485;0.000000013046;
0.048595140486;0.048595127474;0.048595140486;0.000000013012;
0.048695130487;0.048695117510;0.048695130487;0.000000012977;
0.048795120488;0.048795107545;0.048795120488;0.000000012943;
0.048895110489;0.048895097581;0.048895110489;0.000000012908;
0.048995100490;0.048995087616;0.048995100490;0.000000012874;
0.049095090491;0.049095077652;0.049095090491;0.000000012839;
0.049195080492;0.049195067688;0.049195080492;0.000000012804;
0.049295070493;0.049295057723;0.049295070493;0.000000012770;
0.049395060494;0.049395047759;0.049395060494;0.000000012735;
0.049495050495;0.049495037794;0.049495050495;0.000000012701;
0.049595040496;0.049595027830;0.049595040496;0.000000012666;
0.049695030497;0.049695017865;0.049695030497;0.000000012632;
0.049795020498;0.049795007901;0.049795020498;0.000000012597;
0.049895010499;0.049894997936;0.049895010499;0.000000012563;
0.049995000500;0.049994987971;0.049995000500;0.000000012529;
0.050094990501;0.050094978007;0.050094990501;0.000000012494;
0.050194980502;0.050194968042;0.050194980502;0.000000012460;
0.050294970503;0.050294958078;0.050294970503;0.000000012425;
0.050394960504;0.050394948113;0.050394960504;0.000000012391;
0.050494950505;0.050494938149;0.050494950505;0.000000012356;
0.050594940506;0.050594928184;0.050594940506;0.000000012322;
0.050694930507;0.050694918219;0.050694930507;0.000000012288;
0.050794920508;0.050794908255;0.050794920508;0.000000012253;
0.050894910509;0.050894898290;0.050894910509;0.000000012219;
0.050994900510;0.050994888326;0.050994900510;0.000000012184;
0.051094890511;0.051094878361;0.051094890511;0.000000012150;
0.051194880512;0.051194868396;0.051194880512;0.000000012116;
0.051294870513;0.051294858432;0.051294870513;0.000000012081;
0.051394860514;0.051394848467;0.051394860514;0.000000012047;
0.051494850515;0.051494838502;0.051494850515;0.000000012013;
0.051594840516;0.051594828538;0.051594840516;0.000000011978;
0.051694830517;0.051694818573;0.051694830517;0.000000011944;
0.051794820518;0.051794808608;0.051794820518;0.000000011910;
0.051894810519;0.051894798644;0.051894810519;0.000000011875;
0.051994800520;0.051994788679;0.051994800520;0.000000011841;
0.052094790521;0.052094778714;0.052094790521;0.000000011807;
0.052194780522;0.052194768749;0.052194780522;0.000000011773;
0.052294770523;0.052294758785;0.052294770523;0.000000011738;
0.052394760524;0.052394748820;0.052394760524;0.000000011704;
0.052494750525;0.052494738855;0.052494750525;0.000000011670;
0.052594740526;0.052594728890;0.052594740526;0.000000011636;
0.052694730527;0.052694718926;0.052694730527;0.000000011601;
0.052794720528;0.052794708961;0.052794720528;0.000000011567;
0.052894710529;0.052894698996;0.052894710529;0.000000011533;
0.052994700530;0.052994689031;0.052994700530;0.000000011499;
0.053094690531;0.053094679067;0.053094690531;0.000000011464;
0.053194680532;0.053194669102;0.053194680532;0.000000011430;
0.053294670533;0.053294659137;0.053294670533;0.000000011396;
0.053394660534;0.053394649172;0.053394660534;0.000000011362;
0.053494650535;0.053494639207;0.053494650535;0.000000011328;
0.053594640536;0.053594629243;0.053594640536;0.000000011293;
0.053694630537;0.053694619278;0.053694630537;0.000000011259;
0.053794620538;0.053794609313;0.053794620538;0.000000011225;
0.053894610539;0.053894599348;0.053894610539;0.000000011191;
0.053994600540;0.053994589383;0.053994600540;0.000000011157;
0.054094590541;0.054094579418;0.054094590541;0.000000011123;
0.054194580542;0.054194569454;0.054194580542;0.000000011088;
0.054294570543;0.054294559489;0.054294570543;0.000000011054;
0.054394560544;0.054394549524;0.054394560544;0.000000011020;
0.054494550545;0.054494539559;0.054494550545;0.000000010986;
0.054594540546;0.054594529594;0.054594540546;0.000000010952;
0.054694530547;0.054694519629;0.054694530547;0.000000010918;
0.054794520548;0.054794509664;0.054794520548;0.000000010884;
0.054894510549;0.054894499699;0.054894510549;0.000000010850;
0.054994500550;0.054994489734;0.054994500550;0.000000010815;
0.055094490551;0.055094479770;0.055094490551;0.000000010781;
0.055194480552;0.055194469805;0.055194480552;0.000000010747;
0.055294470553;0.055294459840;0.055294470553;0.000000010713;
0.055394460554;0.055394449875;0.055394460554;0.000000010679;
0.055494450555;0.055494439910;0.055494450555;0.000000010645;
0.055594440556;0.055594429945;0.055594440556;0.000000010611;
0.055694430557;0.055694419980;0.055694430557;0.000000010577;
0.055794420558;0.055794410015;0.055794420558;0.000000010543;
0.055894410559;0.055894400050;0.055894410559;0.000000010509;
0.055994400560;0.055994390085;0.055994400560;0.000000010475;
0.056094390561;0.056094380120;0.056094390561;0.000000010441;
0.056194380562;0.056194370155;0.056194380562;0.000000010407;
0.056294370563;0.056294360190;0.056294370563;0.000000010373;
0.056394360564;0.056394350225;0.056394360564;0.000000010339;
0.056494350565;0.056494340260;0.056494350565;0.000000010305;
0.056594340566;0.056594330295;0.056594340566;0.000000010271;
0.056694330567;0.056694320330;0.056694330567;0.000000010237;
0.056794320568;0.056794310365;0.056794320568;0.000000010203;
0.056894310569;0.056894300400;0.056894310569;0.000000010169;
0.056994300570;0.056994290435;0.056994300570;0.000000010135;
0.057094290571;0.057094280470;0.057094290571;0.000000010101;
0.057194280572;0.057194270505;0.057194280572;0.000000010067;
0.057294270573;0.057294260540;0.057294270573;0.000000010033;
0.057394260574;0.057394250575;0.057394260574;0.000000009999;
0.057494250575;0.057494240610;0.057494250575;0.000000009965;
0.057594240576;0.057594230645;0.057594240576;0.000000009931;
0.057694230577;0.057694220680;0.057694230577;0.000000009897;
0.057794220578;0.057794210715;0.057794220578;0.000000009863;
0.057894210579;0.057894200750;0.057894210579;0.000000009829;
0.057994200580;0.057994190785;0.057994200580;0.000000009795;
0.058094190581;0.058094180820;0.058094190581;0.000000009761;
0.058194180582;0.058194170855;0.058194180582;0.000000009727;
0.058294170583;0.058294160890;0.058294170583;0.000000009693;
0.058394160584;0.058394150925;0.058394160584;0.000000009659;
0.058494150585;0.058494140960;0.058494150585;0.000000009625;
0.058594140586;0.058594130995;0.058594140586;0.000000009591;
0.058694130587;0.058694121030;0.058694130587;0.000000009557;
0.058794120588;0.058794111065;0.058794120588;0.000000009523;
0.058894110589;0.058894101100;0.058894110589;0.000000009489;
0.058994100590;0.058994091135;0.058994100590;0.000000009455;
0.059094090591;0.059094081170;0.059094090591;0.000000009421;
0.059194080592;0.059194071205;0.059194080592;0.000000009387;
0.059294070593;0.059294061239;0.059294070593;0.000000009353;
0.059394060594;0.059394051274;0.059394060594;0.000000009320;
0.059494050595;0.059494041309;0.059494050595;0.000000009286;
0.059594040596;0.059594031344;0.059594040596;0.000000009252;
0.059694030597;0.059694021379;0.059694030597;0.000000009218;
0.059794020598;0.059794011414;0.059794020598;0.000000009184;
0.059894010599;0.059894001449;0.059894010599;0.000000009150;
0.059994000600;0.059993991484;0.059994000600;0.000000009116;
0.060093990601;0.060093981519;0.060093990601;0.000000009082;
0.060193980602;0.060193971554;0.060193980602;0.000000009048;
0.060293970603;0.060293961589;0.060293970603;0.000000009014;
0.060393960604;0.060393951623;0.060393960604;0.000000008980;
0.060493950605;0.060493941658;0.060493950605;0.000000008947;
0.060593940606;0.060593931693;0.060593940606;0.000000008913;
0.060693930607;0.060693921728;0.060693930607;0.000000008879;
0.060793920608;0.060793911763;0.060793920608;0.000000008845;
0.060893910609;0.060893901798;0.060893910609;0.000000008811;
0.060993900610;0.060993891833;0.060993900610;0.000000008777;
0.061093890611;0.061093881868;0.061093890611;0.000000008743;
0.061193880612;0.061193871903;0.061193880612;0.000000008709;
0.061293870613;0.061293861938;0.061293870613;0.000000008675;
0.061393860614;0.061393851972;0.061393860614;0.000000008642;
0.061493850615;0.061493842007;0.061493850615;0.000000008608;
0.061593840616;0.061593832042;0.061593840616;0.000000008574;
0.061693830617;0.061693822077;0.061693830617;0.000000008540;
0.061793820618;0.061793812112;0.061793820618;0.000000008506;
0.061893810619;0.061893802147;0.061893810619;0.000000008472;
0.061993800620;0.061993792182;0.061993800620;0.000000008438;
0.062093790621;0.062093782217;0.062093790621;0.000000008404;
0.062193780622;0.062193772251;0.062193780622;0.000000008370;
0.062293770623;0.062293762286;0.062293770623;0.000000008337;
0.062393760624;0.062393752321;0.062393760624;0.000000008303;
0.062493750625;0.062493742356;0.062493750625;0.000000008269;
0.062593740626;0.062593732391;0.062593740626;0.000000008235;
0.062693730627;0.062693722426;0.062693730627;0.000000008201;
0.062793720628;0.062793712461;0.062793720628;0.000000008167;
0.062893710629;0.062893702496;0.062893710629;0.000000008133;
0.062993700630;0.062993692530;0.062993700630;0.000000008099;
0.063093690631;0.063093682565;0.063093690631;0.000000008066;
0.063193680632;0.063193672600;0.063193680632;0.000000008032;
0.063293670633;0.063293662635;0.063293670633;0.000000007998;
0.063393660634;0.063393652670;0.063393660634;0.000000007964;
0.063493650635;0.063493642705;0.063493650635;0.000000007930;
0.063593640636;0.063593632740;0.063593640636;0.000000007896;
0.063693630637;0.063693622775;0.063693630637;0.000000007862;
0.063793620638;0.063793612810;0.063793620638;0.000000007828;
0.063893610639;0.063893602844;0.063893610639;0.000000007795;
0.063993600640;0.063993592879;0.063993600640;0.000000007761;
0.064093590641;0.064093582914;0.064093590641;0.000000007727;
0.064193580642;0.064193572949;0.064193580642;0.000000007693;
0.064293570643;0.064293562984;0.064293570643;0.000000007659;
0.064393560644;0.064393553019;0.064393560644;0.000000007625;
0.064493550645;0.064493543054;0.064493550645;0.000000007591;
0.064593540646;0.064593533089;0.064593540646;0.000000007557;
0.064693530647;0.064693523123;0.064693530647;0.000000007523;
0.064793520648;0.064793513158;0.064793520648;0.000000007490;
0.064893510649;0.064893503193;0.064893510649;0.000000007456;
0.064993500650;0.064993493228;0.064993500650;0.000000007422;
0.065093490651;0.065093483263;0.065093490651;0.000000007388;
0.065193480652;0.065193473298;0.065193480652;0.000000007354;
0.065293470653;0.065293463333;0.065293470653;0.000000007320;
0.065393460654;0.065393453368;0.065393460654;0.000000007286;
0.065493450655;0.065493443403;0.065493450655;0.000000007252;
0.065593440656;0.065593433438;0.065593440656;0.000000007218;
0.065693430657;0.065693423472;0.065693430657;0.000000007184;
0.065793420658;0.065793413507;0.065793420658;0.000000007151;
0.065893410659;0.065893403542;0.065893410659;0.000000007117;
0.065993400660;0.065993393577;0.065993400660;0.000000007083;
0.066093390661;0.066093383612;0.066093390661;0.000000007049;
0.066193380662;0.066193373647;0.066193380662;0.000000007015;
0.066293370663;0.066293363682;0.066293370663;0.000000006981;
0.066393360664;0.066393353717;0.066393360664;0.000000006947;
0.066493350665;0.066493343752;0.066493350665;0.000000006913;
0.066593340666;0.066593333787;0.066593340666;0.000000006879;
0.066693330667;0.066693323822;0.066693330667;0.000000006845;
0.066793320668;0.066793313857;0.066793320668;0.000000006811;
0.066893310669;0.066893303891;0.066893310669;0.000000006777;
0.066993300670;0.066993293926;0.066993300670;0.000000006744;
0.067093290671;0.067093283961;0.067093290671;0.000000006710;
0.067193280672;0.067193273996;0.067193280672;0.000000006676;
0.067293270673;0.067293264031;0.067293270673;0.000000006642;
0.067393260674;0.067393254066;0.067393260674;0.000000006608;
0.067493250675;0.067493244101;0.067493250675;0.000000006574;
0.067593240676;0.067593234136;0.067593240676;0.000000006540;
0.067693230677;0.067693224171;0.067693230677;0.000000006506;
0.067793220678;0.067793214206;0.067793220678;0.000000006472;
0.067893210679;0.067893204241;0.067893210679;0.000000006438;
0.067993200680;0.067993194276;0.067993200680;0.000000006404;
0.068093190681;0.068093184311;0.068093190681;0.000000006370;
0.068193180682;0.068193174346;0.068193180682;0.000000006336;
0.068293170683;0.068293164381;0.068293170683;0.000000006302;
0.068393160684;0.068393154416;0.068393160684;0.000000006268;
0.068493150685;0.068493144451;0.068493150685;0.000000006234;
0.068593140686;0.068593134486;0.068593140686;0.000000006200;
0.068693130687;0.068693124521;0.068693130687;0.000000006166;
0.068793120688;0.068793114556;0.068793120688;0.000000006132;
0.068893110689;0.068893104591;0.068893110689;0.000000006098;
0.068993100690;0.068993094626;0.068993100690;0.000000006064;
0.069093090691;0.069093084661;0.069093090691;0.000000006030;
0.069193080692;0.069193074696;0.069193080692;0.000000005996;
0.069293070693;0.069293064731;0.069293070693;0.000000005962;
0.069393060694;0.069393054766;0.069393060694;0.000000005928;
0.069493050695;0.069493044801;0.069493050695;0.000000005894;
0.069593040696;0.069593034836;0.069593040696;0.000000005860;
0.069693030697;0.069693024871;0.069693030697;0.000000005826;
0.069793020698;0.069793014906;0.069793020698;0.000000005792;
0.069893010699;0.069893004941;0.069893010699;0.000000005758;
0.069993000700;0.069992994976;0.069993000700;0.000000005724;
0.070092990701;0.070092985011;0.070092990701;0.000000005690;
0.070192980702;0.070192975046;0.070192980702;0.000000005656;
0.070292970703;0.070292965081;0.070292970703;0.000000005622;
0.070392960704;0.070392955116;0.070392960704;0.000000005588;
0.070492950705;0.070492945152;0.070492950705;0.000000005553;
0.070592940706;0.070592935187;0.070592940706;0.000000005519;
0.070692930707;0.070692925222;0.070692930707;0.000000005485;
0.070792920708;0.070792915257;0.070792920708;0.000000005451;
0.070892910709;0.070892905292;0.070892910709;0.000000005417;
0.070992900710;0.070992895327;0.070992900710;0.000000005383;
0.071092890711;0.071092885362;0.071092890711;0.000000005349;
0.071192880712;0.071192875397;0.071192880712;0.000000005315;
0.071292870713;0.071292865432;0.071292870713;0.000000005281;
0.071392860714;0.071392855467;0.071392860714;0.000000005246;
0.071492850715;0.071492845503;0.071492850715;0.000000005212;
0.071592840716;0.071592835538;0.071592840716;0.000000005178;
0.071692830717;0.071692825573;0.071692830717;0.000000005144;
0.071792820718;0.071792815608;0.071792820718;0.000000005110;
0.071892810719;0.071892805643;0.071892810719;0.000000005076;
0.071992800720;0.071992795678;0.071992800720;0.000000005042;
0.072092790721;0.072092785714;0.072092790721;0.000000005007;
0.072192780722;0.072192775749;0.072192780722;0.000000004973;
0.072292770723;0.072292765784;0.072292770723;0.000000004939;
0.072392760724;0.072392755819;0.072392760724;0.000000004905;
0.072492750725;0.072492745854;0.072492750725;0.000000004871;
0.072592740726;0.072592735889;0.072592740726;0.000000004836;
0.072692730727;0.072692725925;0.072692730727;0.000000004802;
0.072792720728;0.072792715960;0.072792720728;0.000000004768;
0.072892710729;0.072892705995;0.072892710729;0.000000004734;
0.072992700730;0.072992696030;0.072992700730;0.000000004700;
0.073092690731;0.073092686066;0.073092690731;0.000000004665;
0.073192680732;0.073192676101;0.073192680732;0.000000004631;
0.073292670733;0.073292666136;0.073292670733;0.000000004597;
0.073392660734;0.073392656171;0.073392660734;0.000000004563;
0.073492650735;0.073492646207;0.073492650735;0.000000004528;
0.073592640736;0.073592636242;0.073592640736;0.000000004494;
0.073692630737;0.073692626277;0.073692630737;0.000000004460;
0.073792620738;0.073792616312;0.073792620738;0.000000004425;
0.073892610739;0.073892606348;0.073892610739;0.000000004391;
0.073992600740;0.073992596383;0.073992600740;0.000000004357;
0.074092590741;0.074092586418;0.074092590741;0.000000004323;
0.074192580742;0.074192576454;0.074192580742;0.000000004288;
0.074292570743;0.074292566489;0.074292570743;0.000000004254;
0.074392560744;0.074392556524;0.074392560744;0.000000004220;
0.074492550745;0.074492546560;0.074492550745;0.000000004185;
0.074592540746;0.074592536595;0.074592540746;0.000000004151;
0.074692530747;0.074692526630;0.074692530747;0.000000004117;
0.074792520748;0.074792516666;0.074792520748;0.000000004082;
0.074892510749;0.074892506701;0.074892510749;0.000000004048;
0.074992500750;0.074992496737;0.074992500750;0.000000004013;
0.075092490751;0.075092486772;0.075092490751;0.000000003979;
0.075192480752;0.075192476807;0.075192480752;0.000000003945;
0.075292470753;0.075292466843;0.075292470753;0.000000003910;
0.075392460754;0.075392456878;0.075392460754;0.000000003876;
0.075492450755;0.075492446914;0.075492450755;0.000000003841;
0.075592440756;0.075592436949;0.075592440756;0.000000003807;
0.075692430757;0.075692426984;0.075692430757;0.000000003772;
0.075792420758;0.075792417020;0.075792420758;0.000000003738;
0.075892410759;0.075892407055;0.075892410759;0.000000003704;
0.075992400760;0.075992397091;0.075992400760;0.000000003669;
0.076092390761;0.076092387126;0.076092390761;0.000000003635;
0.076192380762;0.076192377162;0.076192380762;0.000000003600;
0.076292370763;0.076292367197;0.076292370763;0.000000003566;
0.076392360764;0.076392357233;0.076392360764;0.000000003531;
0.076492350765;0.076492347268;0.076492350765;0.000000003497;
0.076592340766;0.076592337304;0.076592340766;0.000000003462;
0.076692330767;0.076692327339;0.076692330767;0.000000003428;
0.076792320768;0.076792317375;0.076792320768;0.000000003393;
0.076892310769;0.076892307410;0.076892310769;0.000000003358;
0.076992300770;0.076992297446;0.076992300770;0.000000003324;
0.077092290771;0.077092287482;0.077092290771;0.000000003289;
0.077192280772;0.077192277517;0.077192280772;0.000000003255;
0.077292270773;0.077292267553;0.077292270773;0.000000003220;
0.077392260774;0.077392257588;0.077392260774;0.000000003186;
0.077492250775;0.077492247624;0.077492250775;0.000000003151;
0.077592240776;0.077592237660;0.077592240776;0.000000003116;
0.077692230777;0.077692227695;0.077692230777;0.000000003082;
0.077792220778;0.077792217731;0.077792220778;0.000000003047;
0.077892210779;0.077892207767;0.077892210779;0.000000003012;
0.077992200780;0.077992197802;0.077992200780;0.000000002978;
0.078092190781;0.078092187838;0.078092190781;0.000000002943;
0.078192180782;0.078192177874;0.078192180782;0.000000002908;
0.078292170783;0.078292167909;0.078292170783;0.000000002874;
0.078392160784;0.078392157945;0.078392160784;0.000000002839;
0.078492150785;0.078492147981;0.078492150785;0.000000002804;
0.078592140786;0.078592138016;0.078592140786;0.000000002770;
0.078692130787;0.078692128052;0.078692130787;0.000000002735;
0.078792120788;0.078792118088;0.078792120788;0.000000002700;
0.078892110789;0.078892108124;0.078892110789;0.000000002665;
0.078992100790;0.078992098159;0.078992100790;0.000000002631;
0.079092090791;0.079092088195;0.079092090791;0.000000002596;
0.079192080792;0.079192078231;0.079192080792;0.000000002561;
0.079292070793;0.079292068267;0.079292070793;0.000000002526;
0.079392060794;0.079392058302;0.079392060794;0.000000002491;
0.079492050795;0.079492048338;0.079492050795;0.000000002457;
0.079592040796;0.079592038374;0.079592040796;0.000000002422;
0.079692030797;0.079692028410;0.079692030797;0.000000002387;
0.079792020798;0.079792018446;0.079792020798;0.000000002352;
0.079892010799;0.079892008482;0.079892010799;0.000000002317;
0.079992000800;0.079991998518;0.079992000800;0.000000002282;
0.080091990801;0.080091988553;0.080091990801;0.000000002248;
0.080191980802;0.080191978589;0.080191980802;0.000000002213;
0.080291970803;0.080291968625;0.080291970803;0.000000002178;
0.080391960804;0.080391958661;0.080391960804;0.000000002143;
0.080491950805;0.080491948697;0.080491950805;0.000000002108;
0.080591940806;0.080591938733;0.080591940806;0.000000002073;
0.080691930807;0.080691928769;0.080691930807;0.000000002038;
0.080791920808;0.080791918805;0.080791920808;0.000000002003;
0.080891910809;0.080891908841;0.080891910809;0.000000001968;
0.080991900810;0.080991898877;0.080991900810;0.000000001933;
0.081091890811;0.081091888913;0.081091890811;0.000000001898;
0.081191880812;0.081191878949;0.081191880812;0.000000001863;
0.081291870813;0.081291868985;0.081291870813;0.000000001828;
0.081391860814;0.081391859021;0.081391860814;0.000000001793;
0.081491850815;0.081491849057;0.081491850815;0.000000001758;
0.081591840816;0.081591839093;0.081591840816;0.000000001723;
0.081691830817;0.081691829129;0.081691830817;0.000000001688;
0.081791820818;0.081791819165;0.081791820818;0.000000001653;
0.081891810819;0.081891809201;0.081891810819;0.000000001618;
0.081991800820;0.081991799237;0.081991800820;0.000000001583;
0.082091790821;0.082091789274;0.082091790821;0.000000001547;
0.082191780822;0.082191779310;0.082191780822;0.000000001512;
0.082291770823;0.082291769346;0.082291770823;0.000000001477;
0.082391760824;0.082391759382;0.082391760824;0.000000001442;
0.082491750825;0.082491749418;0.082491750825;0.000000001407;
0.082591740826;0.082591739454;0.082591740826;0.000000001372;
0.082691730827;0.082691729490;0.082691730827;0.000000001336;
0.082791720828;0.082791719527;0.082791720828;0.000000001301;
0.082891710829;0.082891709563;0.082891710829;0.000000001266;
0.082991700830;0.082991699599;0.082991700830;0.000000001231;
0.083091690831;0.083091689635;0.083091690831;0.000000001196;
0.083191680832;0.083191679672;0.083191680832;0.000000001160;
0.083291670833;0.083291669708;0.083291670833;0.000000001125;
0.083391660834;0.083391659744;0.083391660834;0.000000001090;
0.083491650835;0.083491649781;0.083491650835;0.000000001054;
0.083591640836;0.083591639817;0.083591640836;0.000000001019;
0.083691630837;0.083691629853;0.083691630837;0.000000000984;
0.083791620838;0.083791619889;0.083791620838;0.000000000948;
0.083891610839;0.083891609926;0.083891610839;0.000000000913;
0.083991600840;0.083991599962;0.083991600840;0.000000000878;
0.084091590841;0.084091589999;0.084091590841;0.000000000842;
0.084191580842;0.084191580035;0.084191580842;0.000000000807;
0.084291570843;0.084291570071;0.084291570843;0.000000000772;
0.084391560844;0.084391560108;0.084391560844;0.000000000736;
0.084491550845;0.084491550144;0.084491550845;0.000000000701;
0.084591540846;0.084591540181;0.084591540846;0.000000000665;
0.084691530847;0.084691530217;0.084691530847;0.000000000630;
0.084791520848;0.084791520254;0.084791520848;0.000000000594;
0.084891510849;0.084891510290;0.084891510849;0.000000000559;
0.084991500850;0.084991500327;0.084991500850;0.000000000523;
0.085091490851;0.085091490363;0.085091490851;0.000000000488;
0.085191480852;0.085191480400;0.085191480852;0.000000000452;
0.085291470853;0.085291470436;0.085291470853;0.000000000417;
0.085391460854;0.085391460473;0.085391460854;0.000000000381;
0.085491450855;0.085491450509;0.085491450855;0.000000000346;
0.085591440856;0.085591440546;0.085591440856;0.000000000310;
0.085691430857;0.085691430582;0.085691430857;0.000000000274;
0.085791420858;0.085791420619;0.085791420858;0.000000000239;
0.085891410859;0.085891410656;0.085891410859;0.000000000203;
0.085991400860;0.085991400692;0.085991400860;0.000000000168;
0.086091390861;0.086091390729;0.086091390861;0.000000000132;
0.086191380862;0.086191380766;0.086191380862;0.000000000096;
0.086291370863;0.086291370802;0.086291370863;0.000000000061;
0.086391360864;0.086391360839;0.086391360864;0.000000000025;
0.086491350865;0.086491350876;0.086491350865;0.000000000011;
0.086591340866;0.086591340912;0.086591340866;0.000000000047;
0.086691330867;0.086691330949;0.086691330867;0.000000000082;
0.086791320868;0.086791320986;0.086791320868;0.000000000118;
0.086891310869;0.086891311023;0.086891310869;0.000000000154;
0.086991300870;0.086991301059;0.086991300870;0.000000000190;
0.087091290871;0.087091291096;0.087091290871;0.000000000225;
0.087191280872;0.087191281133;0.087191280872;0.000000000261;
0.087291270873;0.087291271170;0.087291270873;0.000000000297;
0.087391260874;0.087391261207;0.087391260874;0.000000000333;
0.087491250875;0.087491251244;0.087491250875;0.000000000369;
0.087591240876;0.087591241280;0.087591240876;0.000000000405;
0.087691230877;0.087691231317;0.087691230877;0.000000000440;
0.087791220878;0.087791221354;0.087791220878;0.000000000476;
0.087891210879;0.087891211391;0.087891210879;0.000000000512;
0.087991200880;0.087991201428;0.087991200880;0.000000000548;
0.088091190881;0.088091191465;0.088091190881;0.000000000584;
0.088191180882;0.088191181502;0.088191180882;0.000000000620;
0.088291170883;0.088291171539;0.088291170883;0.000000000656;
0.088391160884;0.088391161576;0.088391160884;0.000000000692;
0.088491150885;0.088491151613;0.088491150885;0.000000000728;
0.088591140886;0.088591141650;0.088591140886;0.000000000764;
0.088691130887;0.088691131687;0.088691130887;0.000000000800;
0.088791120888;0.088791121724;0.088791120888;0.000000000836;
0.088891110889;0.088891111761;0.088891110889;0.000000000872;
0.088991100890;0.088991101798;0.088991100890;0.000000000908;
0.089091090891;0.089091091835;0.089091090891;0.000000000944;
0.089191080892;0.089191081872;0.089191080892;0.000000000981;
0.089291070893;0.089291071910;0.089291070893;0.000000001017;
0.089391060894;0.089391061947;0.089391060894;0.000000001053;
0.089491050895;0.089491051984;0.089491050895;0.000000001089;
0.089591040896;0.089591042021;0.089591040896;0.000000001125;
0.089691030897;0.089691032058;0.089691030897;0.000000001161;
0.089791020898;0.089791022095;0.089791020898;0.000000001198;
0.089891010899;0.089891012133;0.089891010899;0.000000001234;
0.089991000900;0.089991002170;0.089991000900;0.000000001270;
0.090090990901;0.090090992207;0.090090990901;0.000000001306;
0.090190980902;0.090190982244;0.090190980902;0.000000001342;
0.090290970903;0.090290972282;0.090290970903;0.000000001379;
0.090390960904;0.090390962319;0.090390960904;0.000000001415;
0.090490950905;0.090490952356;0.090490950905;0.000000001451;
0.090590940906;0.090590942394;0.090590940906;0.000000001488;
0.090690930907;0.090690932431;0.090690930907;0.000000001524;
0.090790920908;0.090790922468;0.090790920908;0.000000001560;
0.090890910909;0.090890912506;0.090890910909;0.000000001597;
0.090990900910;0.090990902543;0.090990900910;0.000000001633;
0.091090890911;0.091090892581;0.091090890911;0.000000001670;
0.091190880912;0.091190882618;0.091190880912;0.000000001706;
0.091290870913;0.091290872655;0.091290870913;0.000000001742;
0.091390860914;0.091390862693;0.091390860914;0.000000001779;
0.091490850915;0.091490852730;0.091490850915;0.000000001815;
0.091590840916;0.091590842768;0.091590840916;0.000000001852;
0.091690830917;0.091690832805;0.091690830917;0.000000001888;
0.091790820918;0.091790822843;0.091790820918;0.000000001925;
0.091890810919;0.091890812880;0.091890810919;0.000000001961;
0.091990800920;0.091990802918;0.091990800920;0.000000001998;
0.092090790921;0.092090792955;0.092090790921;0.000000002035;
0.092190780922;0.092190782993;0.092190780922;0.000000002071;
0.092290770923;0.092290773031;0.092290770923;0.000000002108;
0.092390760924;0.092390763068;0.092390760924;0.000000002144;
0.092490750925;0.092490753106;0.092490750925;0.000000002181;
0.092590740926;0.092590743144;0.092590740926;0.000000002218;
0.092690730927;0.092690733181;0.092690730927;0.000000002254;
0.092790720928;0.092790723219;0.092790720928;0.000000002291;
0.092890710929;0.092890713257;0.092890710929;0.000000002328;
0.092990700930;0.092990703294;0.092990700930;0.000000002364;
0.093090690931;0.093090693332;0.093090690931;0.000000002401;
0.093190680932;0.093190683370;0.093190680932;0.000000002438;
0.093290670933;0.093290673408;0.093290670933;0.000000002475;
0.093390660934;0.093390663445;0.093390660934;0.000000002511;
0.093490650935;0.093490653483;0.093490650935;0.000000002548;
0.093590640936;0.093590643521;0.093590640936;0.000000002585;
0.093690630937;0.093690633559;0.093690630937;0.000000002622;
0.093790620938;0.093790623597;0.093790620938;0.000000002659;
0.093890610939;0.093890613634;0.093890610939;0.000000002696;
0.093990600940;0.093990603672;0.093990600940;0.000000002732;
0.094090590941;0.094090593710;0.094090590941;0.000000002769;
0.094190580942;0.094190583748;0.094190580942;0.000000002806;
0.094290570943;0.094290573786;0.094290570943;0.000000002843;
0.094390560944;0.094390563824;0.094390560944;0.000000002880;
0.094490550945;0.094490553862;0.094490550945;0.000000002917;
0.094590540946;0.094590543900;0.094590540946;0.000000002954;
0.094690530947;0.094690533938;0.094690530947;0.000000002991;
0.094790520948;0.094790523976;0.094790520948;0.000000003028;
0.094890510949;0.094890514014;0.094890510949;0.000000003065;
0.094990500950;0.094990504052;0.094990500950;0.000000003102;
0.095090490951;0.095090494090;0.095090490951;0.000000003139;
0.095190480952;0.095190484128;0.095190480952;0.000000003176;
0.095290470953;0.095290474166;0.095290470953;0.000000003213;
0.095390460954;0.095390464204;0.095390460954;0.000000003250;
0.095490450955;0.095490454242;0.095490450955;0.000000003288;
0.095590440956;0.095590444281;0.095590440956;0.000000003325;
0.095690430957;0.095690434319;0.095690430957;0.000000003362;
0.095790420958;0.095790424357;0.095790420958;0.000000003399;
0.095890410959;0.095890414395;0.095890410959;0.000000003436;
0.095990400960;0.095990404433;0.095990400960;0.000000003473;
0.096090390961;0.096090394471;0.096090390961;0.000000003511;
0.096190380962;0.096190384510;0.096190380962;0.000000003548;
0.096290370963;0.096290374548;0.096290370963;0.000000003585;
0.096390360964;0.096390364586;0.096390360964;0.000000003622;
0.096490350965;0.096490354625;0.096490350965;0.000000003660;
0.096590340966;0.096590344663;0.096590340966;0.000000003697;
0.096690330967;0.096690334701;0.096690330967;0.000000003734;
0.096790320968;0.096790324739;0.096790320968;0.000000003772;
0.096890310969;0.096890314778;0.096890310969;0.000000003809;
0.096990300970;0.096990304816;0.096990300970;0.000000003846;
0.097090290971;0.097090294855;0.097090290971;0.000000003884;
0.097190280972;0.097190284893;0.097190280972;0.000000003921;
0.097290270973;0.097290274931;0.097290270973;0.000000003958;
0.097390260974;0.097390264970;0.097390260974;0.000000003996;
0.097490250975;0.097490255008;0.097490250975;0.000000004033;
0.097590240976;0.097590245047;0.097590240976;0.000000004071;
0.097690230977;0.097690235085;0.097690230977;0.000000004108;
0.097790220978;0.097790225124;0.097790220978;0.000000004146;
0.097890210979;0.097890215162;0.097890210979;0.000000004183;
0.097990200980;0.097990205201;0.097990200980;0.000000004221;
0.098090190981;0.098090195239;0.098090190981;0.000000004258;
0.098190180982;0.098190185278;0.098190180982;0.000000004296;
0.098290170983;0.098290175316;0.098290170983;0.000000004334;
0.098390160984;0.098390165355;0.098390160984;0.000000004371;
0.098490150985;0.098490155394;0.098490150985;0.000000004409;
0.098590140986;0.098590145432;0.098590140986;0.000000004446;
0.098690130987;0.098690135471;0.098690130987;0.000000004484;
0.098790120988;0.098790125510;0.098790120988;0.000000004522;
0.098890110989;0.098890115548;0.098890110989;0.000000004559;
0.098990100990;0.098990105587;0.098990100990;0.000000004597;
0.099090090991;0.099090095626;0.099090090991;0.000000004635;
0.099190080992;0.099190085664;0.099190080992;0.000000004672;
0.099290070993;0.099290075703;0.099290070993;0.000000004710;
0.099390060994;0.099390065742;0.099390060994;0.000000004748;
0.099490050995;0.099490055781;0.099490050995;0.000000004786;
0.099590040996;0.099590045819;0.099590040996;0.000000004824;
0.099690030997;0.099690035858;0.099690030997;0.000000004861;
0.099790020998;0.099790025897;0.099790020998;0.000000004899;
0.099890010999;0.099890015936;0.099890010999;0.000000004937;
0.099990001000;0.099990005975;0.099990001000;0.000000004975;
0.100089991001;0.100089996014;0.100089991001;0.000000005013;
0.100189981002;0.100189986053;0.100189981002;0.000000005051;
0.100289971003;0.100289976091;0.100289971003;0.000000005089;
0.100389961004;0.100389966130;0.100389961004;0.000000005126;
0.100489951005;0.100489956169;0.100489951005;0.000000005164;
0.100589941006;0.100589946208;0.100589941006;0.000000005202;
0.100689931007;0.100689936247;0.100689931007;0.000000005240;
0.100789921008;0.100789926286;0.100789921008;0.000000005278;
0.100889911009;0.100889916325;0.100889911009;0.000000005316;
0.100989901010;0.100989906364;0.100989901010;0.000000005354;
0.101089891011;0.101089896403;0.101089891011;0.000000005392;
0.101189881012;0.101189886442;0.101189881012;0.000000005430;
0.101289871013;0.101289876481;0.101289871013;0.000000005468;
0.101389861014;0.101389866520;0.101389861014;0.000000005506;
0.101489851015;0.101489856559;0.101489851015;0.000000005545;
0.101589841016;0.101589846599;0.101589841016;0.000000005583;
0.101689831017;0.101689836638;0.101689831017;0.000000005621;
0.101789821018;0.101789826677;0.101789821018;0.000000005659;
0.101889811019;0.101889816716;0.101889811019;0.000000005697;
0.101989801020;0.101989806755;0.101989801020;0.000000005735;
0.102089791021;0.102089796794;0.102089791021;0.000000005773;
0.102189781022;0.102189786833;0.102189781022;0.000000005812;
0.102289771023;0.102289776873;0.102289771023;0.000000005850;
0.102389761024;0.102389766912;0.102389761024;0.000000005888;
0.102489751025;0.102489756951;0.102489751025;0.000000005926;
0.102589741026;0.102589746990;0.102589741026;0.000000005964;
0.102689731027;0.102689737030;0.102689731027;0.000000006003;
0.102789721028;0.102789727069;0.102789721028;0.000000006041;
0.102889711029;0.102889717108;0.102889711029;0.000000006079;
0.102989701030;0.102989707148;0.102989701030;0.000000006118;
0.103089691031;0.103089697187;0.103089691031;0.000000006156;
0.103189681032;0.103189687226;0.103189681032;0.000000006194;
0.103289671033;0.103289677266;0.103289671033;0.000000006233;
0.103389661034;0.103389667305;0.103389661034;0.000000006271;
0.103489651035;0.103489657344;0.103489651035;0.000000006309;
0.103589641036;0.103589647384;0.103589641036;0.000000006348;
0.103689631037;0.103689637423;0.103689631037;0.000000006386;
0.103789621038;0.103789627463;0.103789621038;0.000000006425;
0.103889611039;0.103889617502;0.103889611039;0.000000006463;
0.103989601040;0.103989607541;0.103989601040;0.000000006502;
0.104089591041;0.104089597581;0.104089591041;0.000000006540;
0.104189581042;0.104189587620;0.104189581042;0.000000006579;
0.104289571043;0.104289577660;0.104289571043;0.000000006617;
0.104389561044;0.104389567699;0.104389561044;0.000000006656;
0.104489551045;0.104489557739;0.104489551045;0.000000006694;
0.104589541046;0.104589547778;0.104589541046;0.000000006733;
0.104689531047;0.104689537818;0.104689531047;0.000000006771;
0.104789521048;0.104789527858;0.104789521048;0.000000006810;
0.104889511049;0.104889517897;0.104889511049;0.000000006848;
0.104989501050;0.104989507937;0.104989501050;0.000000006887;
0.105089491051;0.105089497976;0.105089491051;0.000000006926;
0.105189481052;0.105189488016;0.105189481052;0.000000006964;
0.105289471053;0.105289478056;0.105289471053;0.000000007003;
0.105389461054;0.105389468095;0.105389461054;0.000000007041;
0.105489451055;0.105489458135;0.105489451055;0.000000007080;
0.105589441056;0.105589448175;0.105589441056;0.000000007119;
0.105689431057;0.105689438214;0.105689431057;0.000000007157;
0.105789421058;0.105789428254;0.105789421058;0.000000007196;
0.105889411059;0.105889418294;0.105889411059;0.000000007235;
0.105989401060;0.105989408333;0.105989401060;0.000000007274;
0.106089391061;0.106089398373;0.106089391061;0.000000007312;
0.106189381062;0.106189388413;0.106189381062;0.000000007351;
0.106289371063;0.106289378453;0.106289371063;0.000000007390;
0.106389361064;0.106389368492;0.106389361064;0.000000007429;
0.106489351065;0.106489358532;0.106489351065;0.000000007467;
0.106589341066;0.106589348572;0.106589341066;0.000000007506;
0.106689331067;0.106689338612;0.106689331067;0.000000007545;
0.106789321068;0.106789328652;0.106789321068;0.000000007584;
0.106889311069;0.106889318692;0.106889311069;0.000000007623;
0.106989301070;0.106989308731;0.106989301070;0.000000007661;
0.107089291071;0.107089298771;0.107089291071;0.000000007700;
0.107189281072;0.107189288811;0.107189281072;0.000000007739;
0.107289271073;0.107289278851;0.107289271073;0.000000007778;
0.107389261074;0.107389268891;0.107389261074;0.000000007817;
0.107489251075;0.107489258931;0.107489251075;0.000000007856;
0.107589241076;0.107589248971;0.107589241076;0.000000007895;
0.107689231077;0.107689239011;0.107689231077;0.000000007934;
0.107789221078;0.107789229051;0.107789221078;0.000000007973;
0.107889211079;0.107889219091;0.107889211079;0.000000008012;
0.107989201080;0.107989209130;0.107989201080;0.000000008051;
0.108089191081;0.108089199170;0.108089191081;0.000000008090;
0.108189181082;0.108189189210;0.108189181082;0.000000008129;
0.108289171083;0.108289179250;0.108289171083;0.000000008168;
0.108389161084;0.108389169290;0.108389161084;0.000000008207;
0.108489151085;0.108489159330;0.108489151085;0.000000008246;
0.108589141086;0.108589149370;0.108589141086;0.000000008285;
0.108689131087;0.108689139410;0.108689131087;0.000000008324;
0.108789121088;0.108789129451;0.108789121088;0.000000008363;
0.108889111089;0.108889119491;0.108889111089;0.000000008402;
0.108989101090;0.108989109531;0.108989101090;0.000000008441;
0.109089091091;0.109089099571;0.109089091091;0.000000008480;
0.109189081092;0.109189089611;0.109189081092;0.000000008519;
0.109289071093;0.109289079651;0.109289071093;0.000000008558;
0.109389061094;0.109389069691;0.109389061094;0.000000008597;
0.109489051095;0.109489059731;0.109489051095;0.000000008636;
0.109589041096;0.109589049771;0.109589041096;0.000000008675;
0.109689031097;0.109689039811;0.109689031097;0.000000008714;
0.109789021098;0.109789029852;0.109789021098;0.000000008754;
0.109889011099;0.109889019892;0.109889011099;0.000000008793;
0.109989001100;0.109989009932;0.109989001100;0.000000008832;
0.110088991101;0.110088999972;0.110088991101;0.000000008871;
0.110188981102;0.110188990012;0.110188981102;0.000000008910;
0.110288971103;0.110288980052;0.110288971103;0.000000008949;
0.110388961104;0.110388970093;0.110388961104;0.000000008989;
0.110488951105;0.110488960133;0.110488951105;0.000000009028;
0.110588941106;0.110588950173;0.110588941106;0.000000009067;
0.110688931107;0.110688940213;0.110688931107;0.000000009106;
0.110788921108;0.110788930253;0.110788921108;0.000000009145;
0.110888911109;0.110888920294;0.110888911109;0.000000009185;
0.110988901110;0.110988910334;0.110988901110;0.000000009224;
0.111088891111;0.111088900374;0.111088891111;0.000000009263;
0.111188881112;0.111188890414;0.111188881112;0.000000009302;
0.111288871113;0.111288880455;0.111288871113;0.000000009342;
0.111388861114;0.111388870495;0.111388861114;0.000000009381;
0.111488851115;0.111488860535;0.111488851115;0.000000009420;
0.111588841116;0.111588850575;0.111588841116;0.000000009459;
0.111688831117;0.111688840616;0.111688831117;0.000000009499;
0.111788821118;0.111788830656;0.111788821118;0.000000009538;
0.111888811119;0.111888820696;0.111888811119;0.000000009577;
0.111988801120;0.111988810736;0.111988801120;0.000000009617;
0.112088791121;0.112088800777;0.112088791121;0.000000009656;
0.112188781122;0.112188790817;0.112188781122;0.000000009695;
0.112288771123;0.112288780857;0.112288771123;0.000000009735;
0.112388761124;0.112388770898;0.112388761124;0.000000009774;
0.112488751125;0.112488760938;0.112488751125;0.000000009813;
0.112588741126;0.112588750978;0.112588741126;0.000000009852;
0.112688731127;0.112688741019;0.112688731127;0.000000009892;
0.112788721128;0.112788731059;0.112788721128;0.000000009931;
0.112888711129;0.112888721099;0.112888711129;0.000000009971;
0.112988701130;0.112988711140;0.112988701130;0.000000010010;
0.113088691131;0.113088701180;0.113088691131;0.000000010049;
0.113188681132;0.113188691220;0.113188681132;0.000000010089;
0.113288671133;0.113288681261;0.113288671133;0.000000010128;
0.113388661134;0.113388671301;0.113388661134;0.000000010167;
0.113488651135;0.113488661342;0.113488651135;0.000000010207;
0.113588641136;0.113588651382;0.113588641136;0.000000010246;
0.113688631137;0.113688641422;0.113688631137;0.000000010285;
0.113788621138;0.113788631463;0.113788621138;0.000000010325;
0.113888611139;0.113888621503;0.113888611139;0.000000010364;
0.113988601140;0.113988611543;0.113988601140;0.000000010403;
0.114088591141;0.114088601584;0.114088591141;0.000000010443;
0.114188581142;0.114188591624;0.114188581142;0.000000010482;
0.114288571143;0.114288581665;0.114288571143;0.000000010522;
0.114388561144;0.114388571705;0.114388561144;0.000000010561;
0.114488551145;0.114488561745;0.114488551145;0.000000010600;
0.114588541146;0.114588551786;0.114588541146;0.000000010640;
0.114688531147;0.114688541826;0.114688531147;0.000000010679;
0.114788521148;0.114788531866;0.114788521148;0.000000010719;
0.114888511149;0.114888521907;0.114888511149;0.000000010758;
0.114988501150;0.114988511947;0.114988501150;0.000000010797;
0.115088491151;0.115088501988;0.115088491151;0.000000010837;
0.115188481152;0.115188492028;0.115188481152;0.000000010876;
0.115288471153;0.115288482068;0.115288471153;0.000000010916;
0.115388461154;0.115388472109;0.115388461154;0.000000010955;
0.115488451155;0.115488462149;0.115488451155;0.000000010994;
0.115588441156;0.115588452190;0.115588441156;0.000000011034;
0.115688431157;0.115688442230;0.115688431157;0.000000011073;
0.115788421158;0.115788432270;0.115788421158;0.000000011112;
0.115888411159;0.115888422311;0.115888411159;0.000000011152;
0.115988401160;0.115988412351;0.115988401160;0.000000011191;
0.116088391161;0.116088402391;0.116088391161;0.000000011231;
0.116188381162;0.116188392432;0.116188381162;0.000000011270;
0.116288371163;0.116288382472;0.116288371163;0.000000011309;
0.116388361164;0.116388372513;0.116388361164;0.000000011349;
0.116488351165;0.116488362553;0.116488351165;0.000000011388;
0.116588341166;0.116588352593;0.116588341166;0.000000011427;
0.116688331167;0.116688342634;0.116688331167;0.000000011467;
0.116788321168;0.116788332674;0.116788321168;0.000000011506;
0.116888311169;0.116888322714;0.116888311169;0.000000011546;
0.116988301170;0.116988312755;0.116988301170;0.000000011585;
0.117088291171;0.117088302795;0.117088291171;0.000000011624;
0.117188281172;0.117188292835;0.117188281172;0.000000011664;
0.117288271173;0.117288282876;0.117288271173;0.000000011703;
0.117388261174;0.117388272916;0.117388261174;0.000000011742;
0.117488251175;0.117488262956;0.117488251175;0.000000011782;
0.117588241176;0.117588252997;0.117588241176;0.000000011821;
0.117688231177;0.117688243037;0.117688231177;0.000000011860;
0.117788221178;0.117788233077;0.117788221178;0.000000011899;
0.117888211179;0.117888223118;0.117888211179;0.000000011939;
0.117988201180;0.117988213158;0.117988201180;0.000000011978;
0.118088191181;0.118088203198;0.118088191181;0.000000012017;
0.118188181182;0.118188193239;0.118188181182;0.000000012057;
0.118288171183;0.118288183279;0.118288171183;0.000000012096;
0.118388161184;0.118388173319;0.118388161184;0.000000012135;
0.118488151185;0.118488163359;0.118488151185;0.000000012174;
0.118588141186;0.118588153400;0.118588141186;0.000000012214;
0.118688131187;0.118688143440;0.118688131187;0.000000012253;
0.118788121188;0.118788133480;0.118788121188;0.000000012292;
0.118888111189;0.118888123520;0.118888111189;0.000000012331;
0.118988101190;0.118988113560;0.118988101190;0.000000012371;
0.119088091191;0.119088103601;0.119088091191;0.000000012410;
0.119188081192;0.119188093641;0.119188081192;0.000000012449;
0.119288071193;0.119288083681;0.119288071193;0.000000012488;
0.119388061194;0.119388073721;0.119388061194;0.000000012527;
0.119488051195;0.119488063761;0.119488051195;0.000000012567;
0.119588041196;0.119588053802;0.119588041196;0.000000012606;
0.119688031197;0.119688043842;0.119688031197;0.000000012645;
0.119788021198;0.119788033882;0.119788021198;0.000000012684;
0.119888011199;0.119888023922;0.119888011199;0.000000012723;
0.119988001200;0.119988013962;0.119988001200;0.000000012762;
0.120087991201;0.120088004002;0.120087991201;0.000000012801;
0.120187981202;0.120187994042;0.120187981202;0.000000012840;
0.120287971203;0.120287984082;0.120287971203;0.000000012879;
0.120387961204;0.120387974122;0.120387961204;0.000000012918;
0.120487951205;0.120487964162;0.120487951205;0.000000012957;
0.120587941206;0.120587954202;0.120587941206;0.000000012997;
0.120687931207;0.120687944242;0.120687931207;0.000000013036;
0.120787921208;0.120787934282;0.120787921208;0.000000013075;
0.120887911209;0.120887924322;0.120887911209;0.000000013113;
0.120987901210;0.120987914362;0.120987901210;0.000000013152;
0.121087891211;0.121087904402;0.121087891211;0.000000013191;
0.121187881212;0.121187894442;0.121187881212;0.000000013230;
0.121287871213;0.121287884482;0.121287871213;0.000000013269;
0.121387861214;0.121387874522;0.121387861214;0.000000013308;
0.121487851215;0.121487864562;0.121487851215;0.000000013347;
0.121587841216;0.121587854602;0.121587841216;0.000000013386;
0.121687831217;0.121687844642;0.121687831217;0.000000013425;
0.121787821218;0.121787834681;0.121787821218;0.000000013464;
0.121887811219;0.121887824721;0.121887811219;0.000000013502;
0.121987801220;0.121987814761;0.121987801220;0.000000013541;
0.122087791221;0.122087804801;0.122087791221;0.000000013580;
0.122187781222;0.122187794841;0.122187781222;0.000000013619;
0.122287771223;0.122287784880;0.122287771223;0.000000013657;
0.122387761224;0.122387774920;0.122387761224;0.000000013696;
0.122487751225;0.122487764960;0.122487751225;0.000000013735;
0.122587741226;0.122587754999;0.122587741226;0.000000013774;
0.122687731227;0.122687745039;0.122687731227;0.000000013812;
0.122787721228;0.122787735079;0.122787721228;0.000000013851;
0.122887711229;0.122887725118;0.122887711229;0.000000013889;
0.122987701230;0.122987715158;0.122987701230;0.000000013928;
0.123087691231;0.123087705197;0.123087691231;0.000000013967;
0.123187681232;0.123187695237;0.123187681232;0.000000014005;
0.123287671233;0.123287685276;0.123287671233;0.000000014044;
0.123387661234;0.123387675316;0.123387661234;0.000000014082;
0.123487651235;0.123487665355;0.123487651235;0.000000014121;
0.123587641236;0.123587655395;0.123587641236;0.000000014159;
0.123687631237;0.123687645434;0.123687631237;0.000000014197;
0.123787621238;0.123787635474;0.123787621238;0.000000014236;
0.123887611239;0.123887625513;0.123887611239;0.000000014274;
0.123987601240;0.123987615552;0.123987601240;0.000000014312;
0.124087591241;0.124087605592;0.124087591241;0.000000014351;
0.124187581242;0.124187595631;0.124187581242;0.000000014389;
0.124287571243;0.124287585670;0.124287571243;0.000000014427;
0.124387561244;0.124387575709;0.124387561244;0.000000014466;
0.124487551245;0.124487565749;0.124487551245;0.000000014504;
0.124587541246;0.124587555788;0.124587541246;0.000000014542;
0.124687531247;0.124687545827;0.124687531247;0.000000014580;
0.124787521248;0.124787535866;0.124787521248;0.000000014618;
0.124887511249;0.124887525905;0.124887511249;0.000000014656;
0.124987501250;0.124987515944;0.124987501250;0.000000014694;
0.125087491251;0.125087505983;0.125087491251;0.000000014732;
0.125187481252;0.125187496022;0.125187481252;0.000000014770;
0.125287471253;0.125287486061;0.125287471253;0.000000014808;
0.125387461254;0.125387476100;0.125387461254;0.000000014846;
0.125487451255;0.125487466139;0.125487451255;0.000000014884;
0.125587441256;0.125587456178;0.125587441256;0.000000014922;
0.125687431257;0.125687446217;0.125687431257;0.000000014960;
0.125787421258;0.125787436255;0.125787421258;0.000000014998;
0.125887411259;0.125887426294;0.125887411259;0.000000015035;
0.125987401260;0.125987416333;0.125987401260;0.000000015073;
0.126087391261;0.126087406372;0.126087391261;0.000000015111;
0.126187381262;0.126187396410;0.126187381262;0.000000015148;
0.126287371263;0.126287386449;0.126287371263;0.000000015186;
0.126387361264;0.126387376487;0.126387361264;0.000000015224;
0.126487351265;0.126487366526;0.126487351265;0.000000015261;
0.126587341266;0.126587356565;0.126587341266;0.000000015299;
0.126687331267;0.126687346603;0.126687331267;0.000000015336;
0.126787321268;0.126787336641;0.126787321268;0.000000015374;
0.126887311269;0.126887326680;0.126887311269;0.000000015411;
0.126987301270;0.126987316718;0.126987301270;0.000000015448;
0.127087291271;0.127087306756;0.127087291271;0.000000015486;
0.127187281272;0.127187296795;0.127187281272;0.000000015523;
0.127287271273;0.127287286833;0.127287271273;0.000000015560;
0.127387261274;0.127387276871;0.127387261274;0.000000015597;
0.127487251275;0.127487266909;0.127487251275;0.000000015634;
0.127587241276;0.127587256947;0.127587241276;0.000000015672;
0.127687231277;0.127687246985;0.127687231277;0.000000015709;
0.127787221278;0.127787237023;0.127787221278;0.000000015746;
0.127887211279;0.127887227061;0.127887211279;0.000000015783;
0.127987201280;0.127987217099;0.127987201280;0.000000015819;
0.128087191281;0.128087207137;0.128087191281;0.000000015856;
0.128187181282;0.128187197175;0.128187181282;0.000000015893;
0.128287171283;0.128287187213;0.128287171283;0.000000015930;
0.128387161284;0.128387177251;0.128387161284;0.000000015967;
0.128487151285;0.128487167288;0.128487151285;0.000000016003;
0.128587141286;0.128587157326;0.128587141286;0.000000016040;
0.128687131287;0.128687147364;0.128687131287;0.000000016077;
0.128787121288;0.128787137401;0.128787121288;0.000000016113;
0.128887111289;0.128887127439;0.128887111289;0.000000016150;
0.128987101290;0.128987117476;0.128987101290;0.000000016186;
0.129087091291;0.129087107513;0.129087091291;0.000000016223;
0.129187081292;0.129187097551;0.129187081292;0.000000016259;
0.129287071293;0.129287087588;0.129287071293;0.000000016295;
0.129387061294;0.129387077625;0.129387061294;0.000000016331;
0.129487051295;0.129487067663;0.129487051295;0.000000016368;
0.129587041296;0.129587057700;0.129587041296;0.000000016404;
0.129687031297;0.129687047737;0.129687031297;0.000000016440;
0.129787021298;0.129787037774;0.129787021298;0.000000016476;
0.129887011299;0.129887027811;0.129887011299;0.000000016512;
0.129987001300;0.129987017848;0.129987001300;0.000000016548;
0.130086991301;0.130087007885;0.130086991301;0.000000016584;
0.130186981302;0.130186997921;0.130186981302;0.000000016620;
0.130286971303;0.130286987958;0.130286971303;0.000000016655;
0.130386961304;0.130386977995;0.130386961304;0.000000016691;
0.130486951305;0.130486968031;0.130486951305;0.000000016727;
0.130586941306;0.130586958068;0.130586941306;0.000000016762;
0.130686931307;0.130686948105;0.130686931307;0.000000016798;
0.130786921308;0.130786938141;0.130786921308;0.000000016833;
0.130886911309;0.130886928177;0.130886911309;0.000000016869;
0.130986901310;0.130986918214;0.130986901310;0.000000016904;
0.131086891311;0.131086908250;0.131086891311;0.000000016939;
0.131186881312;0.131186898286;0.131186881312;0.000000016974;
0.131286871313;0.131286888322;0.131286871313;0.000000017009;
0.131386861314;0.131386878358;0.131386861314;0.000000017045;
0.131486851315;0.131486868394;0.131486851315;0.000000017080;
0.131586841316;0.131586858430;0.131586841316;0.000000017115;
0.131686831317;0.131686848466;0.131686831317;0.000000017149;
0.131786821318;0.131786838502;0.131786821318;0.000000017184;
0.131886811319;0.131886828538;0.131886811319;0.000000017219;
0.131986801320;0.131986818574;0.131986801320;0.000000017254;
0.132086791321;0.132086808609;0.132086791321;0.000000017288;
0.132186781322;0.132186798645;0.132186781322;0.000000017323;
0.132286771323;0.132286788680;0.132286771323;0.000000017357;
0.132386761324;0.132386778716;0.132386761324;0.000000017392;
0.132486751325;0.132486768751;0.132486751325;0.000000017426;
0.132586741326;0.132586758786;0.132586741326;0.000000017460;
0.132686731327;0.132686748821;0.132686731327;0.000000017494;
0.132786721328;0.132786738856;0.132786721328;0.000000017529;
0.132886711329;0.132886728892;0.132886711329;0.000000017563;
0.132986701330;0.132986718926;0.132986701330;0.000000017597;
0.133086691331;0.133086708961;0.133086691331;0.000000017631;
0.133186681332;0.133186698996;0.133186681332;0.000000017664;
0.133286671333;0.133286689031;0.133286671333;0.000000017698;
0.133386661334;0.133386679066;0.133386661334;0.000000017732;
0.133486651335;0.133486669100;0.133486651335;0.000000017765;
0.133586641336;0.133586659135;0.133586641336;0.000000017799;
0.133686631337;0.133686649169;0.133686631337;0.000000017832;
0.133786621338;0.133786639203;0.133786621338;0.000000017866;
0.133886611339;0.133886629238;0.133886611339;0.000000017899;
0.133986601340;0.133986619272;0.133986601340;0.000000017932;
0.134086591341;0.134086609306;0.134086591341;0.000000017965;
0.134186581342;0.134186599340;0.134186581342;0.000000017998;
0.134286571343;0.134286589374;0.134286571343;0.000000018031;
0.134386561344;0.134386579408;0.134386561344;0.000000018064;
0.134486551345;0.134486569442;0.134486551345;0.000000018097;
0.134586541346;0.134586559475;0.134586541346;0.000000018129;
0.134686531347;0.134686549509;0.134686531347;0.000000018162;
0.134786521348;0.134786539542;0.134786521348;0.000000018195;
0.134886511349;0.134886529576;0.134886511349;0.000000018227;
0.134986501350;0.134986519609;0.134986501350;0.000000018259;
0.135086491351;0.135086509642;0.135086491351;0.000000018292;
0.135186481352;0.135186499676;0.135186481352;0.000000018324;
0.135286471353;0.135286489709;0.135286471353;0.000000018356;
0.135386461354;0.135386479742;0.135386461354;0.000000018388;
0.135486451355;0.135486469774;0.135486451355;0.000000018420;
0.135586441356;0.135586459807;0.135586441356;0.000000018451;
0.135686431357;0.135686449840;0.135686431357;0.000000018483;
0.135786421358;0.135786439873;0.135786421358;0.000000018515;
0.135886411359;0.135886429905;0.135886411359;0.000000018546;
0.135986401360;0.135986419937;0.135986401360;0.000000018578;
0.136086391361;0.136086409970;0.136086391361;0.000000018609;
0.136186381362;0.136186400002;0.136186381362;0.000000018640;
0.136286371363;0.136286390034;0.136286371363;0.000000018671;
0.136386361364;0.136386380066;0.136386361364;0.000000018702;
0.136486351365;0.136486370098;0.136486351365;0.000000018733;
0.136586341366;0.136586360130;0.136586341366;0.000000018764;
0.136686331367;0.136686350161;0.136686331367;0.000000018795;
0.136786321368;0.136786340193;0.136786321368;0.000000018825;
0.136886311369;0.136886330225;0.136886311369;0.000000018856;
0.136986301370;0.136986320256;0.136986301370;0.000000018886;
0.137086291371;0.137086310287;0.137086291371;0.000000018916;
0.137186281372;0.137186300318;0.137186281372;0.000000018947;
0.137286271373;0.137286290349;0.137286271373;0.000000018977;
0.137386261374;0.137386280380;0.137386261374;0.000000019007;
0.137486251375;0.137486270411;0.137486251375;0.000000019036;
0.137586241376;0.137586260442;0.137586241376;0.000000019066;
0.137686231377;0.137686250473;0.137686231377;0.000000019096;
0.137786221378;0.137786240503;0.137786221378;0.000000019125;
0.137886211379;0.137886230534;0.137886211379;0.000000019155;
0.137986201380;0.137986220564;0.137986201380;0.000000019184;
0.138086191381;0.138086210594;0.138086191381;0.000000019213;
0.138186181382;0.138186200624;0.138186181382;0.000000019242;
0.138286171383;0.138286190654;0.138286171383;0.000000019271;
0.138386161384;0.138386180684;0.138386161384;0.000000019300;
0.138486151385;0.138486170714;0.138486151385;0.000000019329;
0.138586141386;0.138586160743;0.138586141386;0.000000019357;
0.138686131387;0.138686150773;0.138686131387;0.000000019386;
0.138786121388;0.138786140802;0.138786121388;0.000000019414;
0.138886111389;0.138886130831;0.138886111389;0.000000019443;
0.138986101390;0.138986120860;0.138986101390;0.000000019471;
0.139086091391;0.139086110889;0.139086091391;0.000000019499;
0.139186081392;0.139186100918;0.139186081392;0.000000019527;
0.139286071393;0.139286090947;0.139286071393;0.000000019554;
0.139386061394;0.139386080976;0.139386061394;0.000000019582;
0.139486051395;0.139486071004;0.139486051395;0.000000019609;
0.139586041396;0.139586061033;0.139586041396;0.000000019637;
0.139686031397;0.139686051061;0.139686031397;0.000000019664;
0.139786021398;0.139786041089;0.139786021398;0.000000019691;
0.139886011399;0.139886031117;0.139886011399;0.000000019718;
0.139986001400;0.139986021145;0.139986001400;0.000000019745;
0.140085991401;0.140086011172;0.140085991401;0.000000019772;
0.140185981402;0.140186001200;0.140185981402;0.000000019798;
0.140285971403;0.140285991228;0.140285971403;0.000000019825;
0.140385961404;0.140385981255;0.140385961404;0.000000019851;
0.140485951405;0.140485971282;0.140485951405;0.000000019877;
0.140585941406;0.140585961309;0.140585941406;0.000000019903;
0.140685931407;0.140685951336;0.140685931407;0.000000019929;
0.140785921408;0.140785941363;0.140785921408;0.000000019955;
0.140885911409;0.140885931389;0.140885911409;0.000000019980;
0.140985901410;0.140985921416;0.140985901410;0.000000020006;
0.141085891411;0.141085911442;0.141085891411;0.000000020031;
0.141185881412;0.141185901468;0.141185881412;0.000000020057;
0.141285871413;0.141285891494;0.141285871413;0.000000020082;
0.141385861414;0.141385881520;0.141385861414;0.000000020106;
0.141485851415;0.141485871546;0.141485851415;0.000000020131;
0.141585841416;0.141585861572;0.141585841416;0.000000020156;
0.141685831417;0.141685851597;0.141685831417;0.000000020180;
0.141785821418;0.141785841623;0.141785821418;0.000000020205;
0.141885811419;0.141885831648;0.141885811419;0.000000020229;
0.141985801420;0.141985821673;0.141985801420;0.000000020253;
0.142085791421;0.142085811698;0.142085791421;0.000000020277;
0.142185781422;0.142185801722;0.142185781422;0.000000020300;
0.142285771423;0.142285791747;0.142285771423;0.000000020324;
0.142385761424;0.142385781771;0.142385761424;0.000000020347;
0.142485751425;0.142485771796;0.142485751425;0.000000020371;
0.142585741426;0.142585761820;0.142585741426;0.000000020394;
0.142685731427;0.142685751844;0.142685731427;0.000000020417;
0.142785721428;0.142785741867;0.142785721428;0.000000020439;
0.142885711429;0.142885731891;0.142885711429;0.000000020462;
0.142985701430;0.142985721914;0.142985701430;0.000000020485;
0.143085691431;0.143085711938;0.143085691431;0.000000020507;
0.143185681432;0.143185701961;0.143185681432;0.000000020529;
0.143285671433;0.143285691984;0.143285671433;0.000000020551;
0.143385661434;0.143385682007;0.143385661434;0.000000020573;
0.143485651435;0.143485672029;0.143485651435;0.000000020594;
0.143585641436;0.143585662052;0.143585641436;0.000000020616;
0.143685631437;0.143685652074;0.143685631437;0.000000020637;
0.143785621438;0.143785642096;0.143785621438;0.000000020658;
0.143885611439;0.143885632118;0.143885611439;0.000000020679;
0.143985601440;0.143985622140;0.143985601440;0.000000020700;
0.144085591441;0.144085612162;0.144085591441;0.000000020721;
0.144185581442;0.144185602183;0.144185581442;0.000000020741;
0.144285571443;0.144285592204;0.144285571443;0.000000020761;
0.144385561444;0.144385582225;0.144385561444;0.000000020781;
0.144485551445;0.144485572246;0.144485551445;0.000000020801;
0.144585541446;0.144585562267;0.144585541446;0.000000020821;
0.144685531447;0.144685552288;0.144685531447;0.000000020841;
0.144785521448;0.144785542308;0.144785521448;0.000000020860;
0.144885511449;0.144885532328;0.144885511449;0.000000020879;
0.144985501450;0.144985522348;0.144985501450;0.000000020898;
0.145085491451;0.145085512368;0.145085491451;0.000000020917;
0.145185481452;0.145185502388;0.145185481452;0.000000020936;
0.145285471453;0.145285492407;0.145285471453;0.000000020954;
0.145385461454;0.145385482426;0.145385461454;0.000000020972;
0.145485451455;0.145485472445;0.145485451455;0.000000020991;
0.145585441456;0.145585462464;0.145585441456;0.000000021008;
0.145685431457;0.145685452483;0.145685431457;0.000000021026;
0.145785421458;0.145785442502;0.145785421458;0.000000021044;
0.145885411459;0.145885432520;0.145885411459;0.000000021061;
0.145985401460;0.145985422538;0.145985401460;0.000000021078;
0.146085391461;0.146085412556;0.146085391461;0.000000021095;
0.146185381462;0.146185402574;0.146185381462;0.000000021112;
0.146285371463;0.146285392591;0.146285371463;0.000000021128;
0.146385361464;0.146385382608;0.146385361464;0.000000021145;
0.146485351465;0.146485372626;0.146485351465;0.000000021161;
0.146585341466;0.146585362643;0.146585341466;0.000000021177;
0.146685331467;0.146685352659;0.146685331467;0.000000021192;
0.146785321468;0.146785342676;0.146785321468;0.000000021208;
0.146885311469;0.146885332692;0.146885311469;0.000000021223;
0.146985301470;0.146985322708;0.146985301470;0.000000021238;
0.147085291471;0.147085312724;0.147085291471;0.000000021253;
0.147185281472;0.147185302740;0.147185281472;0.000000021268;
0.147285271473;0.147285292755;0.147285271473;0.000000021283;
0.147385261474;0.147385282771;0.147385261474;0.000000021297;
0.147485251475;0.147485272786;0.147485251475;0.000000021311;
0.147585241476;0.147585262801;0.147585241476;0.000000021325;
0.147685231477;0.147685252815;0.147685231477;0.000000021338;
0.147785221478;0.147785242830;0.147785221478;0.000000021352;
0.147885211479;0.147885232844;0.147885211479;0.000000021365;
0.147985201480;0.147985222858;0.147985201480;0.000000021378;
0.148085191481;0.148085212872;0.148085191481;0.000000021391;
0.148185181482;0.148185202885;0.148185181482;0.000000021403;
0.148285171483;0.148285192899;0.148285171483;0.000000021416;
0.148385161484;0.148385182912;0.148385161484;0.000000021428;
0.148485151485;0.148485172925;0.148485151485;0.000000021440;
0.148585141486;0.148585162937;0.148585141486;0.000000021451;
0.148685131487;0.148685152950;0.148685131487;0.000000021463;
0.148785121488;0.148785142962;0.148785121488;0.000000021474;
0.148885111489;0.148885132974;0.148885111489;0.000000021485;
0.148985101490;0.148985122986;0.148985101490;0.000000021496;
0.149085091491;0.149085112997;0.149085091491;0.000000021506;
0.149185081492;0.149185103009;0.149185081492;0.000000021517;
0.149285071493;0.149285093020;0.149285071493;0.000000021527;
0.149385061494;0.149385083031;0.149385061494;0.000000021537;
0.149485051495;0.149485073041;0.149485051495;0.000000021546;
0.149585041496;0.149585063051;0.149585041496;0.000000021556;
0.149685031497;0.149685053062;0.149685031497;0.000000021565;
0.149785021498;0.149785043072;0.149785021498;0.000000021574;
0.149885011499;0.149885033081;0.149885011499;0.000000021582;
0.149985001500;0.149985023091;0.149985001500;0.000000021591;
0.150084991501;0.150085013100;0.150084991501;0.000000021599;
0.150184981502;0.150185003109;0.150184981502;0.000000021607;
0.150284971503;0.150284993117;0.150284971503;0.000000021614;
0.150384961504;0.150384983126;0.150384961504;0.000000021622;
0.150484951505;0.150484973134;0.150484951505;0.000000021629;
0.150584941506;0.150584963142;0.150584941506;0.000000021636;
0.150684931507;0.150684953150;0.150684931507;0.000000021643;
0.150784921508;0.150784943157;0.150784921508;0.000000021649;
0.150884911509;0.150884933164;0.150884911509;0.000000021655;
0.150984901510;0.150984923171;0.150984901510;0.000000021661;
0.151084891511;0.151084913178;0.151084891511;0.000000021667;
0.151184881512;0.151184903184;0.151184881512;0.000000021672;
0.151284871513;0.151284893190;0.151284871513;0.000000021677;
0.151384861514;0.151384883196;0.151384861514;0.000000021682;
0.151484851515;0.151484873202;0.151484851515;0.000000021687;
0.151584841516;0.151584863207;0.151584841516;0.000000021691;
0.151684831517;0.151684853212;0.151684831517;0.000000021696;
0.151784821518;0.151784843217;0.151784821518;0.000000021699;
0.151884811519;0.151884833222;0.151884811519;0.000000021703;
0.151984801520;0.151984823226;0.151984801520;0.000000021706;
0.152084791521;0.152084813230;0.152084791521;0.000000021709;
0.152184781522;0.152184803234;0.152184781522;0.000000021712;
0.152284771523;0.152284793237;0.152284771523;0.000000021715;
0.152384761524;0.152384783241;0.152384761524;0.000000021717;
0.152484751525;0.152484773244;0.152484751525;0.000000021719;
0.152584741526;0.152584763246;0.152584741526;0.000000021721;
0.152684731527;0.152684753249;0.152684731527;0.000000021722;
0.152784721528;0.152784743251;0.152784721528;0.000000021723;
0.152884711529;0.152884733253;0.152884711529;0.000000021724;
0.152984701530;0.152984723254;0.152984701530;0.000000021725;
0.153084691531;0.153084713256;0.153084691531;0.000000021725;
0.153184681532;0.153184703257;0.153184681532;0.000000021725;
0.153284671533;0.153284693258;0.153284671533;0.000000021725;
0.153384661534;0.153384683258;0.153384661534;0.000000021724;
0.153484651535;0.153484673258;0.153484651535;0.000000021723;
0.153584641536;0.153584663258;0.153584641536;0.000000021722;
0.153684631537;0.153684653258;0.153684631537;0.000000021721;
0.153784621538;0.153784643257;0.153784621538;0.000000021719;
0.153884611539;0.153884633256;0.153884611539;0.000000021717;
0.153984601540;0.153984623255;0.153984601540;0.000000021715;
0.154084591541;0.154084613253;0.154084591541;0.000000021712;
0.154184581542;0.154184603251;0.154184581542;0.000000021710;
0.154284571543;0.154284593249;0.154284571543;0.000000021706;
0.154384561544;0.154384583247;0.154384561544;0.000000021703;
0.154484551545;0.154484573244;0.154484551545;0.000000021699;
0.154584541546;0.154584563241;0.154584541546;0.000000021695;
0.154684531547;0.154684553238;0.154684531547;0.000000021691;
0.154784521548;0.154784543234;0.154784521548;0.000000021686;
0.154884511549;0.154884533230;0.154884511549;0.000000021681;
0.154984501550;0.154984523226;0.154984501550;0.000000021676;
0.155084491551;0.155084513222;0.155084491551;0.000000021671;
0.155184481552;0.155184503217;0.155184481552;0.000000021665;
0.155284471553;0.155284493212;0.155284471553;0.000000021659;
0.155384461554;0.155384483206;0.155384461554;0.000000021652;
0.155484451555;0.155484473200;0.155484451555;0.000000021646;
0.155584441556;0.155584463194;0.155584441556;0.000000021638;
0.155684431557;0.155684453188;0.155684431557;0.000000021631;
0.155784421558;0.155784443181;0.155784421558;0.000000021623;
0.155884411559;0.155884433174;0.155884411559;0.000000021615;
0.155984401560;0.155984423167;0.155984401560;0.000000021607;
0.156084391561;0.156084413159;0.156084391561;0.000000021598;
0.156184381562;0.156184403151;0.156184381562;0.000000021589;
0.156284371563;0.156284393143;0.156284371563;0.000000021580;
0.156384361564;0.156384383134;0.156384361564;0.000000021571;
0.156484351565;0.156484373126;0.156484351565;0.000000021561;
0.156584341566;0.156584363116;0.156584341566;0.000000021551;
0.156684331567;0.156684353107;0.156684331567;0.000000021540;
0.156784321568;0.156784343097;0.156784321568;0.000000021529;
0.156884311569;0.156884333087;0.156884311569;0.000000021518;
0.156984301570;0.156984323076;0.156984301570;0.000000021506;
0.157084291571;0.157084313065;0.157084291571;0.000000021495;
0.157184281572;0.157184303054;0.157184281572;0.000000021482;
0.157284271573;0.157284293043;0.157284271573;0.000000021470;
0.157384261574;0.157384283031;0.157384261574;0.000000021457;
0.157484251575;0.157484273019;0.157484251575;0.000000021444;
0.157584241576;0.157584263006;0.157584241576;0.000000021430;
0.157684231577;0.157684252993;0.157684231577;0.000000021416;
0.157784221578;0.157784242980;0.157784221578;0.000000021402;
0.157884211579;0.157884232967;0.157884211579;0.000000021388;
0.157984201580;0.157984222953;0.157984201580;0.000000021373;
0.158084191581;0.158084212939;0.158084191581;0.000000021358;
0.158184181582;0.158184202924;0.158184181582;0.000000021342;
0.158284171583;0.158284192909;0.158284171583;0.000000021326;
0.158384161584;0.158384182894;0.158384161584;0.000000021310;
0.158484151585;0.158484172878;0.158484151585;0.000000021294;
0.158584141586;0.158584162863;0.158584141586;0.000000021277;
0.158684131587;0.158684152846;0.158684131587;0.000000021260;
0.158784121588;0.158784142830;0.158784121588;0.000000021242;
0.158884111589;0.158884132813;0.158884111589;0.000000021224;
0.158984101590;0.158984122796;0.158984101590;0.000000021206;
0.159084091591;0.159084112778;0.159084091591;0.000000021187;
0.159184081592;0.159184102760;0.159184081592;0.000000021168;
0.159284071593;0.159284092742;0.159284071593;0.000000021149;
0.159384061594;0.159384082723;0.159384061594;0.000000021129;
0.159484051595;0.159484072704;0.159484051595;0.000000021109;
0.159584041596;0.159584062685;0.159584041596;0.000000021089;
0.159684031597;0.159684052665;0.159684031597;0.000000021068;
0.159784021598;0.159784042645;0.159784021598;0.000000021047;
0.159884011599;0.159884032624;0.159884011599;0.000000021025;
0.159984001600;0.159984022604;0.159984001600;0.000000021004;
0.160083991601;0.160084012582;0.160083991601;0.000000020981;
0.160183981602;0.160184002561;0.160183981602;0.000000020959;
0.160283971603;0.160283992539;0.160283971603;0.000000020936;
0.160383961604;0.160383982517;0.160383961604;0.000000020913;
0.160483951605;0.160483972494;0.160483951605;0.000000020889;
0.160583941606;0.160583962471;0.160583941606;0.000000020865;
0.160683931607;0.160683952448;0.160683931607;0.000000020841;
0.160783921608;0.160783942424;0.160783921608;0.000000020816;
0.160883911609;0.160883932400;0.160883911609;0.000000020791;
0.160983901610;0.160983922376;0.160983901610;0.000000020766;
0.161083891611;0.161083912351;0.161083891611;0.000000020740;
0.161183881612;0.161183902326;0.161183881612;0.000000020714;
0.161283871613;0.161283892300;0.161283871613;0.000000020687;
0.161383861614;0.161383882274;0.161383861614;0.000000020660;
0.161483851615;0.161483872248;0.161483851615;0.000000020633;
0.161583841616;0.161583862221;0.161583841616;0.000000020605;
0.161683831617;0.161683852194;0.161683831617;0.000000020577;
0.161783821618;0.161783842167;0.161783821618;0.000000020549;
0.161883811619;0.161883832139;0.161883811619;0.000000020520;
0.161983801620;0.161983822111;0.161983801620;0.000000020491;
0.162083791621;0.162083812082;0.162083791621;0.000000020461;
0.162183781622;0.162183802053;0.162183781622;0.000000020432;
0.162283771623;0.162283792024;0.162283771623;0.000000020401;
0.162383761624;0.162383781994;0.162383761624;0.000000020371;
0.162483751625;0.162483771964;0.162483751625;0.000000020340;
0.162583741626;0.162583761934;0.162583741626;0.000000020308;
0.162683731627;0.162683751903;0.162683731627;0.000000020276;
0.162783721628;0.162783741872;0.162783721628;0.000000020244;
0.162883711629;0.162883731840;0.162883711629;0.000000020212;
0.162983701630;0.162983721809;0.162983701630;0.000000020179;
0.163083691631;0.163083711776;0.163083691631;0.000000020145;
0.163183681632;0.163183701743;0.163183681632;0.000000020112;
0.163283671633;0.163283691710;0.163283671633;0.000000020078;
0.163383661634;0.163383681677;0.163383661634;0.000000020043;
0.163483651635;0.163483671643;0.163483651635;0.000000020008;
0.163583641636;0.163583661609;0.163583641636;0.000000019973;
0.163683631637;0.163683651574;0.163683631637;0.000000019937;
0.163783621638;0.163783641539;0.163783621638;0.000000019901;
0.163883611639;0.163883631504;0.163883611639;0.000000019865;
0.163983601640;0.163983621468;0.163983601640;0.000000019828;
0.164083591641;0.164083611432;0.164083591641;0.000000019791;
0.164183581642;0.164183601395;0.164183581642;0.000000019753;
0.164283571643;0.164283591358;0.164283571643;0.000000019715;
0.164383561644;0.164383581321;0.164383561644;0.000000019677;
0.164483551645;0.164483571283;0.164483551645;0.000000019638;
0.164583541646;0.164583561245;0.164583541646;0.000000019599;
0.164683531647;0.164683551206;0.164683531647;0.000000019559;
0.164783521648;0.164783541167;0.164783521648;0.000000019519;
0.164883511649;0.164883531128;0.164883511649;0.000000019479;
0.164983501650;0.164983521088;0.164983501650;0.000000019438;
0.165083491651;0.165083511048;0.165083491651;0.000000019397;
0.165183481652;0.165183501008;0.165183481652;0.000000019356;
0.165283471653;0.165283490967;0.165283471653;0.000000019314;
0.165383461654;0.165383480925;0.165383461654;0.000000019272;
0.165483451655;0.165483470884;0.165483451655;0.000000019229;
0.165583441656;0.165583460842;0.165583441656;0.000000019186;
0.165683431657;0.165683450799;0.165683431657;0.000000019142;
0.165783421658;0.165783440756;0.165783421658;0.000000019098;
0.165883411659;0.165883430713;0.165883411659;0.000000019054;
0.165983401660;0.165983420669;0.165983401660;0.000000019009;
0.166083391661;0.166083410625;0.166083391661;0.000000018964;
0.166183381662;0.166183400581;0.166183381662;0.000000018919;
0.166283371663;0.166283390536;0.166283371663;0.000000018873;
0.166383361664;0.166383380490;0.166383361664;0.000000018827;
0.166483351665;0.166483370445;0.166483351665;0.000000018780;
0.166583341666;0.166583360399;0.166583341666;0.000000018733;
0.166683331667;0.166683350352;0.166683331667;0.000000018685;
0.166783321668;0.166783340305;0.166783321668;0.000000018637;
0.166883311669;0.166883330258;0.166883311669;0.000000018589;
0.166983301670;0.166983320210;0.166983301670;0.000000018540;
0.167083291671;0.167083310162;0.167083291671;0.000000018491;
0.167183281672;0.167183300114;0.167183281672;0.000000018442;
0.167283271673;0.167283290065;0.167283271673;0.000000018392;
0.167383261674;0.167383280016;0.167383261674;0.000000018342;
0.167483251675;0.167483269966;0.167483251675;0.000000018291;
0.167583241676;0.167583259916;0.167583241676;0.000000018240;
0.167683231677;0.167683249865;0.167683231677;0.000000018188;
0.167783221678;0.167783239814;0.167783221678;0.000000018137;
0.167883211679;0.167883229763;0.167883211679;0.000000018084;
0.167983201680;0.167983219711;0.167983201680;0.000000018032;
0.168083191681;0.168083209659;0.168083191681;0.000000017978;
0.168183181682;0.168183199607;0.168183181682;0.000000017925;
0.168283171683;0.168283189554;0.168283171683;0.000000017871;
0.168383161684;0.168383179501;0.168383161684;0.000000017817;
0.168483151685;0.168483169447;0.168483151685;0.000000017762;
0.168583141686;0.168583159393;0.168583141686;0.000000017707;
0.168683131687;0.168683149338;0.168683131687;0.000000017651;
0.168783121688;0.168783139283;0.168783121688;0.000000017596;
0.168883111689;0.168883129228;0.168883111689;0.000000017539;
0.168983101690;0.168983119172;0.168983101690;0.000000017483;
0.169083091691;0.169083109116;0.169083091691;0.000000017425;
0.169183081692;0.169183099060;0.169183081692;0.000000017368;
0.169283071693;0.169283089003;0.169283071693;0.000000017310;
0.169383061694;0.169383078946;0.169383061694;0.000000017252;
0.169483051695;0.169483068888;0.169483051695;0.000000017193;
0.169583041696;0.169583058830;0.169583041696;0.000000017134;
0.169683031697;0.169683048771;0.169683031697;0.000000017075;
0.169783021698;0.169783038712;0.169783021698;0.000000017015;
0.169883011699;0.169883028653;0.169883011699;0.000000016954;
0.169983001700;0.169983018593;0.169983001700;0.000000016894;
0.170082991701;0.170083008533;0.170082991701;0.000000016833;
0.170182981702;0.170182998473;0.170182981702;0.000000016771;
0.170282971703;0.170282988412;0.170282971703;0.000000016709;
0.170382961704;0.170382978351;0.170382961704;0.000000016647;
0.170482951705;0.170482968289;0.170482951705;0.000000016584;
0.170582941706;0.170582958227;0.170582941706;0.000000016521;
0.170682931707;0.170682948165;0.170682931707;0.000000016458;
0.170782921708;0.170782938102;0.170782921708;0.000000016394;
0.170882911709;0.170882928039;0.170882911709;0.000000016330;
0.170982901710;0.170982917975;0.170982901710;0.000000016265;
0.171082891711;0.171082907911;0.171082891711;0.000000016200;
0.171182881712;0.171182897846;0.171182881712;0.000000016135;
0.171282871713;0.171282887782;0.171282871713;0.000000016069;
0.171382861714;0.171382877716;0.171382861714;0.000000016003;
0.171482851715;0.171482867651;0.171482851715;0.000000015936;
0.171582841716;0.171582857585;0.171582841716;0.000000015869;
0.171682831717;0.171682847519;0.171682831717;0.000000015802;
0.171782821718;0.171782837452;0.171782821718;0.000000015734;
0.171882811719;0.171882827385;0.171882811719;0.000000015666;
0.171982801720;0.171982817317;0.171982801720;0.000000015597;
0.172082791721;0.172082807249;0.172082791721;0.000000015528;
0.172182781722;0.172182797181;0.172182781722;0.000000015459;
0.172282771723;0.172282787112;0.172282771723;0.000000015389;
0.172382761724;0.172382777043;0.172382761724;0.000000015319;
0.172482751725;0.172482766974;0.172482751725;0.000000015249;
0.172582741726;0.172582756904;0.172582741726;0.000000015178;
0.172682731727;0.172682746834;0.172682731727;0.000000015107;
0.172782721728;0.172782736763;0.172782721728;0.000000015035;
0.172882711729;0.172882726692;0.172882711729;0.000000014963;
0.172982701730;0.172982716621;0.172982701730;0.000000014891;
0.173082691731;0.173082706549;0.173082691731;0.000000014818;
0.173182681732;0.173182696477;0.173182681732;0.000000014745;
0.173282671733;0.173282686405;0.173282671733;0.000000014672;
0.173382661734;0.173382676332;0.173382661734;0.000000014598;
0.173482651735;0.173482666259;0.173482651735;0.000000014524;
0.173582641736;0.173582656185;0.173582641736;0.000000014449;
0.173682631737;0.173682646111;0.173682631737;0.000000014374;
0.173782621738;0.173782636037;0.173782621738;0.000000014299;
0.173882611739;0.173882625962;0.173882611739;0.000000014223;
0.173982601740;0.173982615887;0.173982601740;0.000000014147;
0.174082591741;0.174082605812;0.174082591741;0.000000014071;
0.174182581742;0.174182595736;0.174182581742;0.000000013994;
0.174282571743;0.174282585660;0.174282571743;0.000000013917;
0.174382561744;0.174382575583;0.174382561744;0.000000013839;
0.174482551745;0.174482565506;0.174482551745;0.000000013762;
0.174582541746;0.174582555429;0.174582541746;0.000000013683;
0.174682531747;0.174682545352;0.174682531747;0.000000013605;
0.174782521748;0.174782535274;0.174782521748;0.000000013526;
0.174882511749;0.174882525195;0.174882511749;0.000000013447;
0.174982501750;0.174982515117;0.174982501750;0.000000013367;
0.175082491751;0.175082505038;0.175082491751;0.000000013287;
0.175182481752;0.175182494958;0.175182481752;0.000000013207;
0.175282471753;0.175282484879;0.175282471753;0.000000013126;
0.175382461754;0.175382474799;0.175382461754;0.000000013045;
0.175482451755;0.175482464718;0.175482451755;0.000000012964;
0.175582441756;0.175582454638;0.175582441756;0.000000012882;
0.175682431757;0.175682444557;0.175682431757;0.000000012800;
0.175782421758;0.175782434475;0.175782421758;0.000000012717;
0.175882411759;0.175882424393;0.175882411759;0.000000012635;
0.175982401760;0.175982414311;0.175982401760;0.000000012552;
0.176082391761;0.176082404229;0.176082391761;0.000000012468;
0.176182381762;0.176182394146;0.176182381762;0.000000012384;
0.176282371763;0.176282384063;0.176282371763;0.000000012300;
0.176382361764;0.176382373980;0.176382361764;0.000000012216;
0.176482351765;0.176482363896;0.176482351765;0.000000012131;
0.176582341766;0.176582353812;0.176582341766;0.000000012046;
0.176682331767;0.176682343727;0.176682331767;0.000000011961;
0.176782321768;0.176782333643;0.176782321768;0.000000011875;
0.176882311769;0.176882323558;0.176882311769;0.000000011789;
0.176982301770;0.176982313472;0.176982301770;0.000000011702;
0.177082291771;0.177082303387;0.177082291771;0.000000011616;
0.177182281772;0.177182293301;0.177182281772;0.000000011529;
0.177282271773;0.177282283214;0.177282271773;0.000000011441;
0.177382261774;0.177382273128;0.177382261774;0.000000011354;
0.177482251775;0.177482263041;0.177482251775;0.000000011266;
0.177582241776;0.177582252953;0.177582241776;0.000000011178;
0.177682231777;0.177682242866;0.177682231777;0.000000011089;
0.177782221778;0.177782232778;0.177782221778;0.000000011000;
0.177882211779;0.177882222690;0.177882211779;0.000000010911;
0.177982201780;0.177982212601;0.177982201780;0.000000010821;
0.178082191781;0.178082202513;0.178082191781;0.000000010732;
0.178182181782;0.178182192423;0.178182181782;0.000000010642;
0.178282171783;0.178282182334;0.178282171783;0.000000010551;
0.178382161784;0.178382172244;0.178382161784;0.000000010461;
0.178482151785;0.178482162154;0.178482151785;0.000000010370;
0.178582141786;0.178582152064;0.178582141786;0.000000010278;
0.178682131787;0.178682141974;0.178682131787;0.000000010187;
0.178782121788;0.178782131883;0.178782121788;0.000000010095;
0.178882111789;0.178882121792;0.178882111789;0.000000010003;
0.178982101790;0.178982111700;0.178982101790;0.000000009911;
0.179082091791;0.179082101609;0.179082091791;0.000000009818;
0.179182081792;0.179182091517;0.179182081792;0.000000009725;
0.179282071793;0.179282081425;0.179282071793;0.000000009632;
0.179382061794;0.179382071332;0.179382061794;0.000000009538;
0.179482051795;0.179482061239;0.179482051795;0.000000009444;
0.179582041796;0.179582051146;0.179582041796;0.000000009350;
0.179682031797;0.179682041053;0.179682031797;0.000000009256;
0.179782021798;0.179782030959;0.179782021798;0.000000009162;
0.179882011799;0.179882020866;0.179882011799;0.000000009067;
0.179982001800;0.179982010772;0.179982001800;0.000000008972;
0.180081991801;0.180082000677;0.180081991801;0.000000008876;
0.180181981802;0.180181990583;0.180181981802;0.000000008781;
0.180281971803;0.180281980488;0.180281971803;0.000000008685;
0.180381961804;0.180381970393;0.180381961804;0.000000008589;
0.180481951805;0.180481960297;0.180481951805;0.000000008493;
0.180581941806;0.180581950202;0.180581941806;0.000000008396;
0.180681931807;0.180681940106;0.180681931807;0.000000008299;
0.180781921808;0.180781930010;0.180781921808;0.000000008202;
0.180881911809;0.180881919914;0.180881911809;0.000000008105;
0.180981901810;0.180981909817;0.180981901810;0.000000008008;
0.181081891811;0.181081899721;0.181081891811;0.000000007910;
0.181181881812;0.181181889624;0.181181881812;0.000000007812;
0.181281871813;0.181281879526;0.181281871813;0.000000007714;
0.181381861814;0.181381869429;0.181381861814;0.000000007615;
0.181481851815;0.181481859331;0.181481851815;0.000000007517;
0.181581841816;0.181581849234;0.181581841816;0.000000007418;
0.181681831817;0.181681839136;0.181681831817;0.000000007319;
0.181781821818;0.181781829037;0.181781821818;0.000000007219;
0.181881811819;0.181881818939;0.181881811819;0.000000007120;
0.181981801820;0.181981808840;0.181981801820;0.000000007020;
0.182081791821;0.182081798741;0.182081791821;0.000000006920;
0.182181781822;0.182181788642;0.182181781822;0.000000006820;
0.182281771823;0.182281778543;0.182281771823;0.000000006720;
0.182381761824;0.182381768443;0.182381761824;0.000000006620;
0.182481751825;0.182481758344;0.182481751825;0.000000006519;
0.182581741826;0.182581748244;0.182581741826;0.000000006418;
0.182681731827;0.182681738144;0.182681731827;0.000000006317;
0.182781721828;0.182781728044;0.182781721828;0.000000006216;
0.182881711829;0.182881717943;0.182881711829;0.000000006114;
0.182981701830;0.182981707843;0.182981701830;0.000000006013;
0.183081691831;0.183081697742;0.183081691831;0.000000005911;
0.183181681832;0.183181687641;0.183181681832;0.000000005809;
0.183281671833;0.183281677540;0.183281671833;0.000000005707;
0.183381661834;0.183381667439;0.183381661834;0.000000005605;
0.183481651835;0.183481657337;0.183481651835;0.000000005502;
0.183581641836;0.183581647236;0.183581641836;0.000000005400;
0.183681631837;0.183681637134;0.183681631837;0.000000005297;
0.183781621838;0.183781627032;0.183781621838;0.000000005194;
0.183881611839;0.183881616930;0.183881611839;0.000000005091;
0.183981601840;0.183981606828;0.183981601840;0.000000004988;
0.184081591841;0.184081596725;0.184081591841;0.000000004884;
0.184181581842;0.184181586623;0.184181581842;0.000000004781;
0.184281571843;0.184281576520;0.184281571843;0.000000004677;
0.184381561844;0.184381566417;0.184381561844;0.000000004574;
0.184481551845;0.184481556315;0.184481551845;0.000000004470;
0.184581541846;0.184581546212;0.184581541846;0.000000004366;
0.184681531847;0.184681536108;0.184681531847;0.000000004262;
0.184781521848;0.184781526005;0.184781521848;0.000000004157;
0.184881511849;0.184881515902;0.184881511849;0.000000004053;
0.184981501850;0.184981505798;0.184981501850;0.000000003948;
0.185081491851;0.185081495695;0.185081491851;0.000000003844;
0.185181481852;0.185181485591;0.185181481852;0.000000003739;
0.185281471853;0.185281475487;0.185281471853;0.000000003634;
0.185381461854;0.185381465383;0.185381461854;0.000000003529;
0.185481451855;0.185481455279;0.185481451855;0.000000003424;
0.185581441856;0.185581445175;0.185581441856;0.000000003319;
0.185681431857;0.185681435071;0.185681431857;0.000000003214;
0.185781421858;0.185781424966;0.185781421858;0.000000003108;
0.185881411859;0.185881414862;0.185881411859;0.000000003003;
0.185981401860;0.185981404757;0.185981401860;0.000000002897;
0.186081391861;0.186081394653;0.186081391861;0.000000002792;
0.186181381862;0.186181384548;0.186181381862;0.000000002686;
0.186281371863;0.186281374443;0.186281371863;0.000000002580;
0.186381361864;0.186381364338;0.186381361864;0.000000002475;
0.186481351865;0.186481354233;0.186481351865;0.000000002369;
0.186581341866;0.186581344128;0.186581341866;0.000000002263;
0.186681331867;0.186681334023;0.186681331867;0.000000002157;
0.186781321868;0.186781323918;0.186781321868;0.000000002050;
0.186881311869;0.186881313813;0.186881311869;0.000000001944;
0.186981301870;0.186981303708;0.186981301870;0.000000001838;
0.187081291871;0.187081293603;0.187081291871;0.000000001732;
0.187181281872;0.187181283497;0.187181281872;0.000000001626;
0.187281271873;0.187281273392;0.187281271873;0.000000001519;
0.187381261874;0.187381263287;0.187381261874;0.000000001413;
0.187481251875;0.187481253181;0.187481251875;0.000000001306;
0.187581241876;0.187581243076;0.187581241876;0.000000001200;
0.187681231877;0.187681232970;0.187681231877;0.000000001093;
0.187781221878;0.187781222865;0.187781221878;0.000000000987;
0.187881211879;0.187881212759;0.187881211879;0.000000000880;
0.187981201880;0.187981202654;0.187981201880;0.000000000774;
0.188081191881;0.188081192548;0.188081191881;0.000000000667;
0.188181181882;0.188181182442;0.188181181882;0.000000000561;
0.188281171883;0.188281172337;0.188281171883;0.000000000454;
0.188381161884;0.188381162231;0.188381161884;0.000000000347;
0.188481151885;0.188481152126;0.188481151885;0.000000000241;
0.188581141886;0.188581142020;0.188581141886;0.000000000134;
0.188681131887;0.188681131914;0.188681131887;0.000000000027;
0.188781121888;0.188781121809;0.188781121888;0.000000000079;
0.188881111889;0.188881111703;0.188881111889;0.000000000186;
0.188981101890;0.188981101597;0.188981101890;0.000000000292;
0.189081091891;0.189081091492;0.189081091891;0.000000000399;
0.189181081892;0.189181081386;0.189181081892;0.000000000506;
0.189281071893;0.189281071281;0.189281071893;0.000000000612;
0.189381061894;0.189381061175;0.189381061894;0.000000000719;
0.189481051895;0.189481051070;0.189481051895;0.000000000825;
0.189581041896;0.189581040964;0.189581041896;0.000000000932;
0.189681031897;0.189681030859;0.189681031897;0.000000001038;
0.189781021898;0.189781020753;0.189781021898;0.000000001145;
0.189881011899;0.189881010648;0.189881011899;0.000000001251;
0.189981001900;0.189981000543;0.189981001900;0.000000001357;
0.190080991901;0.190080990437;0.190080991901;0.000000001463;
0.190180981902;0.190180980332;0.190180981902;0.000000001570;
0.190280971903;0.190280970227;0.190280971903;0.000000001676;
0.190380961904;0.190380960122;0.190380961904;0.000000001782;
0.190480951905;0.190480950017;0.190480951905;0.000000001888;
0.190580941906;0.190580939912;0.190580941906;0.000000001994;
0.190680931907;0.190680929807;0.190680931907;0.000000002100;
0.190780921908;0.190780919702;0.190780921908;0.000000002206;
0.190880911909;0.190880909597;0.190880911909;0.000000002312;
0.190980901910;0.190980899493;0.190980901910;0.000000002417;
0.191080891911;0.191080889388;0.191080891911;0.000000002523;
0.191180881912;0.191180879283;0.191180881912;0.000000002628;
0.191280871913;0.191280869179;0.191280871913;0.000000002734;
0.191380861914;0.191380859074;0.191380861914;0.000000002839;
0.191480851915;0.191480848970;0.191480851915;0.000000002945;
0.191580841916;0.191580838866;0.191580841916;0.000000003050;
0.191680831917;0.191680828762;0.191680831917;0.000000003155;
0.191780821918;0.191780818658;0.191780821918;0.000000003260;
0.191880811919;0.191880808554;0.191880811919;0.000000003365;
0.191980801920;0.191980798450;0.191980801920;0.000000003470;
0.192080791921;0.192080788347;0.192080791921;0.000000003574;
0.192180781922;0.192180778243;0.192180781922;0.000000003679;
0.192280771923;0.192280768140;0.192280771923;0.000000003783;
0.192380761924;0.192380758036;0.192380761924;0.000000003887;
0.192480751925;0.192480747933;0.192480751925;0.000000003992;
0.192580741926;0.192580737830;0.192580741926;0.000000004096;
0.192680731927;0.192680727727;0.192680731927;0.000000004200;
0.192780721928;0.192780717624;0.192780721928;0.000000004303;
0.192880711929;0.192880707522;0.192880711929;0.000000004407;
0.192980701930;0.192980697419;0.192980701930;0.000000004511;
0.193080691931;0.193080687317;0.193080691931;0.000000004614;
0.193180681932;0.193180677215;0.193180681932;0.000000004717;
0.193280671933;0.193280667112;0.193280671933;0.000000004820;
0.193380661934;0.193380657010;0.193380661934;0.000000004923;
0.193480651935;0.193480646909;0.193480651935;0.000000005026;
0.193580641936;0.193580636807;0.193580641936;0.000000005129;
0.193680631937;0.193680626706;0.193680631937;0.000000005231;
0.193780621938;0.193780616604;0.193780621938;0.000000005334;
0.193880611939;0.193880606503;0.193880611939;0.000000005436;
0.193980601940;0.193980596402;0.193980601940;0.000000005538;
0.194080591941;0.194080586301;0.194080591941;0.000000005639;
0.194180581942;0.194180576201;0.194180581942;0.000000005741;
0.194280571943;0.194280566100;0.194280571943;0.000000005843;
0.194380561944;0.194380556000;0.194380561944;0.000000005944;
0.194480551945;0.194480545900;0.194480551945;0.000000006045;
0.194580541946;0.194580535800;0.194580541946;0.000000006146;
0.194680531947;0.194680525700;0.194680531947;0.000000006247;
0.194780521948;0.194780515601;0.194780521948;0.000000006347;
0.194880511949;0.194880505501;0.194880511949;0.000000006447;
0.194980501950;0.194980495402;0.194980501950;0.000000006548;
0.195080491951;0.195080485303;0.195080491951;0.000000006648;
0.195180481952;0.195180475205;0.195180481952;0.000000006747;
0.195280471953;0.195280465106;0.195280471953;0.000000006847;
0.195380461954;0.195380455008;0.195380461954;0.000000006946;
0.195480451955;0.195480444910;0.195480451955;0.000000007045;
0.195580441956;0.195580434812;0.195580441956;0.000000007144;
0.195680431957;0.195680424714;0.195680431957;0.000000007243;
0.195780421958;0.195780414617;0.195780421958;0.000000007341;
0.195880411959;0.195880404519;0.195880411959;0.000000007440;
0.195980401960;0.195980394422;0.195980401960;0.000000007538;
0.196080391961;0.196080384325;0.196080391961;0.000000007635;
0.196180381962;0.196180374229;0.196180381962;0.000000007733;
0.196280371963;0.196280364133;0.196280371963;0.000000007830;
0.196380361964;0.196380354036;0.196380361964;0.000000007927;
0.196480351965;0.196480343941;0.196480351965;0.000000008024;
0.196580341966;0.196580333845;0.196580341966;0.000000008121;
0.196680331967;0.196680323750;0.196680331967;0.000000008217;
0.196780321968;0.196780313654;0.196780321968;0.000000008313;
0.196880311969;0.196880303560;0.196880311969;0.000000008409;
0.196980301970;0.196980293465;0.196980301970;0.000000008505;
0.197080291971;0.197080283371;0.197080291971;0.000000008600;
0.197180281972;0.197180273276;0.197180281972;0.000000008695;
0.197280271973;0.197280263182;0.197280271973;0.000000008790;
0.197380261974;0.197380253089;0.197380261974;0.000000008885;
0.197480251975;0.197480242996;0.197480251975;0.000000008979;
0.197580241976;0.197580232902;0.197580241976;0.000000009073;
0.197680231977;0.197680222810;0.197680231977;0.000000009167;
0.197780221978;0.197780212717;0.197780221978;0.000000009261;
0.197880211979;0.197880202625;0.197880211979;0.000000009354;
0.197980201980;0.197980192533;0.197980201980;0.000000009447;
0.198080191981;0.198080182441;0.198080191981;0.000000009540;
0.198180181982;0.198180172350;0.198180181982;0.000000009632;
0.198280171983;0.198280162258;0.198280171983;0.000000009724;
0.198380161984;0.198380152167;0.198380161984;0.000000009816;
0.198480151985;0.198480142077;0.198480151985;0.000000009908;
0.198580141986;0.198580131986;0.198580141986;0.000000009999;
0.198680131987;0.198680121896;0.198680131987;0.000000010090;
0.198780121988;0.198780111807;0.198780121988;0.000000010181;
0.198880111989;0.198880101717;0.198880111989;0.000000010272;
0.198980101990;0.198980091628;0.198980101990;0.000000010362;
0.199080091991;0.199080081539;0.199080091991;0.000000010452;
0.199180081992;0.199180071451;0.199180081992;0.000000010541;
0.199280071993;0.199280061362;0.199280071993;0.000000010630;
0.199380061994;0.199380051274;0.199380061994;0.000000010719;
0.199480051995;0.199480041187;0.199480051995;0.000000010808;
0.199580041996;0.199580031099;0.199580041996;0.000000010896;
0.199680031997;0.199680021012;0.199680031997;0.000000010984;
0.199780021998;0.199780010926;0.199780021998;0.000000011072;
0.199880011999;0.199880000839;0.199880011999;0.000000011160;
0.199980002000;0.199979990753;0.199980002000;0.000000011247;
0.200079992001;0.200079980667;0.200079992001;0.000000011333;
0.200179982002;0.200179970582;0.200179982002;0.000000011420;
0.200279972003;0.200279960497;0.200279972003;0.000000011506;
0.200379962004;0.200379950412;0.200379962004;0.000000011592;
0.200479952005;0.200479940327;0.200479952005;0.000000011677;
0.200579942006;0.200579930243;0.200579942006;0.000000011763;
0.200679932007;0.200679920159;0.200679932007;0.000000011847;
0.200779922008;0.200779910076;0.200779922008;0.000000011932;
0.200879912009;0.200879899993;0.200879912009;0.000000012016;
0.200979902010;0.200979889910;0.200979902010;0.000000012100;
0.201079892011;0.201079879827;0.201079892011;0.000000012184;
0.201179882012;0.201179869745;0.201179882012;0.000000012267;
0.201279872013;0.201279859663;0.201279872013;0.000000012350;
0.201379862014;0.201379849582;0.201379862014;0.000000012432;
0.201479852015;0.201479839501;0.201479852015;0.000000012514;
0.201579842016;0.201579829420;0.201579842016;0.000000012596;
0.201679832017;0.201679819339;0.201679832017;0.000000012678;
0.201779822018;0.201779809259;0.201779822018;0.000000012759;
0.201879812019;0.201879799179;0.201879812019;0.000000012839;
0.201979802020;0.201979789100;0.201979802020;0.000000012920;
0.202079792021;0.202079779021;0.202079792021;0.000000013000;
0.202179782022;0.202179768942;0.202179782022;0.000000013080;
0.202279772023;0.202279758864;0.202279772023;0.000000013159;
0.202379762024;0.202379748786;0.202379762024;0.000000013238;
0.202479752025;0.202479738708;0.202479752025;0.000000013317;
0.202579742026;0.202579728631;0.202579742026;0.000000013395;
0.202679732027;0.202679718554;0.202679732027;0.000000013473;
0.202779722028;0.202779708477;0.202779722028;0.000000013551;
0.202879712029;0.202879698401;0.202879712029;0.000000013628;
0.202979702030;0.202979688325;0.202979702030;0.000000013705;
0.203079692031;0.203079678250;0.203079692031;0.000000013781;
0.203179682032;0.203179668174;0.203179682032;0.000000013857;
0.203279672033;0.203279658100;0.203279672033;0.000000013933;
0.203379662034;0.203379648025;0.203379662034;0.000000014009;
0.203479652035;0.203479637951;0.203479652035;0.000000014084;
0.203579642036;0.203579627877;0.203579642036;0.000000014158;
0.203679632037;0.203679617804;0.203679632037;0.000000014233;
0.203779622038;0.203779607731;0.203779622038;0.000000014307;
0.203879612039;0.203879597659;0.203879612039;0.000000014380;
0.203979602040;0.203979587586;0.203979602040;0.000000014453;
0.204079592041;0.204079577515;0.204079592041;0.000000014526;
0.204179582042;0.204179567443;0.204179582042;0.000000014599;
0.204279572043;0.204279557372;0.204279572043;0.000000014671;
0.204379562044;0.204379547301;0.204379562044;0.000000014742;
0.204479552045;0.204479537231;0.204479552045;0.000000014814;
0.204579542046;0.204579527161;0.204579542046;0.000000014885;
0.204679532047;0.204679517092;0.204679532047;0.000000014955;
0.204779522048;0.204779507023;0.204779522048;0.000000015025;
0.204879512049;0.204879496954;0.204879512049;0.000000015095;
0.204979502050;0.204979486885;0.204979502050;0.000000015164;
0.205079492051;0.205079476817;0.205079492051;0.000000015233;
0.205179482052;0.205179466750;0.205179482052;0.000000015302;
0.205279472053;0.205279456682;0.205279472053;0.000000015370;
0.205379462054;0.205379446616;0.205379462054;0.000000015438;
0.205479452055;0.205479436549;0.205479452055;0.000000015506;
0.205579442056;0.205579426483;0.205579442056;0.000000015573;
0.205679432057;0.205679416417;0.205679432057;0.000000015639;
0.205779422058;0.205779406352;0.205779422058;0.000000015706;
0.205879412059;0.205879396287;0.205879412059;0.000000015772;
0.205979402060;0.205979386223;0.205979402060;0.000000015837;
0.206079392061;0.206079376158;0.206079392061;0.000000015902;
0.206179382062;0.206179366095;0.206179382062;0.000000015967;
0.206279372063;0.206279356031;0.206279372063;0.000000016031;
0.206379362064;0.206379345968;0.206379362064;0.000000016095;
0.206479352065;0.206479335906;0.206479352065;0.000000016159;
0.206579342066;0.206579325844;0.206579342066;0.000000016222;
0.206679332067;0.206679315782;0.206679332067;0.000000016285;
0.206779322068;0.206779305721;0.206779322068;0.000000016347;
0.206879312069;0.206879295660;0.206879312069;0.000000016409;
0.206979302070;0.206979285599;0.206979302070;0.000000016471;
0.207079292071;0.207079275539;0.207079292071;0.000000016532;
0.207179282072;0.207179265479;0.207179282072;0.000000016593;
0.207279272073;0.207279255420;0.207279272073;0.000000016653;
0.207379262074;0.207379245361;0.207379262074;0.000000016713;
0.207479252075;0.207479235302;0.207479252075;0.000000016773;
0.207579242076;0.207579225244;0.207579242076;0.000000016832;
0.207679232077;0.207679215186;0.207679232077;0.000000016891;
0.207779222078;0.207779205129;0.207779222078;0.000000016949;
0.207879212079;0.207879195072;0.207879212079;0.000000017007;
0.207979202080;0.207979185015;0.207979202080;0.000000017065;
0.208079192081;0.208079174959;0.208079192081;0.000000017122;
0.208179182082;0.208179164903;0.208179182082;0.000000017179;
0.208279172083;0.208279154847;0.208279172083;0.000000017235;
0.208379162084;0.208379144792;0.208379162084;0.000000017291;
0.208479152085;0.208479134738;0.208479152085;0.000000017347;
0.208579142086;0.208579124684;0.208579142086;0.000000017402;
0.208679132087;0.208679114630;0.208679132087;0.000000017457;
0.208779122088;0.208779104576;0.208779122088;0.000000017511;
0.208879112089;0.208879094523;0.208879112089;0.000000017565;
0.208979102090;0.208979084471;0.208979102090;0.000000017619;
0.209079092091;0.209079074419;0.209079092091;0.000000017672;
0.209179082092;0.209179064367;0.209179082092;0.000000017725;
0.209279072093;0.209279054315;0.209279072093;0.000000017777;
0.209379062094;0.209379044264;0.209379062094;0.000000017829;
0.209479052095;0.209479034214;0.209479052095;0.000000017881;
0.209579042096;0.209579024164;0.209579042096;0.000000017932;
0.209679032097;0.209679014114;0.209679032097;0.000000017983;
0.209779022098;0.209779004064;0.209779022098;0.000000018033;
0.209879012099;0.209878994015;0.209879012099;0.000000018083;
0.209979002100;0.209978983967;0.209979002100;0.000000018133;
0.210078992101;0.210078973918;0.210078992101;0.000000018182;
0.210178982102;0.210178963871;0.210178982102;0.000000018231;
0.210278972103;0.210278953823;0.210278972103;0.000000018280;
0.210378962104;0.210378943776;0.210378962104;0.000000018328;
0.210478952105;0.210478933730;0.210478952105;0.000000018375;
0.210578942106;0.210578923683;0.210578942106;0.000000018422;
0.210678932107;0.210678913638;0.210678932107;0.000000018469;
0.210778922108;0.210778903592;0.210778922108;0.000000018516;
0.210878912109;0.210878893547;0.210878912109;0.000000018562;
0.210978902110;0.210978883503;0.210978902110;0.000000018607;
0.211078892111;0.211078873458;0.211078892111;0.000000018652;
0.211178882112;0.211178863415;0.211178882112;0.000000018697;
0.211278872113;0.211278853371;0.211278872113;0.000000018742;
0.211378862114;0.211378843328;0.211378862114;0.000000018786;
0.211478852115;0.211478833286;0.211478852115;0.000000018829;
0.211578842116;0.211578823243;0.211578842116;0.000000018872;
0.211678832117;0.211678813202;0.211678832117;0.000000018915;
0.211778822118;0.211778803160;0.211778822118;0.000000018958;
0.211878812119;0.211878793119;0.211878812119;0.000000019000;
0.211978802120;0.211978783078;0.211978802120;0.000000019041;
0.212078792121;0.212078773038;0.212078792121;0.000000019083;
0.212178782122;0.212178762998;0.212178782122;0.000000019123;
0.212278772123;0.212278752959;0.212278772123;0.000000019164;
0.212378762124;0.212378742920;0.212378762124;0.000000019204;
0.212478752125;0.212478732881;0.212478752125;0.000000019244;
0.212578742126;0.212578722843;0.212578742126;0.000000019283;
0.212678732127;0.212678712805;0.212678732127;0.000000019322;
0.212778722128;0.212778702768;0.212778722128;0.000000019360;
0.212878712129;0.212878692731;0.212878712129;0.000000019398;
0.212978702130;0.212978682694;0.212978702130;0.000000019436;
0.213078692131;0.213078672658;0.213078692131;0.000000019473;
0.213178682132;0.213178662622;0.213178682132;0.000000019510;
0.213278672133;0.213278652586;0.213278672133;0.000000019547;
0.213378662134;0.213378642551;0.213378662134;0.000000019583;
0.213478652135;0.213478632516;0.213478652135;0.000000019619;
0.213578642136;0.213578622482;0.213578642136;0.000000019654;
0.213678632137;0.213678612448;0.213678632137;0.000000019689;
0.213778622138;0.213778602414;0.213778622138;0.000000019724;
0.213878612139;0.213878592381;0.213878612139;0.000000019758;
0.213978602140;0.213978582348;0.213978602140;0.000000019792;
0.214078592141;0.214078572316;0.214078592141;0.000000019825;
0.214178582142;0.214178562284;0.214178582142;0.000000019858;
0.214278572143;0.214278552252;0.214278572143;0.000000019891;
0.214378562144;0.214378542221;0.214378562144;0.000000019923;
0.214478552145;0.214478532190;0.214478552145;0.000000019955;
0.214578542146;0.214578522159;0.214578542146;0.000000019987;
0.214678532147;0.214678512129;0.214678532147;0.000000020018;
0.214778522148;0.214778502099;0.214778522148;0.000000020048;
0.214878512149;0.214878492070;0.214878512149;0.000000020079;
0.214978502150;0.214978482041;0.214978502150;0.000000020109;
0.215078492151;0.215078472012;0.215078492151;0.000000020138;
0.215178482152;0.215178461984;0.215178482152;0.000000020168;
0.215278472153;0.215278451956;0.215278472153;0.000000020197;
0.215378462154;0.215378441929;0.215378462154;0.000000020225;
0.215478452155;0.215478431902;0.215478452155;0.000000020253;
0.215578442156;0.215578421875;0.215578442156;0.000000020281;
0.215678432157;0.215678411848;0.215678432157;0.000000020308;
0.215778422158;0.215778401822;0.215778422158;0.000000020335;
0.215878412159;0.215878391797;0.215878412159;0.000000020362;
0.215978402160;0.215978381771;0.215978402160;0.000000020388;
0.216078392161;0.216078371747;0.216078392161;0.000000020414;
0.216178382162;0.216178361722;0.216178382162;0.000000020440;
0.216278372163;0.216278351698;0.216278372163;0.000000020465;
0.216378362164;0.216378341674;0.216378362164;0.000000020490;
0.216478352165;0.216478331651;0.216478352165;0.000000020514;
0.216578342166;0.216578321627;0.216578342166;0.000000020538;
0.216678332167;0.216678311605;0.216678332167;0.000000020562;
0.216778322168;0.216778301582;0.216778322168;0.000000020585;
0.216878312169;0.216878291560;0.216878312169;0.000000020608;
0.216978302170;0.216978281539;0.216978302170;0.000000020631;
0.217078292171;0.217078271518;0.217078292171;0.000000020653;
0.217178282172;0.217178261497;0.217178282172;0.000000020675;
0.217278272173;0.217278251476;0.217278272173;0.000000020697;
0.217378262174;0.217378241456;0.217378262174;0.000000020718;
0.217478252175;0.217478231436;0.217478252175;0.000000020739;
0.217578242176;0.217578221417;0.217578242176;0.000000020759;
0.217678232177;0.217678211397;0.217678232177;0.000000020779;
0.217778222178;0.217778201379;0.217778222178;0.000000020799;
0.217878212179;0.217878191360;0.217878212179;0.000000020819;
0.217978202180;0.217978181342;0.217978202180;0.000000020838;
0.218078192181;0.218078171324;0.218078192181;0.000000020856;
0.218178182182;0.218178161307;0.218178182182;0.000000020875;
0.218278172183;0.218278151290;0.218278172183;0.000000020893;
0.218378162184;0.218378141273;0.218378162184;0.000000020910;
0.218478152185;0.218478131257;0.218478152185;0.000000020928;
0.218578142186;0.218578121241;0.218578142186;0.000000020945;
0.218678132187;0.218678111225;0.218678132187;0.000000020961;
0.218778122188;0.218778101210;0.218778122188;0.000000020978;
0.218878112189;0.218878091195;0.218878112189;0.000000020994;
0.218978102190;0.218978081180;0.218978102190;0.000000021009;
0.219078092191;0.219078071166;0.219078092191;0.000000021025;
0.219178082192;0.219178061152;0.219178082192;0.000000021040;
0.219278072193;0.219278051139;0.219278072193;0.000000021054;
0.219378062194;0.219378041125;0.219378062194;0.000000021068;
0.219478052195;0.219478031112;0.219478052195;0.000000021082;
0.219578042196;0.219578021100;0.219578042196;0.000000021096;
0.219678032197;0.219678011088;0.219678032197;0.000000021109;
0.219778022198;0.219778001076;0.219778022198;0.000000021122;
0.219878012199;0.219877991064;0.219878012199;0.000000021135;
0.219978002200;0.219977981053;0.219978002200;0.000000021147;
0.220077992201;0.220077971042;0.220077992201;0.000000021159;
0.220177982202;0.220177961031;0.220177982202;0.000000021171;
0.220277972203;0.220277951021;0.220277972203;0.000000021182;
0.220377962204;0.220377941011;0.220377962204;0.000000021193;
0.220477952205;0.220477931001;0.220477952205;0.000000021203;
0.220577942206;0.220577920992;0.220577942206;0.000000021214;
0.220677932207;0.220677910983;0.220677932207;0.000000021224;
0.220777922208;0.220777900974;0.220777922208;0.000000021233;
0.220877912209;0.220877890966;0.220877912209;0.000000021243;
0.220977902210;0.220977880958;0.220977902210;0.000000021252;
0.221077892211;0.221077870950;0.221077892211;0.000000021261;
0.221177882212;0.221177860943;0.221177882212;0.000000021269;
0.221277872213;0.221277850936;0.221277872213;0.000000021277;
0.221377862214;0.221377840929;0.221377862214;0.000000021285;
0.221477852215;0.221477830922;0.221477852215;0.000000021292;
0.221577842216;0.221577820916;0.221577842216;0.000000021299;
0.221677832217;0.221677810910;0.221677832217;0.000000021306;
0.221777822218;0.221777800905;0.221777822218;0.000000021313;
0.221877812219;0.221877790900;0.221877812219;0.000000021319;
0.221977802220;0.221977780895;0.221977802220;0.000000021325;
0.222077792221;0.222077770890;0.222077792221;0.000000021331;
0.222177782222;0.222177760886;0.222177782222;0.000000021336;
0.222277772223;0.222277750882;0.222277772223;0.000000021341;
0.222377762224;0.222377740878;0.222377762224;0.000000021346;
0.222477752225;0.222477730875;0.222477752225;0.000000021350;
0.222577742226;0.222577720872;0.222577742226;0.000000021354;
0.222677732227;0.222677710869;0.222677732227;0.000000021358;
0.222777722228;0.222777700866;0.222777722228;0.000000021361;
0.222877712229;0.222877690864;0.222877712229;0.000000021365;
0.222977702230;0.222977680862;0.222977702230;0.000000021368;
0.223077692231;0.223077670861;0.223077692231;0.000000021370;
0.223177682232;0.223177660859;0.223177682232;0.000000021373;
0.223277672233;0.223277650858;0.223277672233;0.000000021375;
0.223377662234;0.223377640857;0.223377662234;0.000000021376;
0.223477652235;0.223477630857;0.223477652235;0.000000021378;
0.223577642236;0.223577620857;0.223577642236;0.000000021379;
0.223677632237;0.223677610857;0.223677632237;0.000000021380;
0.223777622238;0.223777600857;0.223777622238;0.000000021381;
0.223877612239;0.223877590858;0.223877612239;0.000000021381;
0.223977602240;0.223977580859;0.223977602240;0.000000021381;
0.224077592241;0.224077570860;0.224077592241;0.000000021381;
0.224177582242;0.224177560862;0.224177582242;0.000000021380;
0.224277572243;0.224277550863;0.224277572243;0.000000021379;
0.224377562244;0.224377540865;0.224377562244;0.000000021378;
0.224477552245;0.224477530868;0.224477552245;0.000000021377;
0.224577542246;0.224577520870;0.224577542246;0.000000021375;
0.224677532247;0.224677510873;0.224677532247;0.000000021373;
0.224777522248;0.224777500876;0.224777522248;0.000000021371;
0.224877512249;0.224877490880;0.224877512249;0.000000021369;
0.224977502250;0.224977480884;0.224977502250;0.000000021366;
0.225077492251;0.225077470888;0.225077492251;0.000000021363;
0.225177482252;0.225177460892;0.225177482252;0.000000021360;
0.225277472253;0.225277450896;0.225277472253;0.000000021356;
0.225377462254;0.225377440901;0.225377462254;0.000000021353;
0.225477452255;0.225477430906;0.225477452255;0.000000021349;
0.225577442256;0.225577420911;0.225577442256;0.000000021344;
0.225677432257;0.225677410917;0.225677432257;0.000000021340;
0.225777422258;0.225777400923;0.225777422258;0.000000021335;
0.225877412259;0.225877390929;0.225877412259;0.000000021330;
0.225977402260;0.225977380935;0.225977402260;0.000000021324;
0.226077392261;0.226077370942;0.226077392261;0.000000021319;
0.226177382262;0.226177360949;0.226177382262;0.000000021313;
0.226277372263;0.226277350956;0.226277372263;0.000000021307;
0.226377362264;0.226377340963;0.226377362264;0.000000021301;
0.226477352265;0.226477330971;0.226477352265;0.000000021294;
0.226577342266;0.226577320979;0.226577342266;0.000000021287;
0.226677332267;0.226677310987;0.226677332267;0.000000021280;
0.226777322268;0.226777300995;0.226777322268;0.000000021273;
0.226877312269;0.226877291004;0.226877312269;0.000000021265;
0.226977302270;0.226977281013;0.226977302270;0.000000021257;
0.227077292271;0.227077271022;0.227077292271;0.000000021249;
0.227177282272;0.227177261031;0.227177282272;0.000000021241;
0.227277272273;0.227277251041;0.227277272273;0.000000021232;
0.227377262274;0.227377241050;0.227377262274;0.000000021223;
0.227477252275;0.227477231060;0.227477252275;0.000000021214;
0.227577242276;0.227577221071;0.227577242276;0.000000021205;
0.227677232277;0.227677211081;0.227677232277;0.000000021195;
0.227777222278;0.227777201092;0.227777222278;0.000000021186;
0.227877212279;0.227877191103;0.227877212279;0.000000021176;
0.227977202280;0.227977181114;0.227977202280;0.000000021165;
0.228077192281;0.228077171126;0.228077192281;0.000000021155;
0.228177182282;0.228177161137;0.228177182282;0.000000021144;
0.228277172283;0.228277151149;0.228277172283;0.000000021133;
0.228377162284;0.228377141162;0.228377162284;0.000000021122;
0.228477152285;0.228477131174;0.228477152285;0.000000021111;
0.228577142286;0.228577121187;0.228577142286;0.000000021099;
0.228677132287;0.228677111199;0.228677132287;0.000000021087;
0.228777122288;0.228777101212;0.228777122288;0.000000021075;
0.228877112289;0.228877091226;0.228877112289;0.000000021063;
0.228977102290;0.228977081239;0.228977102290;0.000000021051;
0.229077092291;0.229077071253;0.229077092291;0.000000021038;
0.229177082292;0.229177061267;0.229177082292;0.000000021025;
0.229277072293;0.229277051281;0.229277072293;0.000000021012;
0.229377062294;0.229377041295;0.229377062294;0.000000020998;
0.229477052295;0.229477031310;0.229477052295;0.000000020985;
0.229577042296;0.229577021325;0.229577042296;0.000000020971;
0.229677032297;0.229677011340;0.229677032297;0.000000020957;
0.229777022298;0.229777001355;0.229777022298;0.000000020943;
0.229877012299;0.229876991370;0.229877012299;0.000000020928;
0.229977002300;0.229976981386;0.229977002300;0.000000020914;
0.230076992301;0.230076971402;0.230076992301;0.000000020899;
0.230176982302;0.230176961418;0.230176982302;0.000000020884;
0.230276972303;0.230276951434;0.230276972303;0.000000020868;
0.230376962304;0.230376941451;0.230376962304;0.000000020853;
0.230476952305;0.230476931467;0.230476952305;0.000000020837;
0.230576942306;0.230576921484;0.230576942306;0.000000020821;
0.230676932307;0.230676911501;0.230676932307;0.000000020805;
0.230776922308;0.230776901519;0.230776922308;0.000000020789;
0.230876912309;0.230876891536;0.230876912309;0.000000020773;
0.230976902310;0.230976881554;0.230976902310;0.000000020756;
0.231076892311;0.231076871572;0.231076892311;0.000000020739;
0.231176882312;0.231176861590;0.231176882312;0.000000020722;
0.231276872313;0.231276851608;0.231276872313;0.000000020705;
0.231376862314;0.231376841627;0.231376862314;0.000000020687;
0.231476852315;0.231476831645;0.231476852315;0.000000020670;
0.231576842316;0.231576821664;0.231576842316;0.000000020652;
0.231676832317;0.231676811683;0.231676832317;0.000000020634;
0.231776822318;0.231776801702;0.231776822318;0.000000020616;
0.231876812319;0.231876791722;0.231876812319;0.000000020597;
0.231976802320;0.231976781741;0.231976802320;0.000000020579;
0.232076792321;0.232076771761;0.232076792321;0.000000020560;
0.232176782322;0.232176761781;0.232176782322;0.000000020541;
0.232276772323;0.232276751801;0.232276772323;0.000000020522;
0.232376762324;0.232376741821;0.232376762324;0.000000020502;
0.232476752325;0.232476731842;0.232476752325;0.000000020483;
0.232576742326;0.232576721863;0.232576742326;0.000000020463;
0.232676732327;0.232676711884;0.232676732327;0.000000020443;
0.232776722328;0.232776701905;0.232776722328;0.000000020423;
0.232876712329;0.232876691926;0.232876712329;0.000000020403;
0.232976702330;0.232976681947;0.232976702330;0.000000020383;
0.233076692331;0.233076671969;0.233076692331;0.000000020362;
0.233176682332;0.233176661990;0.233176682332;0.000000020341;
0.233276672333;0.233276652012;0.233276672333;0.000000020320;
0.233376662334;0.233376642034;0.233376662334;0.000000020299;
0.233476652335;0.233476632057;0.233476652335;0.000000020278;
0.233576642336;0.233576622079;0.233576642336;0.000000020257;
0.233676632337;0.233676612102;0.233676632337;0.000000020235;
0.233776622338;0.233776602124;0.233776622338;0.000000020213;
0.233876612339;0.233876592147;0.233876612339;0.000000020191;
0.233976602340;0.233976582170;0.233976602340;0.000000020169;
0.234076592341;0.234076572194;0.234076592341;0.000000020147;
0.234176582342;0.234176562217;0.234176582342;0.000000020125;
0.234276572343;0.234276552241;0.234276572343;0.000000020102;
0.234376562344;0.234376542264;0.234376562344;0.000000020079;
0.234476552345;0.234476532288;0.234476552345;0.000000020056;
0.234576542346;0.234576522312;0.234576542346;0.000000020033;
0.234676532347;0.234676512337;0.234676532347;0.000000020010;
0.234776522348;0.234776502361;0.234776522348;0.000000019987;
0.234876512349;0.234876492385;0.234876512349;0.000000019963;
0.234976502350;0.234976482410;0.234976502350;0.000000019940;
0.235076492351;0.235076472435;0.235076492351;0.000000019916;
0.235176482352;0.235176462460;0.235176482352;0.000000019892;
0.235276472353;0.235276452485;0.235276472353;0.000000019868;
0.235376462354;0.235376442510;0.235376462354;0.000000019843;
0.235476452355;0.235476432536;0.235476452355;0.000000019819;
0.235576442356;0.235576422561;0.235576442356;0.000000019794;
0.235676432357;0.235676412587;0.235676432357;0.000000019770;
0.235776422358;0.235776402613;0.235776422358;0.000000019745;
0.235876412359;0.235876392639;0.235876412359;0.000000019720;
0.235976402360;0.235976382665;0.235976402360;0.000000019695;
0.236076392361;0.236076372691;0.236076392361;0.000000019669;
0.236176382362;0.236176362718;0.236176382362;0.000000019644;
0.236276372363;0.236276352744;0.236276372363;0.000000019618;
0.236376362364;0.236376342771;0.236376362364;0.000000019593;
0.236476352365;0.236476332798;0.236476352365;0.000000019567;
0.236576342366;0.236576322825;0.236576342366;0.000000019541;
0.236676332367;0.236676312852;0.236676332367;0.000000019515;
0.236776322368;0.236776302879;0.236776322368;0.000000019488;
0.236876312369;0.236876292907;0.236876312369;0.000000019462;
0.236976302370;0.236976282934;0.236976302370;0.000000019435;
0.237076292371;0.237076272962;0.237076292371;0.000000019409;
0.237176282372;0.237176262990;0.237176282372;0.000000019382;
0.237276272373;0.237276253018;0.237276272373;0.000000019355;
0.237376262374;0.237376243046;0.237376262374;0.000000019328;
0.237476252375;0.237476233074;0.237476252375;0.000000019301;
0.237576242376;0.237576223102;0.237576242376;0.000000019273;
0.237676232377;0.237676213131;0.237676232377;0.000000019246;
0.237776222378;0.237776203160;0.237776222378;0.000000019218;
0.237876212379;0.237876193188;0.237876212379;0.000000019191;
0.237976202380;0.237976183217;0.237976202380;0.000000019163;
0.238076192381;0.238076173246;0.238076192381;0.000000019135;
0.238176182382;0.238176163275;0.238176182382;0.000000019107;
0.238276172383;0.238276153304;0.238276172383;0.000000019078;
0.238376162384;0.238376143334;0.238376162384;0.000000019050;
0.238476152385;0.238476133363;0.238476152385;0.000000019022;
0.238576142386;0.238576123393;0.238576142386;0.000000018993;
0.238676132387;0.238676113422;0.238676132387;0.000000018964;
0.238776122388;0.238776103452;0.238776122388;0.000000018936;
0.238876112389;0.238876093482;0.238876112389;0.000000018907;
0.238976102390;0.238976083512;0.238976102390;0.000000018878;
0.239076092391;0.239076073542;0.239076092391;0.000000018849;
0.239176082392;0.239176063573;0.239176082392;0.000000018819;
0.239276072393;0.239276053603;0.239276072393;0.000000018790;
0.239376062394;0.239376043633;0.239376062394;0.000000018760;
0.239476052395;0.239476033664;0.239476052395;0.000000018731;
0.239576042396;0.239576023695;0.239576042396;0.000000018701;
0.239676032397;0.239676013726;0.239676032397;0.000000018671;
0.239776022398;0.239776003756;0.239776022398;0.000000018641;
0.239876012399;0.239875993787;0.239876012399;0.000000018611;
0.239976002400;0.239975983819;0.239976002400;0.000000018581;
0.240075992401;0.240075973850;0.240075992401;0.000000018551;
0.240175982402;0.240175963881;0.240175982402;0.000000018520;
0.240275972403;0.240275953913;0.240275972403;0.000000018490;
0.240375962404;0.240375943944;0.240375962404;0.000000018459;
0.240475952405;0.240475933976;0.240475952405;0.000000018429;
0.240575942406;0.240575924008;0.240575942406;0.000000018398;
0.240675932407;0.240675914040;0.240675932407;0.000000018367;
0.240775922408;0.240775904072;0.240775922408;0.000000018336;
0.240875912409;0.240875894104;0.240875912409;0.000000018305;
0.240975902410;0.240975884136;0.240975902410;0.000000018274;
0.241075892411;0.241075874168;0.241075892411;0.000000018243;
0.241175882412;0.241175864201;0.241175882412;0.000000018211;
0.241275872413;0.241275854233;0.241275872413;0.000000018180;
0.241375862414;0.241375844266;0.241375862414;0.000000018148;
0.241475852415;0.241475834298;0.241475852415;0.000000018117;
0.241575842416;0.241575824331;0.241575842416;0.000000018085;
0.241675832417;0.241675814364;0.241675832417;0.000000018053;
0.241775822418;0.241775804397;0.241775822418;0.000000018021;
0.241875812419;0.241875794430;0.241875812419;0.000000017989;
0.241975802420;0.241975784463;0.241975802420;0.000000017957;
0.242075792421;0.242075774496;0.242075792421;0.000000017925;
0.242175782422;0.242175764529;0.242175782422;0.000000017892;
0.242275772423;0.242275754563;0.242275772423;0.000000017860;
0.242375762424;0.242375744596;0.242375762424;0.000000017827;
0.242475752425;0.242475734630;0.242475752425;0.000000017795;
0.242575742426;0.242575724664;0.242575742426;0.000000017762;
0.242675732427;0.242675714697;0.242675732427;0.000000017729;
0.242775722428;0.242775704731;0.242775722428;0.000000017697;
0.242875712429;0.242875694765;0.242875712429;0.000000017664;
0.242975702430;0.242975684799;0.242975702430;0.000000017631;
0.243075692431;0.243075674833;0.243075692431;0.000000017598;
0.243175682432;0.243175664867;0.243175682432;0.000000017564;
0.243275672433;0.243275654902;0.243275672433;0.000000017531;
0.243375662434;0.243375644936;0.243375662434;0.000000017498;
0.243475652435;0.243475634970;0.243475652435;0.000000017465;
0.243575642436;0.243575625005;0.243575642436;0.000000017431;
0.243675632437;0.243675615039;0.243675632437;0.000000017397;
0.243775622438;0.243775605074;0.243775622438;0.000000017364;
0.243875612439;0.243875595109;0.243875612439;0.000000017330;
0.243975602440;0.243975585143;0.243975602440;0.000000017296;
0.244075592441;0.244075575178;0.244075592441;0.000000017262;
0.244175582442;0.244175565213;0.244175582442;0.000000017228;
0.244275572443;0.244275555248;0.244275572443;0.000000017194;
0.244375562444;0.244375545283;0.244375562444;0.000000017160;
0.244475552445;0.244475535319;0.244475552445;0.000000017126;
0.244575542446;0.244575525354;0.244575542446;0.000000017092;
0.244675532447;0.244675515389;0.244675532447;0.000000017058;
0.244775522448;0.244775505424;0.244775522448;0.000000017023;
0.244875512449;0.244875495460;0.244875512449;0.000000016989;
0.244975502450;0.244975485495;0.244975502450;0.000000016954;
0.245075492451;0.245075475531;0.245075492451;0.000000016920;
0.245175482452;0.245175465567;0.245175482452;0.000000016885;
0.245275472453;0.245275455602;0.245275472453;0.000000016850;
0.245375462454;0.245375445638;0.245375462454;0.000000016815;
0.245475452455;0.245475435674;0.245475452455;0.000000016781;
0.245575442456;0.245575425710;0.245575442456;0.000000016746;
0.245675432457;0.245675415746;0.245675432457;0.000000016711;
0.245775422458;0.245775405782;0.245775422458;0.000000016676;
0.245875412459;0.245875395818;0.245875412459;0.000000016641;
0.245975402460;0.245975385854;0.245975402460;0.000000016605;
0.246075392461;0.246075375891;0.246075392461;0.000000016570;
0.246175382462;0.246175365927;0.246175382462;0.000000016535;
0.246275372463;0.246275355963;0.246275372463;0.000000016499;
0.246375362464;0.246375346000;0.246375362464;0.000000016464;
0.246475352465;0.246475336036;0.246475352465;0.000000016428;
0.246575342466;0.246575326073;0.246575342466;0.000000016393;
0.246675332467;0.246675316109;0.246675332467;0.000000016357;
0.246775322468;0.246775306146;0.246775322468;0.000000016322;
0.246875312469;0.246875296183;0.246875312469;0.000000016286;
0.246975302470;0.246975286220;0.246975302470;0.000000016250;
0.247075292471;0.247075276257;0.247075292471;0.000000016214;
0.247175282472;0.247175266293;0.247175282472;0.000000016178;
0.247275272473;0.247275256330;0.247275272473;0.000000016142;
0.247375262474;0.247375246367;0.247375262474;0.000000016106;
0.247475252475;0.247475236405;0.247475252475;0.000000016070;
0.247575242476;0.247575226442;0.247575242476;0.000000016034;
0.247675232477;0.247675216479;0.247675232477;0.000000015998;
0.247775222478;0.247775206516;0.247775222478;0.000000015962;
0.247875212479;0.247875196553;0.247875212479;0.000000015925;
0.247975202480;0.247975186591;0.247975202480;0.000000015889;
0.248075192481;0.248075176628;0.248075192481;0.000000015853;
0.248175182482;0.248175166665;0.248175182482;0.000000015816;
0.248275172483;0.248275156703;0.248275172483;0.000000015780;
0.248375162484;0.248375146740;0.248375162484;0.000000015743;
0.248475152485;0.248475136778;0.248475152485;0.000000015707;
0.248575142486;0.248575126816;0.248575142486;0.000000015670;
0.248675132487;0.248675116853;0.248675132487;0.000000015633;
0.248775122488;0.248775106891;0.248775122488;0.000000015597;
0.248875112489;0.248875096929;0.248875112489;0.000000015560;
0.248975102490;0.248975086967;0.248975102490;0.000000015523;
0.249075092491;0.249075077005;0.249075092491;0.000000015486;
0.249175082492;0.249175067043;0.249175082492;0.000000015449;
0.249275072493;0.249275057080;0.249275072493;0.000000015412;
0.249375062494;0.249375047118;0.249375062494;0.000000015375;
0.249475052495;0.249475037157;0.249475052495;0.000000015338;
0.249575042496;0.249575027195;0.249575042496;0.000000015301;
0.249675032497;0.249675017233;0.249675032497;0.000000015264;
0.249775022498;0.249775007271;0.249775022498;0.000000015227;
0.249875012499;0.249874997309;0.249875012499;0.000000015190;
0.249975002500;0.249974987347;0.249975002500;0.000000015152;
0.250074992501;0.250074977386;0.250074992501;0.000000015115;
0.250174982502;0.250174967424;0.250174982502;0.000000015078;
0.250274972503;0.250274957462;0.250274972503;0.000000015040;
0.250374962504;0.250374947501;0.250374962504;0.000000015003;
0.250474952505;0.250474937539;0.250474952505;0.000000014965;
0.250574942506;0.250574927578;0.250574942506;0.000000014928;
0.250674932507;0.250674917616;0.250674932507;0.000000014890;
0.250774922508;0.250774907655;0.250774922508;0.000000014853;
0.250874912509;0.250874897693;0.250874912509;0.000000014815;
0.250974902510;0.250974887732;0.250974902510;0.000000014778;
0.251074892511;0.251074877771;0.251074892511;0.000000014740;
0.251174882512;0.251174867810;0.251174882512;0.000000014702;
0.251274872513;0.251274857848;0.251274872513;0.000000014664;
0.251374862514;0.251374847887;0.251374862514;0.000000014627;
0.251474852515;0.251474837926;0.251474852515;0.000000014589;
0.251574842516;0.251574827965;0.251574842516;0.000000014551;
0.251674832517;0.251674818004;0.251674832517;0.000000014513;
0.251774822518;0.251774808043;0.251774822518;0.000000014475;
0.251874812519;0.251874798081;0.251874812519;0.000000014437;
0.251974802520;0.251974788120;0.251974802520;0.000000014399;
0.252074792521;0.252074778159;0.252074792521;0.000000014361;
0.252174782522;0.252174768199;0.252174782522;0.000000014323;
0.252274772523;0.252274758238;0.252274772523;0.000000014285;
0.252374762524;0.252374748277;0.252374762524;0.000000014247;
0.252474752525;0.252474738316;0.252474752525;0.000000014209;
0.252574742526;0.252574728355;0.252574742526;0.000000014171;
0.252674732527;0.252674718394;0.252674732527;0.000000014133;
0.252774722528;0.252774708433;0.252774722528;0.000000014094;
0.252874712529;0.252874698473;0.252874712529;0.000000014056;
0.252974702530;0.252974688512;0.252974702530;0.000000014018;
0.253074692531;0.253074678551;0.253074692531;0.000000013980;
0.253174682532;0.253174668591;0.253174682532;0.000000013941;
0.253274672533;0.253274658630;0.253274672533;0.000000013903;
0.253374662534;0.253374648669;0.253374662534;0.000000013864;
0.253474652535;0.253474638709;0.253474652535;0.000000013826;
0.253574642536;0.253574628748;0.253574642536;0.000000013788;
0.253674632537;0.253674618788;0.253674632537;0.000000013749;
0.253774622538;0.253774608827;0.253774622538;0.000000013711;
0.253874612539;0.253874598867;0.253874612539;0.000000013672;
0.253974602540;0.253974588906;0.253974602540;0.000000013634;
0.254074592541;0.254074578946;0.254074592541;0.000000013595;
0.254174582542;0.254174568985;0.254174582542;0.000000013556;
0.254274572543;0.254274559025;0.254274572543;0.000000013518;
0.254374562544;0.254374549064;0.254374562544;0.000000013479;
0.254474552545;0.254474539104;0.254474552545;0.000000013441;
0.254574542546;0.254574529144;0.254574542546;0.000000013402;
0.254674532547;0.254674519183;0.254674532547;0.000000013363;
0.254774522548;0.254774509223;0.254774522548;0.000000013325;
0.254874512549;0.254874499263;0.254874512549;0.000000013286;
0.254974502550;0.254974489303;0.254974502550;0.000000013247;
0.255074492551;0.255074479342;0.255074492551;0.000000013208;
0.255174482552;0.255174469382;0.255174482552;0.000000013170;
0.255274472553;0.255274459422;0.255274472553;0.000000013131;
0.255374462554;0.255374449462;0.255374462554;0.000000013092;
0.255474452555;0.255474439502;0.255474452555;0.000000013053;
0.255574442556;0.255574429542;0.255574442556;0.000000013014;
0.255674432557;0.255674419581;0.255674432557;0.000000012975;
0.255774422558;0.255774409621;0.255774422558;0.000000012936;
0.255874412559;0.255874399661;0.255874412559;0.000000012897;
0.255974402560;0.255974389701;0.255974402560;0.000000012859;
0.256074392561;0.256074379741;0.256074392561;0.000000012820;
0.256174382562;0.256174369781;0.256174382562;0.000000012781;
0.256274372563;0.256274359821;0.256274372563;0.000000012742;
0.256374362564;0.256374349861;0.256374362564;0.000000012703;
0.256474352565;0.256474339901;0.256474352565;0.000000012664;
0.256574342566;0.256574329941;0.256574342566;0.000000012625;
0.256674332567;0.256674319981;0.256674332567;0.000000012586;
0.256774322568;0.256774310021;0.256774322568;0.000000012547;
0.256874312569;0.256874300061;0.256874312569;0.000000012508;
0.256974302570;0.256974290101;0.256974302570;0.000000012468;
0.257074292571;0.257074280141;0.257074292571;0.000000012429;
0.257174282572;0.257174270182;0.257174282572;0.000000012390;
0.257274272573;0.257274260222;0.257274272573;0.000000012351;
0.257374262574;0.257374250262;0.257374262574;0.000000012312;
0.257474252575;0.257474240302;0.257474252575;0.000000012273;
0.257574242576;0.257574230342;0.257574242576;0.000000012234;
0.257674232577;0.257674220382;0.257674232577;0.000000012195;
0.257774222578;0.257774210422;0.257774222578;0.000000012155;
0.257874212579;0.257874200463;0.257874212579;0.000000012116;
0.257974202580;0.257974190503;0.257974202580;0.000000012077;
0.258074192581;0.258074180543;0.258074192581;0.000000012038;
0.258174182582;0.258174170583;0.258174182582;0.000000011999;
0.258274172583;0.258274160623;0.258274172583;0.000000011959;
0.258374162584;0.258374150664;0.258374162584;0.000000011920;
0.258474152585;0.258474140704;0.258474152585;0.000000011881;
0.258574142586;0.258574130744;0.258574142586;0.000000011842;
0.258674132587;0.258674120784;0.258674132587;0.000000011802;
0.258774122588;0.258774110825;0.258774122588;0.000000011763;
0.258874112589;0.258874100865;0.258874112589;0.000000011724;
0.258974102590;0.258974090905;0.258974102590;0.000000011685;
0.259074092591;0.259074080945;0.259074092591;0.000000011645;
0.259174082592;0.259174070986;0.259174082592;0.000000011606;
0.259274072593;0.259274061026;0.259274072593;0.000000011567;
0.259374062594;0.259374051066;0.259374062594;0.000000011527;
0.259474052595;0.259474041107;0.259474052595;0.000000011488;
0.259574042596;0.259574031147;0.259574042596;0.000000011449;
0.259674032597;0.259674021187;0.259674032597;0.000000011409;
0.259774022598;0.259774011228;0.259774022598;0.000000011370;
0.259874012599;0.259874001268;0.259874012599;0.000000011331;
0.259974002600;0.259973991308;0.259974002600;0.000000011291;
0.260073992601;0.260073981349;0.260073992601;0.000000011252;
0.260173982602;0.260173971389;0.260173982602;0.000000011213;
0.260273972603;0.260273961429;0.260273972603;0.000000011173;
0.260373962604;0.260373951470;0.260373962604;0.000000011134;
0.260473952605;0.260473941510;0.260473952605;0.000000011095;
0.260573942606;0.260573931550;0.260573942606;0.000000011055;
0.260673932607;0.260673921591;0.260673932607;0.000000011016;
0.260773922608;0.260773911631;0.260773922608;0.000000010977;
0.260873912609;0.260873901672;0.260873912609;0.000000010937;
0.260973902610;0.260973891712;0.260973902610;0.000000010898;
0.261073892611;0.261073881752;0.261073892611;0.000000010858;
0.261173882612;0.261173871793;0.261173882612;0.000000010819;
0.261273872613;0.261273861833;0.261273872613;0.000000010780;
0.261373862614;0.261373851873;0.261373862614;0.000000010740;
0.261473852615;0.261473841914;0.261473852615;0.000000010701;
0.261573842616;0.261573831954;0.261573842616;0.000000010661;
0.261673832617;0.261673821995;0.261673832617;0.000000010622;
0.261773822618;0.261773812035;0.261773822618;0.000000010583;
0.261873812619;0.261873802075;0.261873812619;0.000000010543;
0.261973802620;0.261973792116;0.261973802620;0.000000010504;
0.262073792621;0.262073782156;0.262073792621;0.000000010465;
0.262173782622;0.262173772197;0.262173782622;0.000000010425;
0.262273772623;0.262273762237;0.262273772623;0.000000010386;
0.262373762624;0.262373752277;0.262373762624;0.000000010346;
0.262473752625;0.262473742318;0.262473752625;0.000000010307;
0.262573742626;0.262573732358;0.262573742626;0.000000010268;
0.262673732627;0.262673722399;0.262673732627;0.000000010228;
0.262773722628;0.262773712439;0.262773722628;0.000000010189;
0.262873712629;0.262873702479;0.262873712629;0.000000010149;
0.262973702630;0.262973692520;0.262973702630;0.000000010110;
0.263073692631;0.263073682560;0.263073692631;0.000000010071;
0.263173682632;0.263173672600;0.263173682632;0.000000010031;
0.263273672633;0.263273662641;0.263273672633;0.000000009992;
0.263373662634;0.263373652681;0.263373662634;0.000000009953;
0.263473652635;0.263473642722;0.263473652635;0.000000009913;
0.263573642636;0.263573632762;0.263573642636;0.000000009874;
0.263673632637;0.263673622802;0.263673632637;0.000000009834;
0.263773622638;0.263773612843;0.263773622638;0.000000009795;
0.263873612639;0.263873602883;0.263873612639;0.000000009756;
0.263973602640;0.263973592923;0.263973602640;0.000000009716;
0.264073592641;0.264073582964;0.264073592641;0.000000009677;
0.264173582642;0.264173573004;0.264173582642;0.000000009638;
0.264273572643;0.264273563044;0.264273572643;0.000000009598;
0.264373562644;0.264373553085;0.264373562644;0.000000009559;
0.264473552645;0.264473543125;0.264473552645;0.000000009520;
0.264573542646;0.264573533165;0.264573542646;0.000000009480;
0.264673532647;0.264673523206;0.264673532647;0.000000009441;
0.264773522648;0.264773513246;0.264773522648;0.000000009402;
0.264873512649;0.264873503286;0.264873512649;0.000000009362;
0.264973502650;0.264973493327;0.264973502650;0.000000009323;
0.265073492651;0.265073483367;0.265073492651;0.000000009284;
0.265173482652;0.265173473407;0.265173482652;0.000000009244;
0.265273472653;0.265273463448;0.265273472653;0.000000009205;
0.265373462654;0.265373453488;0.265373462654;0.000000009166;
0.265473452655;0.265473443528;0.265473452655;0.000000009127;
0.265573442656;0.265573433568;0.265573442656;0.000000009087;
0.265673432657;0.265673423609;0.265673432657;0.000000009048;
0.265773422658;0.265773413649;0.265773422658;0.000000009009;
0.265873412659;0.265873403689;0.265873412659;0.000000008969;
0.265973402660;0.265973393730;0.265973402660;0.000000008930;
0.266073392661;0.266073383770;0.266073392661;0.000000008891;
0.266173382662;0.266173373810;0.266173382662;0.000000008852;
0.266273372663;0.266273363850;0.266273372663;0.000000008813;
0.266373362664;0.266373353890;0.266373362664;0.000000008773;
0.266473352665;0.266473343931;0.266473352665;0.000000008734;
0.266573342666;0.266573333971;0.266573342666;0.000000008695;
0.266673332667;0.266673324011;0.266673332667;0.000000008656;
0.266773322668;0.266773314051;0.266773322668;0.000000008616;
0.266873312669;0.266873304091;0.266873312669;0.000000008577;
0.266973302670;0.266973294132;0.266973302670;0.000000008538;
0.267073292671;0.267073284172;0.267073292671;0.000000008499;
0.267173282672;0.267173274212;0.267173282672;0.000000008460;
0.267273272673;0.267273264252;0.267273272673;0.000000008421;
0.267373262674;0.267373254292;0.267373262674;0.000000008382;
0.267473252675;0.267473244332;0.267473252675;0.000000008342;
0.267573242676;0.267573234372;0.267573242676;0.000000008303;
0.267673232677;0.267673224413;0.267673232677;0.000000008264;
0.267773222678;0.267773214453;0.267773222678;0.000000008225;
0.267873212679;0.267873204493;0.267873212679;0.000000008186;
0.267973202680;0.267973194533;0.267973202680;0.000000008147;
0.268073192681;0.268073184573;0.268073192681;0.000000008108;
0.268173182682;0.268173174613;0.268173182682;0.000000008069;
0.268273172683;0.268273164653;0.268273172683;0.000000008030;
0.268373162684;0.268373154693;0.268373162684;0.000000007991;
0.268473152685;0.268473144733;0.268473152685;0.000000007952;
0.268573142686;0.268573134773;0.268573142686;0.000000007913;
0.268673132687;0.268673124813;0.268673132687;0.000000007874;
0.268773122688;0.268773114853;0.268773122688;0.000000007835;
0.268873112689;0.268873104893;0.268873112689;0.000000007796;
0.268973102690;0.268973094933;0.268973102690;0.000000007757;
0.269073092691;0.269073084973;0.269073092691;0.000000007718;
0.269173082692;0.269173075013;0.269173082692;0.000000007679;
0.269273072693;0.269273065053;0.269273072693;0.000000007640;
0.269373062694;0.269373055093;0.269373062694;0.000000007601;
0.269473052695;0.269473045133;0.269473052695;0.000000007562;
0.269573042696;0.269573035173;0.269573042696;0.000000007523;
0.269673032697;0.269673025213;0.269673032697;0.000000007484;
0.269773022698;0.269773015253;0.269773022698;0.000000007445;
0.269873012699;0.269873005293;0.269873012699;0.000000007406;
0.269973002700;0.269972995332;0.269973002700;0.000000007367;
0.270072992701;0.270072985372;0.270072992701;0.000000007328;
0.270172982702;0.270172975412;0.270172982702;0.000000007290;
0.270272972703;0.270272965452;0.270272972703;0.000000007251;
0.270372962704;0.270372955492;0.270372962704;0.000000007212;
0.270472952705;0.270472945532;0.270472952705;0.000000007173;
0.270572942706;0.270572935571;0.270572942706;0.000000007134;
0.270672932707;0.270672925611;0.270672932707;0.000000007095;
0.270772922708;0.270772915651;0.270772922708;0.000000007057;
0.270872912709;0.270872905691;0.270872912709;0.000000007018;
0.270972902710;0.270972895731;0.270972902710;0.000000006979;
0.271072892711;0.271072885770;0.271072892711;0.000000006940;
0.271172882712;0.271172875810;0.271172882712;0.000000006902;
0.271272872713;0.271272865850;0.271272872713;0.000000006863;
0.271372862714;0.271372855889;0.271372862714;0.000000006824;
0.271472852715;0.271472845929;0.271472852715;0.000000006786;
0.271572842716;0.271572835969;0.271572842716;0.000000006747;
0.271672832717;0.271672826008;0.271672832717;0.000000006708;
0.271772822718;0.271772816048;0.271772822718;0.000000006670;
0.271872812719;0.271872806088;0.271872812719;0.000000006631;
0.271972802720;0.271972796127;0.271972802720;0.000000006592;
0.272072792721;0.272072786167;0.272072792721;0.000000006554;
0.272172782722;0.272172776207;0.272172782722;0.000000006515;
0.272272772723;0.272272766246;0.272272772723;0.000000006477;
0.272372762724;0.272372756286;0.272372762724;0.000000006438;
0.272472752725;0.272472746325;0.272472752725;0.000000006399;
0.272572742726;0.272572736365;0.272572742726;0.000000006361;
0.272672732727;0.272672726404;0.272672732727;0.000000006322;
0.272772722728;0.272772716444;0.272772722728;0.000000006284;
0.272872712729;0.272872706483;0.272872712729;0.000000006245;
0.272972702730;0.272972696523;0.272972702730;0.000000006207;
0.273072692731;0.273072686562;0.273072692731;0.000000006168;
0.273172682732;0.273172676602;0.273172682732;0.000000006130;
0.273272672733;0.273272666641;0.273272672733;0.000000006091;
0.273372662734;0.273372656681;0.273372662734;0.000000006053;
0.273472652735;0.273472646720;0.273472652735;0.000000006015;
0.273572642736;0.273572636760;0.273572642736;0.000000005976;
0.273672632737;0.273672626799;0.273672632737;0.000000005938;
0.273772622738;0.273772616838;0.273772622738;0.000000005899;
0.273872612739;0.273872606878;0.273872612739;0.000000005861;
0.273972602740;0.273972596917;0.273972602740;0.000000005823;
0.274072592741;0.274072586956;0.274072592741;0.000000005784;
0.274172582742;0.274172576996;0.274172582742;0.000000005746;
0.274272572743;0.274272567035;0.274272572743;0.000000005708;
0.274372562744;0.274372557074;0.274372562744;0.000000005670;
0.274472552745;0.274472547113;0.274472552745;0.000000005631;
0.274572542746;0.274572537153;0.274572542746;0.000000005593;
0.274672532747;0.274672527192;0.274672532747;0.000000005555;
0.274772522748;0.274772517231;0.274772522748;0.000000005517;
0.274872512749;0.274872507270;0.274872512749;0.000000005478;
0.274972502750;0.274972497310;0.274972502750;0.000000005440;
0.275072492751;0.275072487349;0.275072492751;0.000000005402;
0.275172482752;0.275172477388;0.275172482752;0.000000005364;
0.275272472753;0.275272467427;0.275272472753;0.000000005326;
0.275372462754;0.275372457466;0.275372462754;0.000000005287;
0.275472452755;0.275472447505;0.275472452755;0.000000005249;
0.275572442756;0.275572437545;0.275572442756;0.000000005211;
0.275672432757;0.275672427584;0.275672432757;0.000000005173;
0.275772422758;0.275772417623;0.275772422758;0.000000005135;
0.275872412759;0.275872407662;0.275872412759;0.000000005097;
0.275972402760;0.275972397701;0.275972402760;0.000000005059;
0.276072392761;0.276072387740;0.276072392761;0.000000005021;
0.276172382762;0.276172377779;0.276172382762;0.000000004983;
0.276272372763;0.276272367818;0.276272372763;0.000000004945;
0.276372362764;0.276372357857;0.276372362764;0.000000004907;
0.276472352765;0.276472347896;0.276472352765;0.000000004869;
0.276572342766;0.276572337935;0.276572342766;0.000000004831;
0.276672332767;0.276672327974;0.276672332767;0.000000004793;
0.276772322768;0.276772318013;0.276772322768;0.000000004755;
0.276872312769;0.276872308051;0.276872312769;0.000000004717;
0.276972302770;0.276972298090;0.276972302770;0.000000004679;
0.277072292771;0.277072288129;0.277072292771;0.000000004641;
0.277172282772;0.277172278168;0.277172282772;0.000000004604;
0.277272272773;0.277272268207;0.277272272773;0.000000004566;
0.277372262774;0.277372258246;0.277372262774;0.000000004528;
0.277472252775;0.277472248285;0.277472252775;0.000000004490;
0.277572242776;0.277572238323;0.277572242776;0.000000004452;
0.277672232777;0.277672228362;0.277672232777;0.000000004415;
0.277772222778;0.277772218401;0.277772222778;0.000000004377;
0.277872212779;0.277872208440;0.277872212779;0.000000004339;
0.277972202780;0.277972198478;0.277972202780;0.000000004301;
0.278072192781;0.278072188517;0.278072192781;0.000000004264;
0.278172182782;0.278172178556;0.278172182782;0.000000004226;
0.278272172783;0.278272168594;0.278272172783;0.000000004188;
0.278372162784;0.278372158633;0.278372162784;0.000000004151;
0.278472152785;0.278472148672;0.278472152785;0.000000004113;
0.278572142786;0.278572138710;0.278572142786;0.000000004075;
0.278672132787;0.278672128749;0.278672132787;0.000000004038;
0.278772122788;0.278772118788;0.278772122788;0.000000004000;
0.278872112789;0.278872108826;0.278872112789;0.000000003962;
0.278972102790;0.278972098865;0.278972102790;0.000000003925;
0.279072092791;0.279072088903;0.279072092791;0.000000003887;
0.279172082792;0.279172078942;0.279172082792;0.000000003850;
0.279272072793;0.279272068980;0.279272072793;0.000000003812;
0.279372062794;0.279372059019;0.279372062794;0.000000003775;
0.279472052795;0.279472049057;0.279472052795;0.000000003737;
0.279572042796;0.279572039096;0.279572042796;0.000000003700;
0.279672032797;0.279672029134;0.279672032797;0.000000003662;
0.279772022798;0.279772019173;0.279772022798;0.000000003625;
0.279872012799;0.279872009211;0.279872012799;0.000000003588;
0.279972002800;0.279971999250;0.279972002800;0.000000003550;
0.280071992801;0.280071989288;0.280071992801;0.000000003513;
0.280171982802;0.280171979326;0.280171982802;0.000000003475;
0.280271972803;0.280271969365;0.280271972803;0.000000003438;
0.280371962804;0.280371959403;0.280371962804;0.000000003401;
0.280471952805;0.280471949441;0.280471952805;0.000000003363;
0.280571942806;0.280571939480;0.280571942806;0.000000003326;
0.280671932807;0.280671929518;0.280671932807;0.000000003289;
0.280771922808;0.280771919556;0.280771922808;0.000000003251;
0.280871912809;0.280871909594;0.280871912809;0.000000003214;
0.280971902810;0.280971899633;0.280971902810;0.000000003177;
0.281071892811;0.281071889671;0.281071892811;0.000000003140;
0.281171882812;0.281171879709;0.281171882812;0.000000003103;
0.281271872813;0.281271869747;0.281271872813;0.000000003065;
0.281371862814;0.281371859786;0.281371862814;0.000000003028;
0.281471852815;0.281471849824;0.281471852815;0.000000002991;
0.281571842816;0.281571839862;0.281571842816;0.000000002954;
0.281671832817;0.281671829900;0.281671832817;0.000000002917;
0.281771822818;0.281771819938;0.281771822818;0.000000002880;
0.281871812819;0.281871809976;0.281871812819;0.000000002843;
0.281971802820;0.281971800014;0.281971802820;0.000000002805;
0.282071792821;0.282071790052;0.282071792821;0.000000002768;
0.282171782822;0.282171780090;0.282171782822;0.000000002731;
0.282271772823;0.282271770128;0.282271772823;0.000000002694;
0.282371762824;0.282371760166;0.282371762824;0.000000002657;
0.282471752825;0.282471750204;0.282471752825;0.000000002620;
0.282571742826;0.282571740242;0.282571742826;0.000000002583;
0.282671732827;0.282671730280;0.282671732827;0.000000002546;
0.282771722828;0.282771720318;0.282771722828;0.000000002509;
0.282871712829;0.282871710356;0.282871712829;0.000000002473;
0.282971702830;0.282971700394;0.282971702830;0.000000002436;
0.283071692831;0.283071690432;0.283071692831;0.000000002399;
0.283171682832;0.283171680470;0.283171682832;0.000000002362;
0.283271672833;0.283271670508;0.283271672833;0.000000002325;
0.283371662834;0.283371660546;0.283371662834;0.000000002288;
0.283471652835;0.283471650583;0.283471652835;0.000000002251;
0.283571642836;0.283571640621;0.283571642836;0.000000002214;
0.283671632837;0.283671630659;0.283671632837;0.000000002178;
0.283771622838;0.283771620697;0.283771622838;0.000000002141;
0.283871612839;0.283871610735;0.283871612839;0.000000002104;
0.283971602840;0.283971600772;0.283971602840;0.000000002067;
0.284071592841;0.284071590810;0.284071592841;0.000000002031;
0.284171582842;0.284171580848;0.284171582842;0.000000001994;
0.284271572843;0.284271570885;0.284271572843;0.000000001957;
0.284371562844;0.284371560923;0.284371562844;0.000000001921;
0.284471552845;0.284471550961;0.284471552845;0.000000001884;
0.284571542846;0.284571540998;0.284571542846;0.000000001847;
0.284671532847;0.284671531036;0.284671532847;0.000000001811;
0.284771522848;0.284771521074;0.284771522848;0.000000001774;
0.284871512849;0.284871511111;0.284871512849;0.000000001737;
0.284971502850;0.284971501149;0.284971502850;0.000000001701;
0.285071492851;0.285071491187;0.285071492851;0.000000001664;
0.285171482852;0.285171481224;0.285171482852;0.000000001628;
0.285271472853;0.285271471262;0.285271472853;0.000000001591;
0.285371462854;0.285371461299;0.285371462854;0.000000001555;
0.285471452855;0.285471451337;0.285471452855;0.000000001518;
0.285571442856;0.285571441374;0.285571442856;0.000000001482;
0.285671432857;0.285671431412;0.285671432857;0.000000001445;
0.285771422858;0.285771421449;0.285771422858;0.000000001409;
0.285871412859;0.285871411487;0.285871412859;0.000000001372;
0.285971402860;0.285971401524;0.285971402860;0.000000001336;
0.286071392861;0.286071391561;0.286071392861;0.000000001299;
0.286171382862;0.286171381599;0.286171382862;0.000000001263;
0.286271372863;0.286271371636;0.286271372863;0.000000001227;
0.286371362864;0.286371361673;0.286371362864;0.000000001190;
0.286471352865;0.286471351711;0.286471352865;0.000000001154;
0.286571342866;0.286571341748;0.286571342866;0.000000001118;
0.286671332867;0.286671331785;0.286671332867;0.000000001081;
0.286771322868;0.286771321823;0.286771322868;0.000000001045;
0.286871312869;0.286871311860;0.286871312869;0.000000001009;
0.286971302870;0.286971301897;0.286971302870;0.000000000972;
0.287071292871;0.287071291935;0.287071292871;0.000000000936;
0.287171282872;0.287171281972;0.287171282872;0.000000000900;
0.287271272873;0.287271272009;0.287271272873;0.000000000864;
0.287371262874;0.287371262046;0.287371262874;0.000000000827;
0.287471252875;0.287471252083;0.287471252875;0.000000000791;
0.287571242876;0.287571242121;0.287571242876;0.000000000755;
0.287671232877;0.287671232158;0.287671232877;0.000000000719;
0.287771222878;0.287771222195;0.287771222878;0.000000000683;
0.287871212879;0.287871212232;0.287871212879;0.000000000647;
0.287971202880;0.287971202269;0.287971202880;0.000000000611;
0.288071192881;0.288071192306;0.288071192881;0.000000000574;
0.288171182882;0.288171182343;0.288171182882;0.000000000538;
0.288271172883;0.288271172380;0.288271172883;0.000000000502;
0.288371162884;0.288371162418;0.288371162884;0.000000000466;
0.288471152885;0.288471152455;0.288471152885;0.000000000430;
0.288571142886;0.288571142492;0.288571142886;0.000000000394;
0.288671132887;0.288671132529;0.288671132887;0.000000000358;
0.288771122888;0.288771122566;0.288771122888;0.000000000322;
0.288871112889;0.288871112603;0.288871112889;0.000000000286;
0.288971102890;0.288971102640;0.288971102890;0.000000000250;
0.289071092891;0.289071092676;0.289071092891;0.000000000214;
0.289171082892;0.289171082713;0.289171082892;0.000000000178;
0.289271072893;0.289271072750;0.289271072893;0.000000000142;
0.289371062894;0.289371062787;0.289371062894;0.000000000106;
0.289471052895;0.289471052824;0.289471052895;0.000000000071;
0.289571042896;0.289571042861;0.289571042896;0.000000000035;
0.289671032897;0.289671032898;0.289671032897;0.000000000001;
0.289771022898;0.289771022935;0.289771022898;0.000000000037;
0.289871012899;0.289871012972;0.289871012899;0.000000000073;
0.289971002900;0.289971003008;0.289971002900;0.000000000109;
0.290070992901;0.290070993045;0.290070992901;0.000000000144;
0.290170982902;0.290170983082;0.290170982902;0.000000000180;
0.290270972903;0.290270973119;0.290270972903;0.000000000216;
0.290370962904;0.290370963155;0.290370962904;0.000000000252;
0.290470952905;0.290470953192;0.290470952905;0.000000000287;
0.290570942906;0.290570943229;0.290570942906;0.000000000323;
0.290670932907;0.290670933266;0.290670932907;0.000000000359;
0.290770922908;0.290770923302;0.290770922908;0.000000000395;
0.290870912909;0.290870913339;0.290870912909;0.000000000430;
0.290970902910;0.290970903376;0.290970902910;0.000000000466;
0.291070892911;0.291070893412;0.291070892911;0.000000000502;
0.291170882912;0.291170883449;0.291170882912;0.000000000537;
0.291270872913;0.291270873486;0.291270872913;0.000000000573;
0.291370862914;0.291370863522;0.291370862914;0.000000000609;
0.291470852915;0.291470853559;0.291470852915;0.000000000644;
0.291570842916;0.291570843595;0.291570842916;0.000000000680;
0.291670832917;0.291670833632;0.291670832917;0.000000000715;
0.291770822918;0.291770823669;0.291770822918;0.000000000751;
0.291870812919;0.291870813705;0.291870812919;0.000000000786;
0.291970802920;0.291970803742;0.291970802920;0.000000000822;
0.292070792921;0.292070793778;0.292070792921;0.000000000857;
0.292170782922;0.292170783815;0.292170782922;0.000000000893;
0.292270772923;0.292270773851;0.292270772923;0.000000000928;
0.292370762924;0.292370763888;0.292370762924;0.000000000964;
0.292470752925;0.292470753924;0.292470752925;0.000000000999;
0.292570742926;0.292570743960;0.292570742926;0.000000001035;
0.292670732927;0.292670733997;0.292670732927;0.000000001070;
0.292770722928;0.292770724033;0.292770722928;0.000000001106;
0.292870712929;0.292870714070;0.292870712929;0.000000001141;
0.292970702930;0.292970704106;0.292970702930;0.000000001176;
0.293070692931;0.293070694143;0.293070692931;0.000000001212;
0.293170682932;0.293170684179;0.293170682932;0.000000001247;
0.293270672933;0.293270674215;0.293270672933;0.000000001283;
0.293370662934;0.293370664252;0.293370662934;0.000000001318;
0.293470652935;0.293470654288;0.293470652935;0.000000001353;
0.293570642936;0.293570644324;0.293570642936;0.000000001389;
0.293670632937;0.293670634361;0.293670632937;0.000000001424;
0.293770622938;0.293770624397;0.293770622938;0.000000001459;
0.293870612939;0.293870614433;0.293870612939;0.000000001494;
0.293970602940;0.293970604469;0.293970602940;0.000000001530;
0.294070592941;0.294070594506;0.294070592941;0.000000001565;
0.294170582942;0.294170584542;0.294170582942;0.000000001600;
0.294270572943;0.294270574578;0.294270572943;0.000000001635;
0.294370562944;0.294370564614;0.294370562944;0.000000001671;
0.294470552945;0.294470554650;0.294470552945;0.000000001706;
0.294570542946;0.294570544687;0.294570542946;0.000000001741;
0.294670532947;0.294670534723;0.294670532947;0.000000001776;
0.294770522948;0.294770524759;0.294770522948;0.000000001811;
0.294870512949;0.294870514795;0.294870512949;0.000000001846;
0.294970502950;0.294970504831;0.294970502950;0.000000001882;
0.295070492951;0.295070494867;0.295070492951;0.000000001917;
0.295170482952;0.295170484904;0.295170482952;0.000000001952;
0.295270472953;0.295270474940;0.295270472953;0.000000001987;
0.295370462954;0.295370464976;0.295370462954;0.000000002022;
0.295470452955;0.295470455012;0.295470452955;0.000000002057;
0.295570442956;0.295570445048;0.295570442956;0.000000002092;
0.295670432957;0.295670435084;0.295670432957;0.000000002127;
0.295770422958;0.295770425120;0.295770422958;0.000000002162;
0.295870412959;0.295870415156;0.295870412959;0.000000002197;
0.295970402960;0.295970405192;0.295970402960;0.000000002232;
0.296070392961;0.296070395228;0.296070392961;0.000000002267;
0.296170382962;0.296170385264;0.296170382962;0.000000002302;
0.296270372963;0.296270375300;0.296270372963;0.000000002337;
0.296370362964;0.296370365336;0.296370362964;0.000000002372;
0.296470352965;0.296470355372;0.296470352965;0.000000002407;
0.296570342966;0.296570345408;0.296570342966;0.000000002442;
0.296670332967;0.296670335444;0.296670332967;0.000000002477;
0.296770322968;0.296770325480;0.296770322968;0.000000002512;
0.296870312969;0.296870315516;0.296870312969;0.000000002547;
0.296970302970;0.296970305551;0.296970302970;0.000000002582;
0.297070292971;0.297070295587;0.297070292971;0.000000002617;
0.297170282972;0.297170285623;0.297170282972;0.000000002652;
0.297270272973;0.297270275659;0.297270272973;0.000000002686;
0.297370262974;0.297370265695;0.297370262974;0.000000002721;
0.297470252975;0.297470255731;0.297470252975;0.000000002756;
0.297570242976;0.297570245767;0.297570242976;0.000000002791;
0.297670232977;0.297670235802;0.297670232977;0.000000002826;
0.297770222978;0.297770225838;0.297770222978;0.000000002861;
0.297870212979;0.297870215874;0.297870212979;0.000000002895;
0.297970202980;0.297970205910;0.297970202980;0.000000002930;
0.298070192981;0.298070195946;0.298070192981;0.000000002965;
0.298170182982;0.298170185981;0.298170182982;0.000000003000;
0.298270172983;0.298270176017;0.298270172983;0.000000003034;
0.298370162984;0.298370166053;0.298370162984;0.000000003069;
0.298470152985;0.298470156089;0.298470152985;0.000000003104;
0.298570142986;0.298570146124;0.298570142986;0.000000003139;
0.298670132987;0.298670136160;0.298670132987;0.000000003173;
0.298770122988;0.298770126196;0.298770122988;0.000000003208;
0.298870112989;0.298870116231;0.298870112989;0.000000003243;
0.298970102990;0.298970106267;0.298970102990;0.000000003277;
0.299070092991;0.299070096303;0.299070092991;0.000000003312;
0.299170082992;0.299170086338;0.299170082992;0.000000003347;
0.299270072993;0.299270076374;0.299270072993;0.000000003381;
0.299370062994;0.299370066410;0.299370062994;0.000000003416;
0.299470052995;0.299470056445;0.299470052995;0.000000003451;
0.299570042996;0.299570046481;0.299570042996;0.000000003485;
0.299670032997;0.299670036517;0.299670032997;0.000000003520;
0.299770022998;0.299770026552;0.299770022998;0.000000003554;
0.299870012999;0.299870016588;0.299870012999;0.000000003589;
0.299970003000;0.299970006623;0.299970003000;0.000000003624;
0.300069993001;0.300069996659;0.300069993001;0.000000003658;
0.300169983002;0.300169986694;0.300169983002;0.000000003693;
0.300269973003;0.300269976730;0.300269973003;0.000000003727;
0.300369963004;0.300369966766;0.300369963004;0.000000003762;
0.300469953005;0.300469956801;0.300469953005;0.000000003796;
0.300569943006;0.300569946837;0.300569943006;0.000000003831;
0.300669933007;0.300669936872;0.300669933007;0.000000003865;
0.300769923008;0.300769926908;0.300769923008;0.000000003900;
0.300869913009;0.300869916943;0.300869913009;0.000000003934;
0.300969903010;0.300969906979;0.300969903010;0.000000003969;
0.301069893011;0.301069897014;0.301069893011;0.000000004003;
0.301169883012;0.301169887050;0.301169883012;0.000000004038;
0.301269873013;0.301269877085;0.301269873013;0.000000004072;
0.301369863014;0.301369867121;0.301369863014;0.000000004107;
0.301469853015;0.301469857156;0.301469853015;0.000000004141;
0.301569843016;0.301569847191;0.301569843016;0.000000004176;
0.301669833017;0.301669837227;0.301669833017;0.000000004210;
0.301769823018;0.301769827262;0.301769823018;0.000000004245;
0.301869813019;0.301869817298;0.301869813019;0.000000004279;
0.301969803020;0.301969807333;0.301969803020;0.000000004313;
0.302069793021;0.302069797368;0.302069793021;0.000000004348;
0.302169783022;0.302169787404;0.302169783022;0.000000004382;
0.302269773023;0.302269777439;0.302269773023;0.000000004417;
0.302369763024;0.302369767475;0.302369763024;0.000000004451;
0.302469753025;0.302469757510;0.302469753025;0.000000004485;
0.302569743026;0.302569747545;0.302569743026;0.000000004520;
0.302669733027;0.302669737581;0.302669733027;0.000000004554;
0.302769723028;0.302769727616;0.302769723028;0.000000004588;
0.302869713029;0.302869717651;0.302869713029;0.000000004623;
0.302969703030;0.302969707687;0.302969703030;0.000000004657;
0.303069693031;0.303069697722;0.303069693031;0.000000004691;
0.303169683032;0.303169687757;0.303169683032;0.000000004726;
0.303269673033;0.303269677793;0.303269673033;0.000000004760;
0.303369663034;0.303369667828;0.303369663034;0.000000004794;
0.303469653035;0.303469657863;0.303469653035;0.000000004828;
0.303569643036;0.303569647898;0.303569643036;0.000000004863;
0.303669633037;0.303669637934;0.303669633037;0.000000004897;
0.303769623038;0.303769627969;0.303769623038;0.000000004931;
0.303869613039;0.303869618004;0.303869613039;0.000000004965;
0.303969603040;0.303969608039;0.303969603040;0.000000005000;
0.304069593041;0.304069598075;0.304069593041;0.000000005034;
0.304169583042;0.304169588110;0.304169583042;0.000000005068;
0.304269573043;0.304269578145;0.304269573043;0.000000005102;
0.304369563044;0.304369568180;0.304369563044;0.000000005137;
0.304469553045;0.304469558216;0.304469553045;0.000000005171;
0.304569543046;0.304569548251;0.304569543046;0.000000005205;
0.304669533047;0.304669538286;0.304669533047;0.000000005239;
0.304769523048;0.304769528321;0.304769523048;0.000000005273;
0.304869513049;0.304869518356;0.304869513049;0.000000005308;
0.304969503050;0.304969508392;0.304969503050;0.000000005342;
0.305069493051;0.305069498427;0.305069493051;0.000000005376;
0.305169483052;0.305169488462;0.305169483052;0.000000005410;
0.305269473053;0.305269478497;0.305269473053;0.000000005444;
0.305369463054;0.305369468532;0.305369463054;0.000000005478;
0.305469453055;0.305469458567;0.305469453055;0.000000005513;
0.305569443056;0.305569448602;0.305569443056;0.000000005547;
0.305669433057;0.305669438638;0.305669433057;0.000000005581;
0.305769423058;0.305769428673;0.305769423058;0.000000005615;
0.305869413059;0.305869418708;0.305869413059;0.000000005649;
0.305969403060;0.305969408743;0.305969403060;0.000000005683;
0.306069393061;0.306069398778;0.306069393061;0.000000005717;
0.306169383062;0.306169388813;0.306169383062;0.000000005752;
0.306269373063;0.306269378848;0.306269373063;0.000000005786;
0.306369363064;0.306369368883;0.306369363064;0.000000005820;
0.306469353065;0.306469358918;0.306469353065;0.000000005854;
0.306569343066;0.306569348954;0.306569343066;0.000000005888;
0.306669333067;0.306669338989;0.306669333067;0.000000005922;
0.306769323068;0.306769329024;0.306769323068;0.000000005956;
0.306869313069;0.306869319059;0.306869313069;0.000000005990;
0.306969303070;0.306969309094;0.306969303070;0.000000006024;
0.307069293071;0.307069299129;0.307069293071;0.000000006058;
0.307169283072;0.307169289164;0.307169283072;0.000000006092;
0.307269273073;0.307269279199;0.307269273073;0.000000006126;
0.307369263074;0.307369269234;0.307369263074;0.000000006160;
0.307469253075;0.307469259269;0.307469253075;0.000000006194;
0.307569243076;0.307569249304;0.307569243076;0.000000006228;
0.307669233077;0.307669239339;0.307669233077;0.000000006262;
0.307769223078;0.307769229374;0.307769223078;0.000000006297;
0.307869213079;0.307869219409;0.307869213079;0.000000006331;
0.307969203080;0.307969209444;0.307969203080;0.000000006365;
0.308069193081;0.308069199479;0.308069193081;0.000000006399;
0.308169183082;0.308169189514;0.308169183082;0.000000006433;
0.308269173083;0.308269179549;0.308269173083;0.000000006467;
0.308369163084;0.308369169584;0.308369163084;0.000000006501;
0.308469153085;0.308469159619;0.308469153085;0.000000006535;
0.308569143086;0.308569149654;0.308569143086;0.000000006569;
0.308669133087;0.308669139689;0.308669133087;0.000000006603;
0.308769123088;0.308769129724;0.308769123088;0.000000006637;
0.308869113089;0.308869119759;0.308869113089;0.000000006671;
0.308969103090;0.308969109794;0.308969103090;0.000000006704;
0.309069093091;0.309069099829;0.309069093091;0.000000006738;
0.309169083092;0.309169089864;0.309169083092;0.000000006772;
0.309269073093;0.309269079899;0.309269073093;0.000000006806;
0.309369063094;0.309369069934;0.309369063094;0.000000006840;
0.309469053095;0.309469059969;0.309469053095;0.000000006874;
0.309569043096;0.309569050004;0.309569043096;0.000000006908;
0.309669033097;0.309669040039;0.309669033097;0.000000006942;
0.309769023098;0.309769030074;0.309769023098;0.000000006976;
0.309869013099;0.309869020109;0.309869013099;0.000000007010;
0.309969003100;0.309969010144;0.309969003100;0.000000007044;
0.310068993101;0.310069000179;0.310068993101;0.000000007078;
0.310168983102;0.310168990214;0.310168983102;0.000000007112;
0.310268973103;0.310268980249;0.310268973103;0.000000007146;
0.310368963104;0.310368970283;0.310368963104;0.000000007180;
0.310468953105;0.310468960318;0.310468953105;0.000000007214;
0.310568943106;0.310568950353;0.310568943106;0.000000007248;
0.310668933107;0.310668940388;0.310668933107;0.000000007282;
0.310768923108;0.310768930423;0.310768923108;0.000000007315;
0.310868913109;0.310868920458;0.310868913109;0.000000007349;
0.310968903110;0.310968910493;0.310968903110;0.000000007383;
0.311068893111;0.311068900528;0.311068893111;0.000000007417;
0.311168883112;0.311168890563;0.311168883112;0.000000007451;
0.311268873113;0.311268880598;0.311268873113;0.000000007485;
0.311368863114;0.311368870633;0.311368863114;0.000000007519;
0.311468853115;0.311468860668;0.311468853115;0.000000007553;
0.311568843116;0.311568850702;0.311568843116;0.000000007587;
0.311668833117;0.311668840737;0.311668833117;0.000000007621;
0.311768823118;0.311768830772;0.311768823118;0.000000007655;
0.311868813119;0.311868820807;0.311868813119;0.000000007688;
0.311968803120;0.311968810842;0.311968803120;0.000000007722;
0.312068793121;0.312068800877;0.312068793121;0.000000007756;
0.312168783122;0.312168790912;0.312168783122;0.000000007790;
0.312268773123;0.312268780947;0.312268773123;0.000000007824;
0.312368763124;0.312368770982;0.312368763124;0.000000007858;
0.312468753125;0.312468761017;0.312468753125;0.000000007892;
0.312568743126;0.312568751051;0.312568743126;0.000000007926;
0.312668733127;0.312668741086;0.312668733127;0.000000007960;
0.312768723128;0.312768731121;0.312768723128;0.000000007993;
0.312868713129;0.312868721156;0.312868713129;0.000000008027;
0.312968703130;0.312968711191;0.312968703130;0.000000008061;
0.313068693131;0.313068701226;0.313068693131;0.000000008095;
0.313168683132;0.313168691261;0.313168683132;0.000000008129;
0.313268673133;0.313268681296;0.313268673133;0.000000008163;
0.313368663134;0.313368671330;0.313368663134;0.000000008197;
0.313468653135;0.313468661365;0.313468653135;0.000000008231;
0.313568643136;0.313568651400;0.313568643136;0.000000008265;
0.313668633137;0.313668641435;0.313668633137;0.000000008298;
0.313768623138;0.313768631470;0.313768623138;0.000000008332;
0.313868613139;0.313868621505;0.313868613139;0.000000008366;
0.313968603140;0.313968611540;0.313968603140;0.000000008400;
0.314068593141;0.314068601575;0.314068593141;0.000000008434;
0.314168583142;0.314168591609;0.314168583142;0.000000008468;
0.314268573143;0.314268581644;0.314268573143;0.000000008502;
0.314368563144;0.314368571679;0.314368563144;0.000000008536;
0.314468553145;0.314468561714;0.314468553145;0.000000008569;
0.314568543146;0.314568551749;0.314568543146;0.000000008603;
0.314668533147;0.314668541784;0.314668533147;0.000000008637;
0.314768523148;0.314768531819;0.314768523148;0.000000008671;
0.314868513149;0.314868521854;0.314868513149;0.000000008705;
0.314968503150;0.314968511888;0.314968503150;0.000000008739;
0.315068493151;0.315068501923;0.315068493151;0.000000008773;
0.315168483152;0.315168491958;0.315168483152;0.000000008807;
0.315268473153;0.315268481993;0.315268473153;0.000000008840;
0.315368463154;0.315368472028;0.315368463154;0.000000008874;
0.315468453155;0.315468462063;0.315468453155;0.000000008908;
0.315568443156;0.315568452098;0.315568443156;0.000000008942;
0.315668433157;0.315668442133;0.315668433157;0.000000008976;
0.315768423158;0.315768432168;0.315768423158;0.000000009010;
0.315868413159;0.315868422202;0.315868413159;0.000000009044;
0.315968403160;0.315968412237;0.315968403160;0.000000009078;
0.316068393161;0.316068402272;0.316068393161;0.000000009112;
0.316168383162;0.316168392307;0.316168383162;0.000000009145;
0.316268373163;0.316268382342;0.316268373163;0.000000009179;
0.316368363164;0.316368372377;0.316368363164;0.000000009213;
0.316468353165;0.316468362412;0.316468353165;0.000000009247;
0.316568343166;0.316568352447;0.316568343166;0.000000009281;
0.316668333167;0.316668342482;0.316668333167;0.000000009315;
0.316768323168;0.316768332516;0.316768323168;0.000000009349;
0.316868313169;0.316868322551;0.316868313169;0.000000009383;
0.316968303170;0.316968312586;0.316968303170;0.000000009417;
0.317068293171;0.317068302621;0.317068293171;0.000000009450;
0.317168283172;0.317168292656;0.317168283172;0.000000009484;
0.317268273173;0.317268282691;0.317268273173;0.000000009518;
0.317368263174;0.317368272726;0.317368263174;0.000000009552;
0.317468253175;0.317468262761;0.317468253175;0.000000009586;
0.317568243176;0.317568252796;0.317568243176;0.000000009620;
0.317668233177;0.317668242831;0.317668233177;0.000000009654;
0.317768223178;0.317768232866;0.317768223178;0.000000009688;
0.317868213179;0.317868222900;0.317868213179;0.000000009722;
0.317968203180;0.317968212935;0.317968203180;0.000000009756;
0.318068193181;0.318068202970;0.318068193181;0.000000009790;
0.318168183182;0.318168193005;0.318168183182;0.000000009824;
0.318268173183;0.318268183040;0.318268173183;0.000000009858;
0.318368163184;0.318368173075;0.318368163184;0.000000009891;
0.318468153185;0.318468163110;0.318468153185;0.000000009925;
0.318568143186;0.318568153145;0.318568143186;0.000000009959;
0.318668133187;0.318668143180;0.318668133187;0.000000009993;
0.318768123188;0.318768133215;0.318768123188;0.000000010027;
0.318868113189;0.318868123250;0.318868113189;0.000000010061;
0.318968103190;0.318968113285;0.318968103190;0.000000010095;
0.319068093191;0.319068103320;0.319068093191;0.000000010129;
0.319168083192;0.319168093355;0.319168083192;0.000000010163;
0.319268073193;0.319268083390;0.319268073193;0.000000010197;
0.319368063194;0.319368073425;0.319368063194;0.000000010231;
0.319468053195;0.319468063460;0.319468053195;0.000000010265;
0.319568043196;0.319568053495;0.319568043196;0.000000010299;
0.319668033197;0.319668043530;0.319668033197;0.000000010333;
0.319768023198;0.319768033565;0.319768023198;0.000000010367;
0.319868013199;0.319868023600;0.319868013199;0.000000010401;
0.319968003200;0.319968013635;0.319968003200;0.000000010435;
0.320067993201;0.320068003670;0.320067993201;0.000000010469;
0.320167983202;0.320167993705;0.320167983202;0.000000010503;
0.320267973203;0.320267983740;0.320267973203;0.000000010537;
0.320367963204;0.320367973775;0.320367963204;0.000000010571;
0.320467953205;0.320467963810;0.320467953205;0.000000010605;
0.320567943206;0.320567953845;0.320567943206;0.000000010639;
0.320667933207;0.320667943880;0.320667933207;0.000000010673;
0.320767923208;0.320767933915;0.320767923208;0.000000010707;
0.320867913209;0.320867923950;0.320867913209;0.000000010741;
0.320967903210;0.320967913985;0.320967903210;0.000000010775;
0.321067893211;0.321067904020;0.321067893211;0.000000010809;
0.321167883212;0.321167894055;0.321167883212;0.000000010843;
0.321267873213;0.321267884090;0.321267873213;0.000000010877;
0.321367863214;0.321367874125;0.321367863214;0.000000010911;
0.321467853215;0.321467864160;0.321467853215;0.000000010945;
0.321567843216;0.321567854195;0.321567843216;0.000000010979;
0.321667833217;0.321667844230;0.321667833217;0.000000011013;
0.321767823218;0.321767834265;0.321767823218;0.000000011047;
0.321867813219;0.321867824300;0.321867813219;0.000000011082;
0.321967803220;0.321967814335;0.321967803220;0.000000011116;
0.322067793221;0.322067804370;0.322067793221;0.000000011150;
0.322167783222;0.322167794405;0.322167783222;0.000000011184;
0.322267773223;0.322267784441;0.322267773223;0.000000011218;
0.322367763224;0.322367774476;0.322367763224;0.000000011252;
0.322467753225;0.322467764511;0.322467753225;0.000000011286;
0.322567743226;0.322567754546;0.322567743226;0.000000011320;
0.322667733227;0.322667744581;0.322667733227;0.000000011354;
0.322767723228;0.322767734616;0.322767723228;0.000000011388;
0.322867713229;0.322867724651;0.322867713229;0.000000011423;
0.322967703230;0.322967714686;0.322967703230;0.000000011457;
0.323067693231;0.323067704722;0.323067693231;0.000000011491;
0.323167683232;0.323167694757;0.323167683232;0.000000011525;
0.323267673233;0.323267684792;0.323267673233;0.000000011559;
0.323367663234;0.323367674827;0.323367663234;0.000000011593;
0.323467653235;0.323467664862;0.323467653235;0.000000011628;
0.323567643236;0.323567654897;0.323567643236;0.000000011662;
0.323667633237;0.323667644933;0.323667633237;0.000000011696;
0.323767623238;0.323767634968;0.323767623238;0.000000011730;
0.323867613239;0.323867625003;0.323867613239;0.000000011764;
0.323967603240;0.323967615038;0.323967603240;0.000000011799;
0.324067593241;0.324067605073;0.324067593241;0.000000011833;
0.324167583242;0.324167595109;0.324167583242;0.000000011867;
0.324267573243;0.324267585144;0.324267573243;0.000000011901;
0.324367563244;0.324367575179;0.324367563244;0.000000011935;
0.324467553245;0.324467565214;0.324467553245;0.000000011970;
0.324567543246;0.324567555250;0.324567543246;0.000000012004;
0.324667533247;0.324667545285;0.324667533247;0.000000012038;
0.324767523248;0.324767535320;0.324767523248;0.000000012072;
0.324867513249;0.324867525355;0.324867513249;0.000000012107;
0.324967503250;0.324967515391;0.324967503250;0.000000012141;
0.325067493251;0.325067505426;0.325067493251;0.000000012175;
0.325167483252;0.325167495461;0.325167483252;0.000000012210;
0.325267473253;0.325267485497;0.325267473253;0.000000012244;
0.325367463254;0.325367475532;0.325367463254;0.000000012278;
0.325467453255;0.325467465567;0.325467453255;0.000000012312;
0.325567443256;0.325567455602;0.325567443256;0.000000012347;
0.325667433257;0.325667445638;0.325667433257;0.000000012381;
0.325767423258;0.325767435673;0.325767423258;0.000000012415;
0.325867413259;0.325867425708;0.325867413259;0.000000012450;
0.325967403260;0.325967415744;0.325967403260;0.000000012484;
0.326067393261;0.326067405779;0.326067393261;0.000000012519;
0.326167383262;0.326167395815;0.326167383262;0.000000012553;
0.326267373263;0.326267385850;0.326267373263;0.000000012587;
0.326367363264;0.326367375885;0.326367363264;0.000000012622;
0.326467353265;0.326467365921;0.326467353265;0.000000012656;
0.326567343266;0.326567355956;0.326567343266;0.000000012690;
0.326667333267;0.326667345992;0.326667333267;0.000000012725;
0.326767323268;0.326767336027;0.326767323268;0.000000012759;
0.326867313269;0.326867326062;0.326867313269;0.000000012794;
0.326967303270;0.326967316098;0.326967303270;0.000000012828;
0.327067293271;0.327067306133;0.327067293271;0.000000012863;
0.327167283272;0.327167296169;0.327167283272;0.000000012897;
0.327267273273;0.327267286204;0.327267273273;0.000000012931;
0.327367263274;0.327367276240;0.327367263274;0.000000012966;
0.327467253275;0.327467266275;0.327467253275;0.000000013000;
0.327567243276;0.327567256311;0.327567243276;0.000000013035;
0.327667233277;0.327667246346;0.327667233277;0.000000013069;
0.327767223278;0.327767236382;0.327767223278;0.000000013104;
0.327867213279;0.327867226417;0.327867213279;0.000000013138;
0.327967203280;0.327967216453;0.327967203280;0.000000013173;
0.328067193281;0.328067206488;0.328067193281;0.000000013208;
0.328167183282;0.328167196524;0.328167183282;0.000000013242;
0.328267173283;0.328267186559;0.328267173283;0.000000013277;
0.328367163284;0.328367176595;0.328367163284;0.000000013311;
0.328467153285;0.328467166630;0.328467153285;0.000000013346;
0.328567143286;0.328567156666;0.328567143286;0.000000013380;
0.328667133287;0.328667146702;0.328667133287;0.000000013415;
0.328767123288;0.328767136737;0.328767123288;0.000000013450;
0.328867113289;0.328867126773;0.328867113289;0.000000013484;
0.328967103290;0.328967116808;0.328967103290;0.000000013519;
0.329067093291;0.329067106844;0.329067093291;0.000000013553;
0.329167083292;0.329167096880;0.329167083292;0.000000013588;
0.329267073293;0.329267086915;0.329267073293;0.000000013623;
0.329367063294;0.329367076951;0.329367063294;0.000000013657;
0.329467053295;0.329467066987;0.329467053295;0.000000013692;
0.329567043296;0.329567057022;0.329567043296;0.000000013727;
0.329667033297;0.329667047058;0.329667033297;0.000000013761;
0.329767023298;0.329767037094;0.329767023298;0.000000013796;
0.329867013299;0.329867027129;0.329867013299;0.000000013831;
0.329967003300;0.329967017165;0.329967003300;0.000000013866;
0.330066993301;0.330067007201;0.330066993301;0.000000013900;
0.330166983302;0.330166997237;0.330166983302;0.000000013935;
0.330266973303;0.330266987272;0.330266973303;0.000000013970;
0.330366963304;0.330366977308;0.330366963304;0.000000014005;
0.330466953305;0.330466967344;0.330466953305;0.000000014039;
0.330566943306;0.330566957380;0.330566943306;0.000000014074;
0.330666933307;0.330666947416;0.330666933307;0.000000014109;
0.330766923308;0.330766937451;0.330766923308;0.000000014144;
0.330866913309;0.330866927487;0.330866913309;0.000000014179;
0.330966903310;0.330966917523;0.330966903310;0.000000014213;
0.331066893311;0.331066907559;0.331066893311;0.000000014248;
0.331166883312;0.331166897595;0.331166883312;0.000000014283;
0.331266873313;0.331266887631;0.331266873313;0.000000014318;
0.331366863314;0.331366877666;0.331366863314;0.000000014353;
0.331466853315;0.331466867702;0.331466853315;0.000000014388;
0.331566843316;0.331566857738;0.331566843316;0.000000014423;
0.331666833317;0.331666847774;0.331666833317;0.000000014458;
0.331766823318;0.331766837810;0.331766823318;0.000000014492;
0.331866813319;0.331866827846;0.331866813319;0.000000014527;
0.331966803320;0.331966817882;0.331966803320;0.000000014562;
0.332066793321;0.332066807918;0.332066793321;0.000000014597;
0.332166783322;0.332166797954;0.332166783322;0.000000014632;
0.332266773323;0.332266787990;0.332266773323;0.000000014667;
0.332366763324;0.332366778026;0.332366763324;0.000000014702;
0.332466753325;0.332466768062;0.332466753325;0.000000014737;
0.332566743326;0.332566758098;0.332566743326;0.000000014772;
0.332666733327;0.332666748134;0.332666733327;0.000000014807;
0.332766723328;0.332766738170;0.332766723328;0.000000014842;
0.332866713329;0.332866728206;0.332866713329;0.000000014877;
0.332966703330;0.332966718242;0.332966703330;0.000000014912;
0.333066693331;0.333066708278;0.333066693331;0.000000014947;
0.333166683332;0.333166698314;0.333166683332;0.000000014983;
0.333266673333;0.333266688350;0.333266673333;0.000000015018;
0.333366663334;0.333366678386;0.333366663334;0.000000015053;
0.333466653335;0.333466668423;0.333466653335;0.000000015088;
0.333566643336;0.333566658459;0.333566643336;0.000000015123;
0.333666633337;0.333666648495;0.333666633337;0.000000015158;
0.333766623338;0.333766638531;0.333766623338;0.000000015193;
0.333866613339;0.333866628567;0.333866613339;0.000000015229;
0.333966603340;0.333966618603;0.333966603340;0.000000015264;
0.334066593341;0.334066608640;0.334066593341;0.000000015299;
0.334166583342;0.334166598676;0.334166583342;0.000000015334;
0.334266573343;0.334266588712;0.334266573343;0.000000015369;
0.334366563344;0.334366578748;0.334366563344;0.000000015405;
0.334466553345;0.334466568785;0.334466553345;0.000000015440;
0.334566543346;0.334566558821;0.334566543346;0.000000015475;
0.334666533347;0.334666548857;0.334666533347;0.000000015510;
0.334766523348;0.334766538893;0.334766523348;0.000000015546;
0.334866513349;0.334866528930;0.334866513349;0.000000015581;
0.334966503350;0.334966518966;0.334966503350;0.000000015616;
0.335066493351;0.335066509002;0.335066493351;0.000000015652;
0.335166483352;0.335166499039;0.335166483352;0.000000015687;
0.335266473353;0.335266489075;0.335266473353;0.000000015722;
0.335366463354;0.335366479111;0.335366463354;0.000000015758;
0.335466453355;0.335466469148;0.335466453355;0.000000015793;
0.335566443356;0.335566459184;0.335566443356;0.000000015828;
0.335666433357;0.335666449221;0.335666433357;0.000000015864;
0.335766423358;0.335766439257;0.335766423358;0.000000015899;
0.335866413359;0.335866429293;0.335866413359;0.000000015935;
0.335966403360;0.335966419330;0.335966403360;0.000000015970;
0.336066393361;0.336066409366;0.336066393361;0.000000016006;
0.336166383362;0.336166399403;0.336166383362;0.000000016041;
0.336266373363;0.336266389439;0.336266373363;0.000000016077;
0.336366363364;0.336366379476;0.336366363364;0.000000016112;
0.336466353365;0.336466369512;0.336466353365;0.000000016148;
0.336566343366;0.336566359549;0.336566343366;0.000000016183;
0.336666333367;0.336666349585;0.336666333367;0.000000016219;
0.336766323368;0.336766339622;0.336766323368;0.000000016254;
0.336866313369;0.336866329659;0.336866313369;0.000000016290;
0.336966303370;0.336966319695;0.336966303370;0.000000016325;
0.337066293371;0.337066309732;0.337066293371;0.000000016361;
0.337166283372;0.337166299768;0.337166283372;0.000000016397;
0.337266273373;0.337266289805;0.337266273373;0.000000016432;
0.337366263374;0.337366279842;0.337366263374;0.000000016468;
0.337466253375;0.337466269878;0.337466253375;0.000000016504;
0.337566243376;0.337566259915;0.337566243376;0.000000016539;
0.337666233377;0.337666249952;0.337666233377;0.000000016575;
0.337766223378;0.337766239988;0.337766223378;0.000000016611;
0.337866213379;0.337866230025;0.337866213379;0.000000016646;
0.337966203380;0.337966220062;0.337966203380;0.000000016682;
0.338066193381;0.338066210099;0.338066193381;0.000000016718;
0.338166183382;0.338166200135;0.338166183382;0.000000016754;
0.338266173383;0.338266190172;0.338266173383;0.000000016789;
0.338366163384;0.338366180209;0.338366163384;0.000000016825;
0.338466153385;0.338466170246;0.338466153385;0.000000016861;
0.338566143386;0.338566160282;0.338566143386;0.000000016897;
0.338666133387;0.338666150319;0.338666133387;0.000000016933;
0.338766123388;0.338766140356;0.338766123388;0.000000016968;
0.338866113389;0.338866130393;0.338866113389;0.000000017004;
0.338966103390;0.338966120430;0.338966103390;0.000000017040;
0.339066093391;0.339066110467;0.339066093391;0.000000017076;
0.339166083392;0.339166100504;0.339166083392;0.000000017112;
0.339266073393;0.339266090541;0.339266073393;0.000000017148;
0.339366063394;0.339366080578;0.339366063394;0.000000017184;
0.339466053395;0.339466070614;0.339466053395;0.000000017220;
0.339566043396;0.339566060651;0.339566043396;0.000000017256;
0.339666033397;0.339666050688;0.339666033397;0.000000017292;
0.339766023398;0.339766040725;0.339766023398;0.000000017328;
0.339866013399;0.339866030762;0.339866013399;0.000000017364;
0.339966003400;0.339966020799;0.339966003400;0.000000017400;
0.340065993401;0.340066010836;0.340065993401;0.000000017436;
0.340165983402;0.340166000874;0.340165983402;0.000000017472;
0.340265973403;0.340265990911;0.340265973403;0.000000017508;
0.340365963404;0.340365980948;0.340365963404;0.000000017544;
0.340465953405;0.340465970985;0.340465953405;0.000000017580;
0.340565943406;0.340565961022;0.340565943406;0.000000017616;
0.340665933407;0.340665951059;0.340665933407;0.000000017652;
0.340765923408;0.340765941096;0.340765923408;0.000000017689;
0.340865913409;0.340865931133;0.340865913409;0.000000017725;
0.340965903410;0.340965921171;0.340965903410;0.000000017761;
0.341065893411;0.341065911208;0.341065893411;0.000000017797;
0.341165883412;0.341165901245;0.341165883412;0.000000017833;
0.341265873413;0.341265891282;0.341265873413;0.000000017870;
0.341365863414;0.341365881319;0.341365863414;0.000000017906;
0.341465853415;0.341465871357;0.341465853415;0.000000017942;
0.341565843416;0.341565861394;0.341565843416;0.000000017978;
0.341665833417;0.341665851431;0.341665833417;0.000000018015;
0.341765823418;0.341765841469;0.341765823418;0.000000018051;
0.341865813419;0.341865831506;0.341865813419;0.000000018087;
0.341965803420;0.341965821543;0.341965803420;0.000000018124;
0.342065793421;0.342065811581;0.342065793421;0.000000018160;
0.342165783422;0.342165801618;0.342165783422;0.000000018196;
0.342265773423;0.342265791655;0.342265773423;0.000000018233;
0.342365763424;0.342365781693;0.342365763424;0.000000018269;
0.342465753425;0.342465771730;0.342465753425;0.000000018305;
0.342565743426;0.342565761768;0.342565743426;0.000000018342;
0.342665733427;0.342665751805;0.342665733427;0.000000018378;
0.342765723428;0.342765741842;0.342765723428;0.000000018415;
0.342865713429;0.342865731880;0.342865713429;0.000000018451;
0.342965703430;0.342965721917;0.342965703430;0.000000018488;
0.343065693431;0.343065711955;0.343065693431;0.000000018524;
0.343165683432;0.343165701992;0.343165683432;0.000000018561;
0.343265673433;0.343265692030;0.343265673433;0.000000018597;
0.343365663434;0.343365682068;0.343365663434;0.000000018634;
0.343465653435;0.343465672105;0.343465653435;0.000000018671;
0.343565643436;0.343565662143;0.343565643436;0.000000018707;
0.343665633437;0.343665652180;0.343665633437;0.000000018744;
0.343765623438;0.343765642218;0.343765623438;0.000000018780;
0.343865613439;0.343865632256;0.343865613439;0.000000018817;
0.343965603440;0.343965622293;0.343965603440;0.000000018854;
0.344065593441;0.344065612331;0.344065593441;0.000000018890;
0.344165583442;0.344165602369;0.344165583442;0.000000018927;
0.344265573443;0.344265592406;0.344265573443;0.000000018964;
0.344365563444;0.344365582444;0.344365563444;0.000000019000;
0.344465553445;0.344465572482;0.344465553445;0.000000019037;
0.344565543446;0.344565562520;0.344565543446;0.000000019074;
0.344665533447;0.344665552557;0.344665533447;0.000000019111;
0.344765523448;0.344765542595;0.344765523448;0.000000019147;
0.344865513449;0.344865532633;0.344865513449;0.000000019184;
0.344965503450;0.344965522671;0.344965503450;0.000000019221;
0.345065493451;0.345065512709;0.345065493451;0.000000019258;
0.345165483452;0.345165502746;0.345165483452;0.000000019295;
0.345265473453;0.345265492784;0.345265473453;0.000000019332;
0.345365463454;0.345365482822;0.345365463454;0.000000019368;
0.345465453455;0.345465472860;0.345465453455;0.000000019405;
0.345565443456;0.345565462898;0.345565443456;0.000000019442;
0.345665433457;0.345665452936;0.345665433457;0.000000019479;
0.345765423458;0.345765442974;0.345765423458;0.000000019516;
0.345865413459;0.345865433012;0.345865413459;0.000000019553;
0.345965403460;0.345965423050;0.345965403460;0.000000019590;
0.346065393461;0.346065413088;0.346065393461;0.000000019627;
0.346165383462;0.346165403126;0.346165383462;0.000000019664;
0.346265373463;0.346265393164;0.346265373463;0.000000019701;
0.346365363464;0.346365383202;0.346365363464;0.000000019738;
0.346465353465;0.346465373240;0.346465353465;0.000000019775;
0.346565343466;0.346565363278;0.346565343466;0.000000019812;
0.346665333467;0.346665353316;0.346665333467;0.000000019849;
0.346765323468;0.346765343354;0.346765323468;0.000000019887;
0.346865313469;0.346865333392;0.346865313469;0.000000019924;
0.346965303470;0.346965323430;0.346965303470;0.000000019961;
0.347065293471;0.347065313469;0.347065293471;0.000000019998;
0.347165283472;0.347165303507;0.347165283472;0.000000020035;
0.347265273473;0.347265293545;0.347265273473;0.000000020072;
0.347365263474;0.347365283583;0.347365263474;0.000000020110;
0.347465253475;0.347465273621;0.347465253475;0.000000020147;
0.347565243476;0.347565263660;0.347565243476;0.000000020184;
0.347665233477;0.347665253698;0.347665233477;0.000000020221;
0.347765223478;0.347765243736;0.347765223478;0.000000020259;
0.347865213479;0.347865233775;0.347865213479;0.000000020296;
0.347965203480;0.347965223813;0.347965203480;0.000000020333;
0.348065193481;0.348065213851;0.348065193481;0.000000020371;
0.348165183482;0.348165203890;0.348165183482;0.000000020408;
0.348265173483;0.348265193928;0.348265173483;0.000000020445;
0.348365163484;0.348365183966;0.348365163484;0.000000020483;
0.348465153485;0.348465174005;0.348465153485;0.000000020520;
0.348565143486;0.348565164043;0.348565143486;0.000000020557;
0.348665133487;0.348665154081;0.348665133487;0.000000020595;
0.348765123488;0.348765144120;0.348765123488;0.000000020632;
0.348865113489;0.348865134158;0.348865113489;0.000000020670;
0.348965103490;0.348965124197;0.348965103490;0.000000020707;
0.349065093491;0.349065114235;0.349065093491;0.000000020745;
0.349165083492;0.349165104274;0.349165083492;0.000000020782;
0.349265073493;0.349265094312;0.349265073493;0.000000020820;
0.349365063494;0.349365084351;0.349365063494;0.000000020857;
0.349465053495;0.349465074389;0.349465053495;0.000000020895;
0.349565043496;0.349565064428;0.349565043496;0.000000020932;
0.349665033497;0.349665054467;0.349665033497;0.000000020970;
0.349765023498;0.349765044505;0.349765023498;0.000000021008;
0.349865013499;0.349865034544;0.349865013499;0.000000021045;
0.349965003500;0.349965024582;0.349965003500;0.000000021083;
0.350064993501;0.350065014621;0.350064993501;0.000000021120;
0.350164983502;0.350165004660;0.350164983502;0.000000021158;
0.350264973503;0.350264994698;0.350264973503;0.000000021196;
0.350364963504;0.350364984737;0.350364963504;0.000000021234;
0.350464953505;0.350464974776;0.350464953505;0.000000021271;
0.350564943506;0.350564964815;0.350564943506;0.000000021309;
0.350664933507;0.350664954853;0.350664933507;0.000000021347;
0.350764923508;0.350764944892;0.350764923508;0.000000021385;
0.350864913509;0.350864934931;0.350864913509;0.000000021422;
0.350964903510;0.350964924970;0.350964903510;0.000000021460;
0.351064893511;0.351064915009;0.351064893511;0.000000021498;
0.351164883512;0.351164905047;0.351164883512;0.000000021536;
0.351264873513;0.351264895086;0.351264873513;0.000000021574;
0.351364863514;0.351364885125;0.351364863514;0.000000021611;
0.351464853515;0.351464875164;0.351464853515;0.000000021649;
0.351564843516;0.351564865203;0.351564843516;0.000000021687;
0.351664833517;0.351664855242;0.351664833517;0.000000021725;
0.351764823518;0.351764845281;0.351764823518;0.000000021763;
0.351864813519;0.351864835320;0.351864813519;0.000000021801;
0.351964803520;0.351964825359;0.351964803520;0.000000021839;
0.352064793521;0.352064815398;0.352064793521;0.000000021877;
0.352164783522;0.352164805437;0.352164783522;0.000000021915;
0.352264773523;0.352264795476;0.352264773523;0.000000021953;
0.352364763524;0.352364785515;0.352364763524;0.000000021991;
0.352464753525;0.352464775554;0.352464753525;0.000000022029;
0.352564743526;0.352564765593;0.352564743526;0.000000022067;
0.352664733527;0.352664755632;0.352664733527;0.000000022105;
0.352764723528;0.352764745671;0.352764723528;0.000000022143;
0.352864713529;0.352864735710;0.352864713529;0.000000022181;
0.352964703530;0.352964725749;0.352964703530;0.000000022219;
0.353064693531;0.353064715788;0.353064693531;0.000000022257;
0.353164683532;0.353164705827;0.353164683532;0.000000022296;
0.353264673533;0.353264695866;0.353264673533;0.000000022334;
0.353364663534;0.353364685906;0.353364663534;0.000000022372;
0.353464653535;0.353464675945;0.353464653535;0.000000022410;
0.353564643536;0.353564665984;0.353564643536;0.000000022448;
0.353664633537;0.353664656023;0.353664633537;0.000000022487;
0.353764623538;0.353764646062;0.353764623538;0.000000022525;
0.353864613539;0.353864636102;0.353864613539;0.000000022563;
0.353964603540;0.353964626141;0.353964603540;0.000000022601;
0.354064593541;0.354064616180;0.354064593541;0.000000022640;
0.354164583542;0.354164606219;0.354164583542;0.000000022678;
0.354264573543;0.354264596259;0.354264573543;0.000000022716;
0.354364563544;0.354364586298;0.354364563544;0.000000022754;
0.354464553545;0.354464576337;0.354464553545;0.000000022793;
0.354564543546;0.354564566377;0.354564543546;0.000000022831;
0.354664533547;0.354664556416;0.354664533547;0.000000022869;
0.354764523548;0.354764546456;0.354764523548;0.000000022908;
0.354864513549;0.354864536495;0.354864513549;0.000000022946;
0.354964503550;0.354964526534;0.354964503550;0.000000022985;
0.355064493551;0.355064516574;0.355064493551;0.000000023023;
0.355164483552;0.355164506613;0.355164483552;0.000000023062;
0.355264473553;0.355264496653;0.355264473553;0.000000023100;
0.355364463554;0.355364486692;0.355364463554;0.000000023138;
0.355464453555;0.355464476732;0.355464453555;0.000000023177;
0.355564443556;0.355564466771;0.355564443556;0.000000023215;
0.355664433557;0.355664456811;0.355664433557;0.000000023254;
0.355764423558;0.355764446850;0.355764423558;0.000000023292;
0.355864413559;0.355864436890;0.355864413559;0.000000023331;
0.355964403560;0.355964426929;0.355964403560;0.000000023369;
0.356064393561;0.356064416969;0.356064393561;0.000000023408;
0.356164383562;0.356164407008;0.356164383562;0.000000023447;
0.356264373563;0.356264397048;0.356264373563;0.000000023485;
0.356364363564;0.356364387087;0.356364363564;0.000000023524;
0.356464353565;0.356464377127;0.356464353565;0.000000023562;
0.356564343566;0.356564367167;0.356564343566;0.000000023601;
0.356664333567;0.356664357206;0.356664333567;0.000000023640;
0.356764323568;0.356764347246;0.356764323568;0.000000023678;
0.356864313569;0.356864337286;0.356864313569;0.000000023717;
0.356964303570;0.356964327325;0.356964303570;0.000000023756;
0.357064293571;0.357064317365;0.357064293571;0.000000023794;
0.357164283572;0.357164307405;0.357164283572;0.000000023833;
0.357264273573;0.357264297444;0.357264273573;0.000000023872;
0.357364263574;0.357364287484;0.357364263574;0.000000023911;
0.357464253575;0.357464277524;0.357464253575;0.000000023949;
0.357564243576;0.357564267564;0.357564243576;0.000000023988;
0.357664233577;0.357664257603;0.357664233577;0.000000024027;
0.357764223578;0.357764247643;0.357764223578;0.000000024066;
0.357864213579;0.357864237683;0.357864213579;0.000000024104;
0.357964203580;0.357964227723;0.357964203580;0.000000024143;
0.358064193581;0.358064217763;0.358064193581;0.000000024182;
0.358164183582;0.358164207802;0.358164183582;0.000000024221;
0.358264173583;0.358264197842;0.358264173583;0.000000024260;
0.358364163584;0.358364187882;0.358364163584;0.000000024299;
0.358464153585;0.358464177922;0.358464153585;0.000000024337;
0.358564143586;0.358564167962;0.358564143586;0.000000024376;
0.358664133587;0.358664158002;0.358664133587;0.000000024415;
0.358764123588;0.358764148042;0.358764123588;0.000000024454;
0.358864113589;0.358864138082;0.358864113589;0.000000024493;
0.358964103590;0.358964128122;0.358964103590;0.000000024532;
0.359064093591;0.359064118161;0.359064093591;0.000000024571;
0.359164083592;0.359164108201;0.359164083592;0.000000024610;
0.359264073593;0.359264098241;0.359264073593;0.000000024649;
0.359364063594;0.359364088281;0.359364063594;0.000000024688;
0.359464053595;0.359464078321;0.359464053595;0.000000024727;
0.359564043596;0.359564068361;0.359564043596;0.000000024766;
0.359664033597;0.359664058401;0.359664033597;0.000000024805;
0.359764023598;0.359764048441;0.359764023598;0.000000024844;
0.359864013599;0.359864038481;0.359864013599;0.000000024883;
0.359964003600;0.359964028521;0.359964003600;0.000000024922;
0.360063993601;0.360064018561;0.360063993601;0.000000024961;
0.360163983602;0.360164008601;0.360163983602;0.000000025000;
0.360263973603;0.360263998641;0.360263973603;0.000000025039;
0.360363963604;0.360363988682;0.360363963604;0.000000025078;
0.360463953605;0.360463978722;0.360463953605;0.000000025117;
0.360563943606;0.360563968762;0.360563943606;0.000000025156;
0.360663933607;0.360663958802;0.360663933607;0.000000025195;
0.360763923608;0.360763948842;0.360763923608;0.000000025234;
0.360863913609;0.360863938882;0.360863913609;0.000000025273;
0.360963903610;0.360963928922;0.360963903610;0.000000025313;
0.361063893611;0.361063918962;0.361063893611;0.000000025352;
0.361163883612;0.361163909002;0.361163883612;0.000000025391;
0.361263873613;0.361263899043;0.361263873613;0.000000025430;
0.361363863614;0.361363889083;0.361363863614;0.000000025469;
0.361463853615;0.361463879123;0.361463853615;0.000000025508;
0.361563843616;0.361563869163;0.361563843616;0.000000025547;
0.361663833617;0.361663859203;0.361663833617;0.000000025587;
0.361763823618;0.361763849243;0.361763823618;0.000000025626;
0.361863813619;0.361863839284;0.361863813619;0.000000025665;
0.361963803620;0.361963829324;0.361963803620;0.000000025704;
0.362063793621;0.362063819364;0.362063793621;0.000000025743;
0.362163783622;0.362163809404;0.362163783622;0.000000025783;
0.362263773623;0.362263799445;0.362263773623;0.000000025822;
0.362363763624;0.362363789485;0.362363763624;0.000000025861;
0.362463753625;0.362463779525;0.362463753625;0.000000025900;
0.362563743626;0.362563769565;0.362563743626;0.000000025940;
0.362663733627;0.362663759606;0.362663733627;0.000000025979;
0.362763723628;0.362763749646;0.362763723628;0.000000026018;
0.362863713629;0.362863739686;0.362863713629;0.000000026057;
0.362963703630;0.362963729726;0.362963703630;0.000000026097;
0.363063693631;0.363063719767;0.363063693631;0.000000026136;
0.363163683632;0.363163709807;0.363163683632;0.000000026175;
0.363263673633;0.363263699847;0.363263673633;0.000000026215;
0.363363663634;0.363363689887;0.363363663634;0.000000026254;
0.363463653635;0.363463679928;0.363463653635;0.000000026293;
0.363563643636;0.363563669968;0.363563643636;0.000000026332;
0.363663633637;0.363663660008;0.363663633637;0.000000026372;
0.363763623638;0.363763650049;0.363763623638;0.000000026411;
0.363863613639;0.363863640089;0.363863613639;0.000000026450;
0.363963603640;0.363963630129;0.363963603640;0.000000026490;
0.364063593641;0.364063620170;0.364063593641;0.000000026529;
0.364163583642;0.364163610210;0.364163583642;0.000000026568;
0.364263573643;0.364263600250;0.364263573643;0.000000026608;
0.364363563644;0.364363590291;0.364363563644;0.000000026647;
0.364463553645;0.364463580331;0.364463553645;0.000000026686;
0.364563543646;0.364563570371;0.364563543646;0.000000026726;
0.364663533647;0.364663560412;0.364663533647;0.000000026765;
0.364763523648;0.364763550452;0.364763523648;0.000000026805;
0.364863513649;0.364863540493;0.364863513649;0.000000026844;
0.364963503650;0.364963530533;0.364963503650;0.000000026883;
0.365063493651;0.365063520573;0.365063493651;0.000000026923;
0.365163483652;0.365163510614;0.365163483652;0.000000026962;
0.365263473653;0.365263500654;0.365263473653;0.000000027001;
0.365363463654;0.365363490694;0.365363463654;0.000000027041;
0.365463453655;0.365463480735;0.365463453655;0.000000027080;
0.365563443656;0.365563470775;0.365563443656;0.000000027120;
0.365663433657;0.365663460816;0.365663433657;0.000000027159;
0.365763423658;0.365763450856;0.365763423658;0.000000027198;
0.365863413659;0.365863440896;0.365863413659;0.000000027238;
0.365963403660;0.365963430937;0.365963403660;0.000000027277;
0.366063393661;0.366063420977;0.366063393661;0.000000027316;
0.366163383662;0.366163411018;0.366163383662;0.000000027356;
0.366263373663;0.366263401058;0.366263373663;0.000000027395;
0.366363363664;0.366363391098;0.366363363664;0.000000027435;
0.366463353665;0.366463381139;0.366463353665;0.000000027474;
0.366563343666;0.366563371179;0.366563343666;0.000000027513;
0.366663333667;0.366663361219;0.366663333667;0.000000027553;
0.366763323668;0.366763351260;0.366763323668;0.000000027592;
0.366863313669;0.366863341300;0.366863313669;0.000000027632;
0.366963303670;0.366963331341;0.366963303670;0.000000027671;
0.367063293671;0.367063321381;0.367063293671;0.000000027710;
0.367163283672;0.367163311421;0.367163283672;0.000000027750;
0.367263273673;0.367263301462;0.367263273673;0.000000027789;
0.367363263674;0.367363291502;0.367363263674;0.000000027829;
0.367463253675;0.367463281543;0.367463253675;0.000000027868;
0.367563243676;0.367563271583;0.367563243676;0.000000027907;
0.367663233677;0.367663261623;0.367663233677;0.000000027947;
0.367763223678;0.367763251664;0.367763223678;0.000000027986;
0.367863213679;0.367863241704;0.367863213679;0.000000028025;
0.367963203680;0.367963231744;0.367963203680;0.000000028065;
0.368063193681;0.368063221785;0.368063193681;0.000000028104;
0.368163183682;0.368163211825;0.368163183682;0.000000028143;
0.368263173683;0.368263201865;0.368263173683;0.000000028183;
0.368363163684;0.368363191906;0.368363163684;0.000000028222;
0.368463153685;0.368463181946;0.368463153685;0.000000028261;
0.368563143686;0.368563171986;0.368563143686;0.000000028301;
0.368663133687;0.368663162027;0.368663133687;0.000000028340;
0.368763123688;0.368763152067;0.368763123688;0.000000028379;
0.368863113689;0.368863142107;0.368863113689;0.000000028419;
0.368963103690;0.368963132148;0.368963103690;0.000000028458;
0.369063093691;0.369063122188;0.369063093691;0.000000028497;
0.369163083692;0.369163112228;0.369163083692;0.000000028537;
0.369263073693;0.369263102269;0.369263073693;0.000000028576;
0.369363063694;0.369363092309;0.369363063694;0.000000028615;
0.369463053695;0.369463082349;0.369463053695;0.000000028655;
0.369563043696;0.369563072390;0.369563043696;0.000000028694;
0.369663033697;0.369663062430;0.369663033697;0.000000028733;
0.369763023698;0.369763052470;0.369763023698;0.000000028772;
0.369863013699;0.369863042510;0.369863013699;0.000000028812;
0.369963003700;0.369963032551;0.369963003700;0.000000028851;
0.370062993701;0.370063022591;0.370062993701;0.000000028890;
0.370162983702;0.370163012631;0.370162983702;0.000000028929;
0.370262973703;0.370263002671;0.370262973703;0.000000028969;
0.370362963704;0.370362992711;0.370362963704;0.000000029008;
0.370462953705;0.370462982752;0.370462953705;0.000000029047;
0.370562943706;0.370562972792;0.370562943706;0.000000029086;
0.370662933707;0.370662962832;0.370662933707;0.000000029125;
0.370762923708;0.370762952872;0.370762923708;0.000000029165;
0.370862913709;0.370862942912;0.370862913709;0.000000029204;
0.370962903710;0.370962932952;0.370962903710;0.000000029243;
0.371062893711;0.371062922993;0.371062893711;0.000000029282;
0.371162883712;0.371162913033;0.371162883712;0.000000029321;
0.371262873713;0.371262903073;0.371262873713;0.000000029360;
0.371362863714;0.371362893113;0.371362863714;0.000000029399;
0.371462853715;0.371462883153;0.371462853715;0.000000029438;
0.371562843716;0.371562873193;0.371562843716;0.000000029477;
0.371662833717;0.371662863233;0.371662833717;0.000000029517;
0.371762823718;0.371762853273;0.371762823718;0.000000029556;
0.371862813719;0.371862843313;0.371862813719;0.000000029595;
0.371962803720;0.371962833353;0.371962803720;0.000000029634;
0.372062793721;0.372062823393;0.372062793721;0.000000029673;
0.372162783722;0.372162813433;0.372162783722;0.000000029712;
0.372262773723;0.372262803473;0.372262773723;0.000000029751;
0.372362763724;0.372362793513;0.372362763724;0.000000029790;
0.372462753725;0.372462783553;0.372462753725;0.000000029828;
0.372562743726;0.372562773593;0.372562743726;0.000000029867;
0.372662733727;0.372662763633;0.372662733727;0.000000029906;
0.372762723728;0.372762753673;0.372762723728;0.000000029945;
0.372862713729;0.372862743713;0.372862713729;0.000000029984;
0.372962703730;0.372962733753;0.372962703730;0.000000030023;
0.373062693731;0.373062723792;0.373062693731;0.000000030062;
0.373162683732;0.373162713832;0.373162683732;0.000000030101;
0.373262673733;0.373262703872;0.373262673733;0.000000030139;
0.373362663734;0.373362693912;0.373362663734;0.000000030178;
0.373462653735;0.373462683952;0.373462653735;0.000000030217;
0.373562643736;0.373562673991;0.373562643736;0.000000030256;
0.373662633737;0.373662664031;0.373662633737;0.000000030294;
0.373762623738;0.373762654071;0.373762623738;0.000000030333;
0.373862613739;0.373862644110;0.373862613739;0.000000030372;
0.373962603740;0.373962634150;0.373962603740;0.000000030410;
0.374062593741;0.374062624190;0.374062593741;0.000000030449;
0.374162583742;0.374162614229;0.374162583742;0.000000030488;
0.374262573743;0.374262604269;0.374262573743;0.000000030526;
0.374362563744;0.374362594308;0.374362563744;0.000000030565;
0.374462553745;0.374462584348;0.374462553745;0.000000030603;
0.374562543746;0.374562574388;0.374562543746;0.000000030642;
0.374662533747;0.374662564427;0.374662533747;0.000000030680;
0.374762523748;0.374762554467;0.374762523748;0.000000030719;
0.374862513749;0.374862544506;0.374862513749;0.000000030757;
0.374962503750;0.374962534545;0.374962503750;0.000000030796;
0.375062493751;0.375062524585;0.375062493751;0.000000030834;
0.375162483752;0.375162514624;0.375162483752;0.000000030873;
0.375262473753;0.375262504664;0.375262473753;0.000000030911;
0.375362463754;0.375362494703;0.375362463754;0.000000030949;
0.375462453755;0.375462484742;0.375462453755;0.000000030988;
0.375562443756;0.375562474781;0.375562443756;0.000000031026;
0.375662433757;0.375662464821;0.375662433757;0.000000031064;
0.375762423758;0.375762454860;0.375762423758;0.000000031102;
0.375862413759;0.375862444899;0.375862413759;0.000000031140;
0.375962403760;0.375962434938;0.375962403760;0.000000031179;
0.376062393761;0.376062424977;0.376062393761;0.000000031217;
0.376162383762;0.376162415016;0.376162383762;0.000000031255;
0.376262373763;0.376262405056;0.376262373763;0.000000031293;
0.376362363764;0.376362395095;0.376362363764;0.000000031331;
0.376462353765;0.376462385134;0.376462353765;0.000000031369;
0.376562343766;0.376562375173;0.376562343766;0.000000031407;
0.376662333767;0.376662365211;0.376662333767;0.000000031445;
0.376762323768;0.376762355250;0.376762323768;0.000000031483;
0.376862313769;0.376862345289;0.376862313769;0.000000031521;
0.376962303770;0.376962335328;0.376962303770;0.000000031558;
0.377062293771;0.377062325367;0.377062293771;0.000000031596;
0.377162283772;0.377162315406;0.377162283772;0.000000031634;
0.377262273773;0.377262305444;0.377262273773;0.000000031672;
0.377362263774;0.377362295483;0.377362263774;0.000000031710;
0.377462253775;0.377462285522;0.377462253775;0.000000031747;
0.377562243776;0.377562275560;0.377562243776;0.000000031785;
0.377662233777;0.377662265599;0.377662233777;0.000000031822;
0.377762223778;0.377762255638;0.377762223778;0.000000031860;
0.377862213779;0.377862245676;0.377862213779;0.000000031897;
0.377962203780;0.377962235715;0.377962203780;0.000000031935;
0.378062193781;0.378062225753;0.378062193781;0.000000031972;
0.378162183782;0.378162215791;0.378162183782;0.000000032010;
0.378262173783;0.378262205830;0.378262173783;0.000000032047;
0.378362163784;0.378362195868;0.378362163784;0.000000032085;
0.378462153785;0.378462185906;0.378462153785;0.000000032122;
0.378562143786;0.378562175945;0.378562143786;0.000000032159;
0.378662133787;0.378662165983;0.378662133787;0.000000032196;
0.378762123788;0.378762156021;0.378762123788;0.000000032233;
0.378862113789;0.378862146059;0.378862113789;0.000000032271;
0.378962103790;0.378962136097;0.378962103790;0.000000032308;
0.379062093791;0.379062126135;0.379062093791;0.000000032345;
0.379162083792;0.379162116173;0.379162083792;0.000000032382;
0.379262073793;0.379262106211;0.379262073793;0.000000032419;
0.379362063794;0.379362096249;0.379362063794;0.000000032456;
0.379462053795;0.379462086287;0.379462053795;0.000000032492;
0.379562043796;0.379562076325;0.379562043796;0.000000032529;
0.379662033797;0.379662066363;0.379662033797;0.000000032566;
0.379762023798;0.379762056400;0.379762023798;0.000000032603;
0.379862013799;0.379862046438;0.379862013799;0.000000032639;
0.379962003800;0.379962036476;0.379962003800;0.000000032676;
0.380061993801;0.380062026513;0.380061993801;0.000000032713;
0.380161983802;0.380162016551;0.380161983802;0.000000032749;
0.380261973803;0.380262006588;0.380261973803;0.000000032786;
0.380361963804;0.380361996626;0.380361963804;0.000000032822;
0.380461953805;0.380461986663;0.380461953805;0.000000032858;
0.380561943806;0.380561976700;0.380561943806;0.000000032895;
0.380661933807;0.380661966738;0.380661933807;0.000000032931;
0.380761923808;0.380761956775;0.380761923808;0.000000032967;
0.380861913809;0.380861946812;0.380861913809;0.000000033003;
0.380961903810;0.380961936849;0.380961903810;0.000000033039;
0.381061893811;0.381061926886;0.381061893811;0.000000033075;
0.381161883812;0.381161916923;0.381161883812;0.000000033111;
0.381261873813;0.381261906960;0.381261873813;0.000000033147;
0.381361863814;0.381361896997;0.381361863814;0.000000033183;
0.381461853815;0.381461887034;0.381461853815;0.000000033219;
0.381561843816;0.381561877071;0.381561843816;0.000000033255;
0.381661833817;0.381661867107;0.381661833817;0.000000033291;
0.381761823818;0.381761857144;0.381761823818;0.000000033326;
0.381861813819;0.381861847181;0.381861813819;0.000000033362;
0.381961803820;0.381961837217;0.381961803820;0.000000033397;
0.382061793821;0.382061827254;0.382061793821;0.000000033433;
0.382161783822;0.382161817290;0.382161783822;0.000000033468;
0.382261773823;0.382261807326;0.382261773823;0.000000033504;
0.382361763824;0.382361797363;0.382361763824;0.000000033539;
0.382461753825;0.382461787399;0.382461753825;0.000000033574;
0.382561743826;0.382561777435;0.382561743826;0.000000033609;
0.382661733827;0.382661767471;0.382661733827;0.000000033645;
0.382761723828;0.382761757507;0.382761723828;0.000000033680;
0.382861713829;0.382861747543;0.382861713829;0.000000033715;
0.382961703830;0.382961737579;0.382961703830;0.000000033749;
0.383061693831;0.383061727615;0.383061693831;0.000000033784;
0.383161683832;0.383161717651;0.383161683832;0.000000033819;
0.383261673833;0.383261707686;0.383261673833;0.000000033854;
0.383361663834;0.383361697722;0.383361663834;0.000000033888;
0.383461653835;0.383461687758;0.383461653835;0.000000033923;
0.383561643836;0.383561677793;0.383561643836;0.000000033958;
0.383661633837;0.383661667829;0.383661633837;0.000000033992;
0.383761623838;0.383761657864;0.383761623838;0.000000034026;
0.383861613839;0.383861647899;0.383861613839;0.000000034061;
0.383961603840;0.383961637935;0.383961603840;0.000000034095;
0.384061593841;0.384061627970;0.384061593841;0.000000034129;
0.384161583842;0.384161618005;0.384161583842;0.000000034163;
0.384261573843;0.384261608040;0.384261573843;0.000000034197;
0.384361563844;0.384361598075;0.384361563844;0.000000034231;
0.384461553845;0.384461588110;0.384461553845;0.000000034265;
0.384561543846;0.384561578144;0.384561543846;0.000000034299;
0.384661533847;0.384661568179;0.384661533847;0.000000034332;
0.384761523848;0.384761558214;0.384761523848;0.000000034366;
0.384861513849;0.384861548248;0.384861513849;0.000000034400;
0.384961503850;0.384961538283;0.384961503850;0.000000034433;
0.385061493851;0.385061528317;0.385061493851;0.000000034466;
0.385161483852;0.385161518351;0.385161483852;0.000000034500;
0.385261473853;0.385261508386;0.385261473853;0.000000034533;
0.385361463854;0.385361498420;0.385361463854;0.000000034566;
0.385461453855;0.385461488454;0.385461453855;0.000000034599;
0.385561443856;0.385561478488;0.385561443856;0.000000034632;
0.385661433857;0.385661468522;0.385661433857;0.000000034665;
0.385761423858;0.385761458555;0.385761423858;0.000000034698;
0.385861413859;0.385861448589;0.385861413859;0.000000034731;
0.385961403860;0.385961438623;0.385961403860;0.000000034763;
0.386061393861;0.386061428656;0.386061393861;0.000000034796;
0.386161383862;0.386161418690;0.386161383862;0.000000034828;
0.386261373863;0.386261408723;0.386261373863;0.000000034861;
0.386361363864;0.386361398757;0.386361363864;0.000000034893;
0.386461353865;0.386461388790;0.386461353865;0.000000034925;
0.386561343866;0.386561378823;0.386561343866;0.000000034957;
0.386661333867;0.386661368856;0.386661333867;0.000000034989;
0.386761323868;0.386761358889;0.386761323868;0.000000035021;
0.386861313869;0.386861348922;0.386861313869;0.000000035053;
0.386961303870;0.386961338954;0.386961303870;0.000000035085;
0.387061293871;0.387061328987;0.387061293871;0.000000035116;
0.387161283872;0.387161319020;0.387161283872;0.000000035148;
0.387261273873;0.387261309052;0.387261273873;0.000000035179;
0.387361263874;0.387361299084;0.387361263874;0.000000035211;
0.387461253875;0.387461289117;0.387461253875;0.000000035242;
0.387561243876;0.387561279149;0.387561243876;0.000000035273;
0.387661233877;0.387661269181;0.387661233877;0.000000035304;
0.387761223878;0.387761259213;0.387761223878;0.000000035335;
0.387861213879;0.387861249245;0.387861213879;0.000000035366;
0.387961203880;0.387961239276;0.387961203880;0.000000035397;
0.388061193881;0.388061229308;0.388061193881;0.000000035427;
0.388161183882;0.388161219340;0.388161183882;0.000000035458;
0.388261173883;0.388261209371;0.388261173883;0.000000035488;
0.388361163884;0.388361199402;0.388361163884;0.000000035519;
0.388461153885;0.388461189434;0.388461153885;0.000000035549;
0.388561143886;0.388561179465;0.388561143886;0.000000035579;
0.388661133887;0.388661169496;0.388661133887;0.000000035609;
0.388761123888;0.388761159527;0.388761123888;0.000000035639;
0.388861113889;0.388861149557;0.388861113889;0.000000035669;
0.388961103890;0.388961139588;0.388961103890;0.000000035698;
0.389061093891;0.389061129619;0.389061093891;0.000000035728;
0.389161083892;0.389161119649;0.389161083892;0.000000035758;
0.389261073893;0.389261109679;0.389261073893;0.000000035787;
0.389361063894;0.389361099710;0.389361063894;0.000000035816;
0.389461053895;0.389461089740;0.389461053895;0.000000035845;
0.389561043896;0.389561079770;0.389561043896;0.000000035874;
0.389661033897;0.389661069800;0.389661033897;0.000000035903;
0.389761023898;0.389761059830;0.389761023898;0.000000035932;
0.389861013899;0.389861049859;0.389861013899;0.000000035961;
0.389961003900;0.389961039889;0.389961003900;0.000000035989;
0.390060993901;0.390061029918;0.390060993901;0.000000036018;
0.390160983902;0.390161019947;0.390160983902;0.000000036046;
0.390260973903;0.390261009977;0.390260973903;0.000000036074;
0.390360963904;0.390361000006;0.390360963904;0.000000036102;
0.390460953905;0.390460990035;0.390460953905;0.000000036130;
0.390560943906;0.390560980063;0.390560943906;0.000000036158;
0.390660933907;0.390660970092;0.390660933907;0.000000036186;
0.390760923908;0.390760960121;0.390760923908;0.000000036213;
0.390860913909;0.390860950149;0.390860913909;0.000000036241;
0.390960903910;0.390960940177;0.390960903910;0.000000036268;
0.391060893911;0.391060930206;0.391060893911;0.000000036295;
0.391160883912;0.391160920234;0.391160883912;0.000000036322;
0.391260873913;0.391260910262;0.391260873913;0.000000036349;
0.391360863914;0.391360900289;0.391360863914;0.000000036376;
0.391460853915;0.391460890317;0.391460853915;0.000000036402;
0.391560843916;0.391560880345;0.391560843916;0.000000036429;
0.391660833917;0.391660870372;0.391660833917;0.000000036455;
0.391760823918;0.391760860399;0.391760823918;0.000000036482;
0.391860813919;0.391860850426;0.391860813919;0.000000036508;
0.391960803920;0.391960840453;0.391960803920;0.000000036534;
0.392060793921;0.392060830480;0.392060793921;0.000000036559;
0.392160783922;0.392160820507;0.392160783922;0.000000036585;
0.392260773923;0.392260810533;0.392260773923;0.000000036611;
0.392360763924;0.392360800560;0.392360763924;0.000000036636;
0.392460753925;0.392460790586;0.392460753925;0.000000036661;
0.392560743926;0.392560780612;0.392560743926;0.000000036687;
0.392660733927;0.392660770638;0.392660733927;0.000000036711;
0.392760723928;0.392760760664;0.392760723928;0.000000036736;
0.392860713929;0.392860750690;0.392860713929;0.000000036761;
0.392960703930;0.392960740715;0.392960703930;0.000000036786;
0.393060693931;0.393060730741;0.393060693931;0.000000036810;
0.393160683932;0.393160720766;0.393160683932;0.000000036834;
0.393260673933;0.393260710791;0.393260673933;0.000000036858;
0.393360663934;0.393360700816;0.393360663934;0.000000036882;
0.393460653935;0.393460690841;0.393460653935;0.000000036906;
0.393560643936;0.393560680865;0.393560643936;0.000000036930;
0.393660633937;0.393660670890;0.393660633937;0.000000036953;
0.393760623938;0.393760660914;0.393760623938;0.000000036977;
0.393860613939;0.393860650938;0.393860613939;0.000000037000;
0.393960603940;0.393960640962;0.393960603940;0.000000037023;
0.394060593941;0.394060630986;0.394060593941;0.000000037046;
0.394160583942;0.394160621010;0.394160583942;0.000000037068;
0.394260573943;0.394260611033;0.394260573943;0.000000037091;
0.394360563944;0.394360601057;0.394360563944;0.000000037113;
0.394460553945;0.394460591080;0.394460553945;0.000000037135;
0.394560543946;0.394560581103;0.394560543946;0.000000037157;
0.394660533947;0.394660571126;0.394660533947;0.000000037179;
0.394760523948;0.394760561149;0.394760523948;0.000000037201;
0.394860513949;0.394860551171;0.394860513949;0.000000037223;
0.394960503950;0.394960541194;0.394960503950;0.000000037244;
0.395060493951;0.395060531216;0.395060493951;0.000000037265;
0.395160483952;0.395160521238;0.395160483952;0.000000037286;
0.395260473953;0.395260511260;0.395260473953;0.000000037307;
0.395360463954;0.395360501281;0.395360463954;0.000000037328;
0.395460453955;0.395460491303;0.395460453955;0.000000037348;
0.395560443956;0.395560481324;0.395560443956;0.000000037369;
0.395660433957;0.395660471346;0.395660433957;0.000000037389;
0.395760423958;0.395760461367;0.395760423958;0.000000037409;
0.395860413959;0.395860451387;0.395860413959;0.000000037429;
0.395960403960;0.395960441408;0.395960403960;0.000000037448;
0.396060393961;0.396060431428;0.396060393961;0.000000037468;
0.396160383962;0.396160421449;0.396160383962;0.000000037487;
0.396260373963;0.396260411469;0.396260373963;0.000000037506;
0.396360363964;0.396360401489;0.396360363964;0.000000037525;
0.396460353965;0.396460391509;0.396460353965;0.000000037544;
0.396560343966;0.396560381528;0.396560343966;0.000000037562;
0.396660333967;0.396660371547;0.396660333967;0.000000037581;
0.396760323968;0.396760361567;0.396760323968;0.000000037599;
0.396860313969;0.396860351586;0.396860313969;0.000000037617;
0.396960303970;0.396960341604;0.396960303970;0.000000037635;
0.397060293971;0.397060331623;0.397060293971;0.000000037652;
0.397160283972;0.397160321641;0.397160283972;0.000000037670;
0.397260273973;0.397260311660;0.397260273973;0.000000037687;
0.397360263974;0.397360301678;0.397360263974;0.000000037704;
0.397460253975;0.397460291695;0.397460253975;0.000000037721;
0.397560243976;0.397560281713;0.397560243976;0.000000037738;
0.397660233977;0.397660271731;0.397660233977;0.000000037754;
0.397760223978;0.397760261748;0.397760223978;0.000000037770;
0.397860213979;0.397860251765;0.397860213979;0.000000037786;
0.397960203980;0.397960241782;0.397960203980;0.000000037802;
0.398060193981;0.398060231798;0.398060193981;0.000000037818;
0.398160183982;0.398160221815;0.398160183982;0.000000037833;
0.398260173983;0.398260211831;0.398260173983;0.000000037848;
0.398360163984;0.398360201847;0.398360163984;0.000000037863;
0.398460153985;0.398460191863;0.398460153985;0.000000037878;
0.398560143986;0.398560181878;0.398560143986;0.000000037893;
0.398660133987;0.398660171894;0.398660133987;0.000000037907;
0.398760123988;0.398760161909;0.398760123988;0.000000037921;
0.398860113989;0.398860151924;0.398860113989;0.000000037935;
0.398960103990;0.398960141939;0.398960103990;0.000000037949;
0.399060093991;0.399060131953;0.399060093991;0.000000037963;
0.399160083992;0.399160121968;0.399160083992;0.000000037976;
0.399260073993;0.399260111982;0.399260073993;0.000000037989;
0.399360063994;0.399360101996;0.399360063994;0.000000038002;
0.399460053995;0.399460092009;0.399460053995;0.000000038015;
0.399560043996;0.399560082023;0.399560043996;0.000000038027;
0.399660033997;0.399660072036;0.399660033997;0.000000038039;
0.399760023998;0.399760062049;0.399760023998;0.000000038051;
0.399860013999;0.399860052062;0.399860013999;0.000000038063;
0.399960004000;0.399960042074;0.399960004000;0.000000038075;
0.400059994001;0.400060032087;0.400059994001;0.000000038086;
0.400159984002;0.400160022099;0.400159984002;0.000000038097;
0.400259974003;0.400260012111;0.400259974003;0.000000038108;
0.400359964004;0.400360002122;0.400359964004;0.000000038119;
0.400459954005;0.400459992134;0.400459954005;0.000000038129;
0.400559944006;0.400559982145;0.400559944006;0.000000038139;
0.400659934007;0.400659972156;0.400659934007;0.000000038149;
0.400759924008;0.400759962167;0.400759924008;0.000000038159;
0.400859914009;0.400859952177;0.400859914009;0.000000038168;
0.400959904010;0.400959942187;0.400959904010;0.000000038178;
0.401059894011;0.401059932197;0.401059894011;0.000000038187;
0.401159884012;0.401159922207;0.401159884012;0.000000038196;
0.401259874013;0.401259912217;0.401259874013;0.000000038204;
0.401359864014;0.401359902226;0.401359864014;0.000000038212;
0.401459854015;0.401459892235;0.401459854015;0.000000038220;
0.401559844016;0.401559882244;0.401559844016;0.000000038228;
0.401659834017;0.401659872252;0.401659834017;0.000000038236;
0.401759824018;0.401759862261;0.401759824018;0.000000038243;
0.401859814019;0.401859852269;0.401859814019;0.000000038250;
0.401959804020;0.401959842277;0.401959804020;0.000000038257;
0.402059794021;0.402059832284;0.402059794021;0.000000038263;
0.402159784022;0.402159822291;0.402159784022;0.000000038270;
0.402259774023;0.402259812298;0.402259774023;0.000000038276;
0.402359764024;0.402359802305;0.402359764024;0.000000038282;
0.402459754025;0.402459792312;0.402459754025;0.000000038287;
0.402559744026;0.402559782318;0.402559744026;0.000000038292;
0.402659734027;0.402659772324;0.402659734027;0.000000038297;
0.402759724028;0.402759762330;0.402759724028;0.000000038302;
0.402859714029;0.402859752335;0.402859714029;0.000000038307;
0.402959704030;0.402959742341;0.402959704030;0.000000038311;
0.403059694031;0.403059732346;0.403059694031;0.000000038315;
0.403159684032;0.403159722350;0.403159684032;0.000000038319;
0.403259674033;0.403259712355;0.403259674033;0.000000038322;
0.403359664034;0.403359702359;0.403359664034;0.000000038325;
0.403459654035;0.403459692363;0.403459654035;0.000000038328;
0.403559644036;0.403559682367;0.403559644036;0.000000038331;
0.403659634037;0.403659672370;0.403659634037;0.000000038333;
0.403759624038;0.403759662373;0.403759624038;0.000000038335;
0.403859614039;0.403859652376;0.403859614039;0.000000038337;
0.403959604040;0.403959642378;0.403959604040;0.000000038339;
0.404059594041;0.404059632381;0.404059594041;0.000000038340;
0.404159584042;0.404159622383;0.404159584042;0.000000038341;
0.404259574043;0.404259612385;0.404259574043;0.000000038342;
0.404359564044;0.404359602386;0.404359564044;0.000000038342;
0.404459554045;0.404459592387;0.404459554045;0.000000038343;
0.404559544046;0.404559582388;0.404559544046;0.000000038342;
0.404659534047;0.404659572389;0.404659534047;0.000000038342;
0.404759524048;0.404759562389;0.404759524048;0.000000038341;
0.404859514049;0.404859552389;0.404859514049;0.000000038340;
0.404959504050;0.404959542389;0.404959504050;0.000000038339;
0.405059494051;0.405059532388;0.405059494051;0.000000038338;
0.405159484052;0.405159522387;0.405159484052;0.000000038336;
0.405259474053;0.405259512386;0.405259474053;0.000000038334;
0.405359464054;0.405359502385;0.405359464054;0.000000038331;
0.405459454055;0.405459492383;0.405459454055;0.000000038329;
0.405559444056;0.405559482381;0.405559444056;0.000000038326;
0.405659434057;0.405659472379;0.405659434057;0.000000038322;
0.405759424058;0.405759462376;0.405759424058;0.000000038319;
0.405859414059;0.405859452374;0.405859414059;0.000000038315;
0.405959404060;0.405959442370;0.405959404060;0.000000038311;
0.406059394061;0.406059432367;0.406059394061;0.000000038306;
0.406159384062;0.406159422363;0.406159384062;0.000000038302;
0.406259374063;0.406259412359;0.406259374063;0.000000038296;
0.406359364064;0.406359402355;0.406359364064;0.000000038291;
0.406459354065;0.406459392350;0.406459354065;0.000000038285;
0.406559344066;0.406559382345;0.406559344066;0.000000038279;
0.406659334067;0.406659372340;0.406659334067;0.000000038273;
0.406759324068;0.406759362334;0.406759324068;0.000000038267;
0.406859314069;0.406859352328;0.406859314069;0.000000038260;
0.406959304070;0.406959342322;0.406959304070;0.000000038252;
0.407059294071;0.407059332316;0.407059294071;0.000000038245;
0.407159284072;0.407159322309;0.407159284072;0.000000038237;
0.407259274073;0.407259312302;0.407259274073;0.000000038229;
0.407359264074;0.407359302294;0.407359264074;0.000000038220;
0.407459254075;0.407459292286;0.407459254075;0.000000038212;
0.407559244076;0.407559282278;0.407559244076;0.000000038203;
0.407659234077;0.407659272270;0.407659234077;0.000000038193;
0.407759224078;0.407759262261;0.407759224078;0.000000038183;
0.407859214079;0.407859252252;0.407859214079;0.000000038173;
0.407959204080;0.407959242243;0.407959204080;0.000000038163;
0.408059194081;0.408059232233;0.408059194081;0.000000038152;
0.408159184082;0.408159222223;0.408159184082;0.000000038141;
0.408259174083;0.408259212212;0.408259174083;0.000000038130;
0.408359164084;0.408359202202;0.408359164084;0.000000038118;
0.408459154085;0.408459192191;0.408459154085;0.000000038106;
0.408559144086;0.408559182179;0.408559144086;0.000000038094;
0.408659134087;0.408659172168;0.408659134087;0.000000038081;
0.408759124088;0.408759162156;0.408759124088;0.000000038068;
0.408859114089;0.408859152143;0.408859114089;0.000000038055;
0.408959104090;0.408959142131;0.408959104090;0.000000038041;
0.409059094091;0.409059132118;0.409059094091;0.000000038027;
0.409159084092;0.409159122104;0.409159084092;0.000000038013;
0.409259074093;0.409259112091;0.409259074093;0.000000037998;
0.409359064094;0.409359102077;0.409359064094;0.000000037983;
0.409459054095;0.409459092062;0.409459054095;0.000000037968;
0.409559044096;0.409559082048;0.409559044096;0.000000037952;
0.409659034097;0.409659072033;0.409659034097;0.000000037936;
0.409759024098;0.409759062017;0.409759024098;0.000000037920;
0.409859014099;0.409859052002;0.409859014099;0.000000037903;
0.409959004100;0.409959041985;0.409959004100;0.000000037886;
0.410058994101;0.410059031969;0.410058994101;0.000000037868;
0.410158984102;0.410159021952;0.410158984102;0.000000037851;
0.410258974103;0.410259011935;0.410258974103;0.000000037833;
0.410358964104;0.410359001918;0.410358964104;0.000000037814;
0.410458954105;0.410458991900;0.410458954105;0.000000037795;
0.410558944106;0.410558981882;0.410558944106;0.000000037776;
0.410658934107;0.410658971863;0.410658934107;0.000000037757;
0.410758924108;0.410758961845;0.410758924108;0.000000037737;
0.410858914109;0.410858951825;0.410858914109;0.000000037717;
0.410958904110;0.410958941806;0.410958904110;0.000000037696;
0.411058894111;0.411058931786;0.411058894111;0.000000037675;
0.411158884112;0.411158921766;0.411158884112;0.000000037654;
0.411258874113;0.411258911745;0.411258874113;0.000000037632;
0.411358864114;0.411358901724;0.411358864114;0.000000037610;
0.411458854115;0.411458891703;0.411458854115;0.000000037588;
0.411558844116;0.411558881681;0.411558844116;0.000000037565;
0.411658834117;0.411658871659;0.411658834117;0.000000037542;
0.411758824118;0.411758861636;0.411758824118;0.000000037519;
0.411858814119;0.411858851614;0.411858814119;0.000000037495;
0.411958804120;0.411958841591;0.411958804120;0.000000037471;
0.412058794121;0.412058831567;0.412058794121;0.000000037446;
0.412158784122;0.412158821543;0.412158784122;0.000000037422;
0.412258774123;0.412258811519;0.412258774123;0.000000037396;
0.412358764124;0.412358801494;0.412358764124;0.000000037371;
0.412458754125;0.412458791469;0.412458754125;0.000000037345;
0.412558744126;0.412558781444;0.412558744126;0.000000037318;
0.412658734127;0.412658771418;0.412658734127;0.000000037292;
0.412758724128;0.412758761392;0.412758724128;0.000000037265;
0.412858714129;0.412858751366;0.412858714129;0.000000037237;
0.412958704130;0.412958741339;0.412958704130;0.000000037209;
0.413058694131;0.413058731312;0.413058694131;0.000000037181;
0.413158684132;0.413158721284;0.413158684132;0.000000037152;
0.413258674133;0.413258711256;0.413258674133;0.000000037123;
0.413358664134;0.413358701228;0.413358664134;0.000000037094;
0.413458654135;0.413458691199;0.413458654135;0.000000037064;
0.413558644136;0.413558681170;0.413558644136;0.000000037034;
0.413658634137;0.413658671140;0.413658634137;0.000000037004;
0.413758624138;0.413758661111;0.413758624138;0.000000036973;
0.413858614139;0.413858651080;0.413858614139;0.000000036942;
0.413958604140;0.413958641050;0.413958604140;0.000000036910;
0.414058594141;0.414058631019;0.414058594141;0.000000036878;
0.414158584142;0.414158620987;0.414158584142;0.000000036846;
0.414258574143;0.414258610956;0.414258574143;0.000000036813;
0.414358564144;0.414358600924;0.414358564144;0.000000036780;
0.414458554145;0.414458590891;0.414458554145;0.000000036746;
0.414558544146;0.414558580858;0.414558544146;0.000000036713;
0.414658534147;0.414658570825;0.414658534147;0.000000036678;
0.414758524148;0.414758560791;0.414758524148;0.000000036644;
0.414858514149;0.414858550757;0.414858514149;0.000000036608;
0.414958504150;0.414958540723;0.414958504150;0.000000036573;
0.415058494151;0.415058530688;0.415058494151;0.000000036537;
0.415158484152;0.415158520653;0.415158484152;0.000000036501;
0.415258474153;0.415258510617;0.415258474153;0.000000036464;
0.415358464154;0.415358500581;0.415358464154;0.000000036427;
0.415458454155;0.415458490545;0.415458454155;0.000000036390;
0.415558444156;0.415558480508;0.415558444156;0.000000036352;
0.415658434157;0.415658470471;0.415658434157;0.000000036314;
0.415758424158;0.415758460433;0.415758424158;0.000000036275;
0.415858414159;0.415858450395;0.415858414159;0.000000036237;
0.415958404160;0.415958440357;0.415958404160;0.000000036197;
0.416058394161;0.416058430318;0.416058394161;0.000000036157;
0.416158384162;0.416158420279;0.416158384162;0.000000036117;
0.416258374163;0.416258410239;0.416258374163;0.000000036077;
0.416358364164;0.416358400199;0.416358364164;0.000000036036;
0.416458354165;0.416458390159;0.416458354165;0.000000035995;
0.416558344166;0.416558380118;0.416558344166;0.000000035953;
0.416658334167;0.416658370077;0.416658334167;0.000000035911;
0.416758324168;0.416758360036;0.416758324168;0.000000035868;
0.416858314169;0.416858349994;0.416858314169;0.000000035825;
0.416958304170;0.416958339952;0.416958304170;0.000000035782;
0.417058294171;0.417058329909;0.417058294171;0.000000035738;
0.417158284172;0.417158319866;0.417158284172;0.000000035694;
0.417258274173;0.417258309822;0.417258274173;0.000000035650;
0.417358264174;0.417358299778;0.417358264174;0.000000035605;
0.417458254175;0.417458289734;0.417458254175;0.000000035560;
0.417558244176;0.417558279689;0.417558244176;0.000000035514;
0.417658234177;0.417658269644;0.417658234177;0.000000035468;
0.417758224178;0.417758259599;0.417758224178;0.000000035421;
0.417858214179;0.417858249553;0.417858214179;0.000000035374;
0.417958204180;0.417958239507;0.417958204180;0.000000035327;
0.418058194181;0.418058229460;0.418058194181;0.000000035279;
0.418158184182;0.418158219413;0.418158184182;0.000000035231;
0.418258174183;0.418258209365;0.418258174183;0.000000035183;
0.418358164184;0.418358199318;0.418358164184;0.000000035134;
0.418458154185;0.418458189269;0.418458154185;0.000000035085;
0.418558144186;0.418558179221;0.418558144186;0.000000035035;
0.418658134187;0.418658169171;0.418658134187;0.000000034985;
0.418758124188;0.418758159122;0.418758124188;0.000000034934;
0.418858114189;0.418858149072;0.418858114189;0.000000034884;
0.418958104190;0.418958139022;0.418958104190;0.000000034832;
0.419058094191;0.419058128971;0.419058094191;0.000000034781;
0.419158084192;0.419158118920;0.419158084192;0.000000034728;
0.419258074193;0.419258108869;0.419258074193;0.000000034676;
0.419358064194;0.419358098817;0.419358064194;0.000000034623;
0.419458054195;0.419458088764;0.419458054195;0.000000034570;
0.419558044196;0.419558078712;0.419558044196;0.000000034516;
0.419658034197;0.419658068659;0.419658034197;0.000000034462;
0.419758024198;0.419758058605;0.419758024198;0.000000034408;
0.419858014199;0.419858048551;0.419858014199;0.000000034353;
0.419958004200;0.419958038497;0.419958004200;0.000000034297;
0.420057994201;0.420058028442;0.420057994201;0.000000034242;
0.420157984202;0.420158018387;0.420157984202;0.000000034186;
0.420257974203;0.420258008332;0.420257974203;0.000000034129;
0.420357964204;0.420357998276;0.420357964204;0.000000034072;
0.420457954205;0.420457988219;0.420457954205;0.000000034015;
0.420557944206;0.420557978163;0.420557944206;0.000000033957;
0.420657934207;0.420657968106;0.420657934207;0.000000033899;
0.420757924208;0.420757958048;0.420757924208;0.000000033841;
0.420857914209;0.420857947990;0.420857914209;0.000000033782;
0.420957904210;0.420957937932;0.420957904210;0.000000033722;
0.421057894211;0.421057927873;0.421057894211;0.000000033663;
0.421157884212;0.421157917814;0.421157884212;0.000000033603;
0.421257874213;0.421257907755;0.421257874213;0.000000033542;
0.421357864214;0.421357897695;0.421357864214;0.000000033481;
0.421457854215;0.421457887635;0.421457854215;0.000000033420;
0.421557844216;0.421557877574;0.421557844216;0.000000033358;
0.421657834217;0.421657867513;0.421657834217;0.000000033296;
0.421757824218;0.421757857451;0.421757824218;0.000000033234;
0.421857814219;0.421857847389;0.421857814219;0.000000033171;
0.421957804220;0.421957837327;0.421957804220;0.000000033108;
0.422057794221;0.422057827265;0.422057794221;0.000000033044;
0.422157784222;0.422157817202;0.422157784222;0.000000032980;
0.422257774223;0.422257807138;0.422257774223;0.000000032916;
0.422357764224;0.422357797074;0.422357764224;0.000000032851;
0.422457754225;0.422457787010;0.422457754225;0.000000032786;
0.422557744226;0.422557776945;0.422557744226;0.000000032720;
0.422657734227;0.422657766880;0.422657734227;0.000000032654;
0.422757724228;0.422757756815;0.422757724228;0.000000032588;
0.422857714229;0.422857746749;0.422857714229;0.000000032521;
0.422957704230;0.422957736683;0.422957704230;0.000000032454;
0.423057694231;0.423057726617;0.423057694231;0.000000032386;
0.423157684232;0.423157716550;0.423157684232;0.000000032318;
0.423257674233;0.423257706482;0.423257674233;0.000000032250;
0.423357664234;0.423357696415;0.423357664234;0.000000032181;
0.423457654235;0.423457686347;0.423457654235;0.000000032112;
0.423557644236;0.423557676278;0.423557644236;0.000000032042;
0.423657634237;0.423657666209;0.423657634237;0.000000031973;
0.423757624238;0.423757656140;0.423757624238;0.000000031902;
0.423857614239;0.423857646070;0.423857614239;0.000000031832;
0.423957604240;0.423957636000;0.423957604240;0.000000031761;
0.424057594241;0.424057625930;0.424057594241;0.000000031689;
0.424157584242;0.424157615859;0.424157584242;0.000000031618;
0.424257574243;0.424257605788;0.424257574243;0.000000031545;
0.424357564244;0.424357595717;0.424357564244;0.000000031473;
0.424457554245;0.424457585645;0.424457554245;0.000000031400;
0.424557544246;0.424557575572;0.424557544246;0.000000031327;
0.424657534247;0.424657565500;0.424657534247;0.000000031253;
0.424757524248;0.424757555427;0.424757524248;0.000000031179;
0.424857514249;0.424857545353;0.424857514249;0.000000031105;
0.424957504250;0.424957535280;0.424957504250;0.000000031030;
0.425057494251;0.425057525205;0.425057494251;0.000000030955;
0.425157484252;0.425157515131;0.425157484252;0.000000030879;
0.425257474253;0.425257505056;0.425257474253;0.000000030804;
0.425357464254;0.425357494981;0.425357464254;0.000000030727;
0.425457454255;0.425457484905;0.425457454255;0.000000030651;
0.425557444256;0.425557474829;0.425557444256;0.000000030574;
0.425657434257;0.425657464753;0.425657434257;0.000000030496;
0.425757424258;0.425757454676;0.425757424258;0.000000030419;
0.425857414259;0.425857444599;0.425857414259;0.000000030341;
0.425957404260;0.425957434522;0.425957404260;0.000000030262;
0.426057394261;0.426057424444;0.426057394261;0.000000030184;
0.426157384262;0.426157414366;0.426157384262;0.000000030105;
0.426257374263;0.426257404288;0.426257374263;0.000000030025;
0.426357364264;0.426357394209;0.426357364264;0.000000029945;
0.426457354265;0.426457384130;0.426457354265;0.000000029865;
0.426557344266;0.426557374050;0.426557344266;0.000000029785;
0.426657334267;0.426657363970;0.426657334267;0.000000029704;
0.426757324268;0.426757353890;0.426757324268;0.000000029623;
0.426857314269;0.426857343810;0.426857314269;0.000000029541;
0.426957304270;0.426957333729;0.426957304270;0.000000029459;
0.427057294271;0.427057323647;0.427057294271;0.000000029377;
0.427157284272;0.427157313566;0.427157284272;0.000000029294;
0.427257274273;0.427257303484;0.427257274273;0.000000029211;
0.427357264274;0.427357293402;0.427357264274;0.000000029128;
0.427457254275;0.427457283319;0.427457254275;0.000000029045;
0.427557244276;0.427557273236;0.427557244276;0.000000028961;
0.427657234277;0.427657263153;0.427657234277;0.000000028876;
0.427757224278;0.427757253069;0.427757224278;0.000000028792;
0.427857214279;0.427857242985;0.427857214279;0.000000028707;
0.427957204280;0.427957232901;0.427957204280;0.000000028622;
0.428057194281;0.428057222817;0.428057194281;0.000000028536;
0.428157184282;0.428157212732;0.428157184282;0.000000028450;
0.428257174283;0.428257202646;0.428257174283;0.000000028364;
0.428357164284;0.428357192561;0.428357164284;0.000000028277;
0.428457154285;0.428457182475;0.428457154285;0.000000028191;
0.428557144286;0.428557172389;0.428557144286;0.000000028103;
0.428657134287;0.428657162302;0.428657134287;0.000000028016;
0.428757124288;0.428757152216;0.428757124288;0.000000027928;
0.428857114289;0.428857142129;0.428857114289;0.000000027840;
0.428957104290;0.428957132041;0.428957104290;0.000000027752;
0.429057094291;0.429057121953;0.429057094291;0.000000027663;
0.429157084292;0.429157111865;0.429157084292;0.000000027574;
0.429257074293;0.429257101777;0.429257074293;0.000000027484;
0.429357064294;0.429357091688;0.429357064294;0.000000027395;
0.429457054295;0.429457081600;0.429457054295;0.000000027305;
0.429557044296;0.429557071510;0.429557044296;0.000000027215;
0.429657034297;0.429657061421;0.429657034297;0.000000027124;
0.429757024298;0.429757051331;0.429757024298;0.000000027033;
0.429857014299;0.429857041241;0.429857014299;0.000000026942;
0.429957004300;0.429957031150;0.429957004300;0.000000026851;
0.430056994301;0.430057021060;0.430056994301;0.000000026759;
0.430156984302;0.430157010969;0.430156984302;0.000000026667;
0.430256974303;0.430257000878;0.430256974303;0.000000026575;
0.430356964304;0.430356990786;0.430356964304;0.000000026482;
0.430456954305;0.430456980694;0.430456954305;0.000000026390;
0.430556944306;0.430556970602;0.430556944306;0.000000026297;
0.430656934307;0.430656960510;0.430656934307;0.000000026203;
0.430756924308;0.430756950417;0.430756924308;0.000000026110;
0.430856914309;0.430856940324;0.430856914309;0.000000026016;
0.430956904310;0.430956930231;0.430956904310;0.000000025922;
0.431056894311;0.431056920138;0.431056894311;0.000000025827;
0.431156884312;0.431156910044;0.431156884312;0.000000025733;
0.431256874313;0.431256899950;0.431256874313;0.000000025638;
0.431356864314;0.431356889856;0.431356864314;0.000000025542;
0.431456854315;0.431456879762;0.431456854315;0.000000025447;
0.431556844316;0.431556869667;0.431556844316;0.000000025351;
0.431656834317;0.431656859572;0.431656834317;0.000000025255;
0.431756824318;0.431756849477;0.431756824318;0.000000025159;
0.431856814319;0.431856839381;0.431856814319;0.000000025063;
0.431956804320;0.431956829286;0.431956804320;0.000000024966;
0.432056794321;0.432056819190;0.432056794321;0.000000024869;
0.432156784322;0.432156809094;0.432156784322;0.000000024772;
0.432256774323;0.432256798997;0.432256774323;0.000000024675;
0.432356764324;0.432356788901;0.432356764324;0.000000024577;
0.432456754325;0.432456778804;0.432456754325;0.000000024479;
0.432556744326;0.432556768707;0.432556744326;0.000000024381;
0.432656734327;0.432656758609;0.432656734327;0.000000024283;
0.432756724328;0.432756748512;0.432756724328;0.000000024184;
0.432856714329;0.432856738414;0.432856714329;0.000000024086;
0.432956704330;0.432956728316;0.432956704330;0.000000023987;
0.433056694331;0.433056718218;0.433056694331;0.000000023887;
0.433156684332;0.433156708120;0.433156684332;0.000000023788;
0.433256674333;0.433256698021;0.433256674333;0.000000023688;
0.433356664334;0.433356687922;0.433356664334;0.000000023589;
0.433456654335;0.433456677823;0.433456654335;0.000000023489;
0.433556644336;0.433556667724;0.433556644336;0.000000023388;
0.433656634337;0.433656657625;0.433656634337;0.000000023288;
0.433756624338;0.433756647525;0.433756624338;0.000000023188;
0.433856614339;0.433856637425;0.433856614339;0.000000023087;
0.433956604340;0.433956627325;0.433956604340;0.000000022986;
0.434056594341;0.434056617225;0.434056594341;0.000000022885;
0.434156584342;0.434156607125;0.434156584342;0.000000022783;
0.434256574343;0.434256597024;0.434256574343;0.000000022682;
0.434356564344;0.434356586924;0.434356564344;0.000000022580;
0.434456554345;0.434456576823;0.434456554345;0.000000022478;
0.434556544346;0.434556566722;0.434556544346;0.000000022376;
0.434656534347;0.434656556621;0.434656534347;0.000000022274;
0.434756524348;0.434756546519;0.434756524348;0.000000022172;
0.434856514349;0.434856536418;0.434856514349;0.000000022069;
0.434956504350;0.434956526316;0.434956504350;0.000000021967;
0.435056494351;0.435056516214;0.435056494351;0.000000021864;
0.435156484352;0.435156506112;0.435156484352;0.000000021761;
0.435256474353;0.435256496010;0.435256474353;0.000000021658;
0.435356464354;0.435356485908;0.435356464354;0.000000021554;
0.435456454355;0.435456475806;0.435456454355;0.000000021451;
0.435556444356;0.435556465703;0.435556444356;0.000000021347;
0.435656434357;0.435656455600;0.435656434357;0.000000021244;
0.435756424358;0.435756445497;0.435756424358;0.000000021140;
0.435856414359;0.435856435394;0.435856414359;0.000000021036;
0.435956404360;0.435956425291;0.435956404360;0.000000020932;
0.436056394361;0.436056415188;0.436056394361;0.000000020828;
0.436156384362;0.436156405085;0.436156384362;0.000000020723;
0.436256374363;0.436256394981;0.436256374363;0.000000020619;
0.436356364364;0.436356384878;0.436356364364;0.000000020514;
0.436456354365;0.436456374774;0.436456354365;0.000000020410;
0.436556344366;0.436556364670;0.436556344366;0.000000020305;
0.436656334367;0.436656354566;0.436656334367;0.000000020200;
0.436756324368;0.436756344462;0.436756324368;0.000000020095;
0.436856314369;0.436856334358;0.436856314369;0.000000019990;
0.436956304370;0.436956324254;0.436956304370;0.000000019885;
0.437056294371;0.437056314150;0.437056294371;0.000000019779;
0.437156284372;0.437156304045;0.437156284372;0.000000019674;
0.437256274373;0.437256293941;0.437256274373;0.000000019568;
0.437356264374;0.437356283836;0.437356264374;0.000000019463;
0.437456254375;0.437456273732;0.437456254375;0.000000019357;
0.437556244376;0.437556263627;0.437556244376;0.000000019251;
0.437656234377;0.437656253522;0.437656234377;0.000000019146;
0.437756224378;0.437756243417;0.437756224378;0.000000019040;
0.437856214379;0.437856233312;0.437856214379;0.000000018934;
0.437956204380;0.437956223207;0.437956204380;0.000000018828;
0.438056194381;0.438056213102;0.438056194381;0.000000018722;
0.438156184382;0.438156202997;0.438156184382;0.000000018616;
0.438256174383;0.438256192892;0.438256174383;0.000000018509;
0.438356164384;0.438356182787;0.438356164384;0.000000018403;
0.438456154385;0.438456172681;0.438456154385;0.000000018297;
0.438556144386;0.438556162576;0.438556144386;0.000000018190;
0.438656134387;0.438656152471;0.438656134387;0.000000018084;
0.438756124388;0.438756142365;0.438756124388;0.000000017978;
0.438856114389;0.438856132260;0.438856114389;0.000000017871;
0.438956104390;0.438956122154;0.438956104390;0.000000017765;
0.439056094391;0.439056112049;0.439056094391;0.000000017658;
0.439156084392;0.439156101943;0.439156084392;0.000000017552;
0.439256074393;0.439256091838;0.439256074393;0.000000017445;
0.439356064394;0.439356081732;0.439356064394;0.000000017339;
0.439456054395;0.439456071626;0.439456054395;0.000000017232;
0.439556044396;0.439556061521;0.439556044396;0.000000017125;
0.439656034397;0.439656051415;0.439656034397;0.000000017019;
0.439756024398;0.439756041310;0.439756024398;0.000000016912;
0.439856014399;0.439856031204;0.439856014399;0.000000016805;
0.439956004400;0.439956021098;0.439956004400;0.000000016699;
0.440055994401;0.440056010993;0.440055994401;0.000000016592;
0.440155984402;0.440156000887;0.440155984402;0.000000016485;
0.440255974403;0.440255990781;0.440255974403;0.000000016379;
0.440355964404;0.440355980676;0.440355964404;0.000000016272;
0.440455954405;0.440455970570;0.440455954405;0.000000016166;
0.440555944406;0.440555960465;0.440555944406;0.000000016059;
0.440655934407;0.440655950359;0.440655934407;0.000000015953;
0.440755924408;0.440755940254;0.440755924408;0.000000015846;
0.440855914409;0.440855930148;0.440855914409;0.000000015740;
0.440955904410;0.440955920043;0.440955904410;0.000000015633;
0.441055894411;0.441055909937;0.441055894411;0.000000015527;
0.441155884412;0.441155899832;0.441155884412;0.000000015420;
0.441255874413;0.441255889726;0.441255874413;0.000000015314;
0.441355864414;0.441355879621;0.441355864414;0.000000015208;
0.441455854415;0.441455869516;0.441455854415;0.000000015101;
0.441555844416;0.441555859411;0.441555844416;0.000000014995;
0.441655834417;0.441655849306;0.441655834417;0.000000014889;
0.441755824418;0.441755839200;0.441755824418;0.000000014783;
0.441855814419;0.441855829095;0.441855814419;0.000000014677;
0.441955804420;0.441955818990;0.441955804420;0.000000014571;
0.442055794421;0.442055808886;0.442055794421;0.000000014465;
0.442155784422;0.442155798781;0.442155784422;0.000000014359;
0.442255774423;0.442255788676;0.442255774423;0.000000014253;
0.442355764424;0.442355778571;0.442355764424;0.000000014148;
0.442455754425;0.442455768467;0.442455754425;0.000000014042;
0.442555744426;0.442555758362;0.442555744426;0.000000013937;
0.442655734427;0.442655748258;0.442655734427;0.000000013831;
0.442755724428;0.442755738153;0.442755724428;0.000000013726;
0.442855714429;0.442855728049;0.442855714429;0.000000013621;
0.442955704430;0.442955717945;0.442955704430;0.000000013515;
0.443055694431;0.443055707841;0.443055694431;0.000000013410;
0.443155684432;0.443155697737;0.443155684432;0.000000013305;
0.443255674433;0.443255687633;0.443255674433;0.000000013201;
0.443355664434;0.443355677529;0.443355664434;0.000000013096;
0.443455654435;0.443455667426;0.443455654435;0.000000012991;
0.443555644436;0.443555657322;0.443555644436;0.000000012887;
0.443655634437;0.443655647219;0.443655634437;0.000000012782;
0.443755624438;0.443755637116;0.443755624438;0.000000012678;
0.443855614439;0.443855627013;0.443855614439;0.000000012574;
0.443955604440;0.443955616910;0.443955604440;0.000000012470;
0.444055594441;0.444055606807;0.444055594441;0.000000012366;
0.444155584442;0.444155596704;0.444155584442;0.000000012262;
0.444255574443;0.444255586601;0.444255574443;0.000000012159;
0.444355564444;0.444355576499;0.444355564444;0.000000012055;
0.444455554445;0.444455566397;0.444455554445;0.000000011952;
0.444555544446;0.444555556294;0.444555544446;0.000000011849;
0.444655534447;0.444655546192;0.444655534447;0.000000011746;
0.444755524448;0.444755536090;0.444755524448;0.000000011643;
0.444855514449;0.444855525989;0.444855514449;0.000000011540;
0.444955504450;0.444955515887;0.444955504450;0.000000011438;
0.445055494451;0.445055505786;0.445055494451;0.000000011335;
0.445155484452;0.445155495685;0.445155484452;0.000000011233;
0.445255474453;0.445255485583;0.445255474453;0.000000011131;
0.445355464454;0.445355475483;0.445355464454;0.000000011029;
0.445455454455;0.445455465382;0.445455454455;0.000000010927;
0.445555444456;0.445555455281;0.445555444456;0.000000010826;
0.445655434457;0.445655445181;0.445655434457;0.000000010724;
0.445755424458;0.445755435081;0.445755424458;0.000000010623;
0.445855414459;0.445855424981;0.445855414459;0.000000010522;
0.445955404460;0.445955414881;0.445955404460;0.000000010421;
0.446055394461;0.446055404781;0.446055394461;0.000000010321;
0.446155384462;0.446155394682;0.446155384462;0.000000010220;
0.446255374463;0.446255384582;0.446255374463;0.000000010120;
0.446355364464;0.446355374483;0.446355364464;0.000000010020;
0.446455354465;0.446455364385;0.446455354465;0.000000009920;
0.446555344466;0.446555354286;0.446555344466;0.000000009820;
0.446655334467;0.446655344187;0.446655334467;0.000000009721;
0.446755324468;0.446755334089;0.446755324468;0.000000009622;
0.446855314469;0.446855323991;0.446855314469;0.000000009523;
0.446955304470;0.446955313893;0.446955304470;0.000000009424;
0.447055294471;0.447055303796;0.447055294471;0.000000009325;
0.447155284472;0.447155293698;0.447155284472;0.000000009227;
0.447255274473;0.447255283601;0.447255274473;0.000000009129;
0.447355264474;0.447355273504;0.447355264474;0.000000009031;
0.447455254475;0.447455263408;0.447455254475;0.000000008933;
0.447555244476;0.447555253311;0.447555244476;0.000000008836;
0.447655234477;0.447655243215;0.447655234477;0.000000008738;
0.447755224478;0.447755233119;0.447755224478;0.000000008641;
0.447855214479;0.447855223023;0.447855214479;0.000000008545;
0.447955204480;0.447955212928;0.447955204480;0.000000008448;
0.448055194481;0.448055202832;0.448055194481;0.000000008352;
0.448155184482;0.448155192737;0.448155184482;0.000000008256;
0.448255174483;0.448255182643;0.448255174483;0.000000008160;
0.448355164484;0.448355172548;0.448355164484;0.000000008065;
0.448455154485;0.448455162454;0.448455154485;0.000000007969;
0.448555144486;0.448555152360;0.448555144486;0.000000007874;
0.448655134487;0.448655142266;0.448655134487;0.000000007780;
0.448755124488;0.448755132173;0.448755124488;0.000000007685;
0.448855114489;0.448855122079;0.448855114489;0.000000007591;
0.448955104490;0.448955111986;0.448955104490;0.000000007497;
0.449055094491;0.449055101894;0.449055094491;0.000000007403;
0.449155084492;0.449155091801;0.449155084492;0.000000007310;
0.449255074493;0.449255081709;0.449255074493;0.000000007216;
0.449355064494;0.449355071617;0.449355064494;0.000000007124;
0.449455054495;0.449455061526;0.449455054495;0.000000007031;
0.449555044496;0.449555051434;0.449555044496;0.000000006939;
0.449655034497;0.449655041343;0.449655034497;0.000000006847;
0.449755024498;0.449755031252;0.449755024498;0.000000006755;
0.449855014499;0.449855021162;0.449855014499;0.000000006663;
0.449955004500;0.449955011072;0.449955004500;0.000000006572;
0.450054994501;0.450055000982;0.450054994501;0.000000006481;
0.450154984502;0.450154990892;0.450154984502;0.000000006391;
0.450254974503;0.450254980803;0.450254974503;0.000000006300;
0.450354964504;0.450354970714;0.450354964504;0.000000006210;
0.450454954505;0.450454960625;0.450454954505;0.000000006121;
0.450554944506;0.450554950537;0.450554944506;0.000000006031;
0.450654934507;0.450654940448;0.450654934507;0.000000005942;
0.450754924508;0.450754930361;0.450754924508;0.000000005853;
0.450854914509;0.450854920273;0.450854914509;0.000000005765;
0.450954904510;0.450954910186;0.450954904510;0.000000005676;
0.451054894511;0.451054900099;0.451054894511;0.000000005588;
0.451154884512;0.451154890012;0.451154884512;0.000000005501;
0.451254874513;0.451254879926;0.451254874513;0.000000005414;
0.451354864514;0.451354869840;0.451354864514;0.000000005327;
0.451454854515;0.451454859755;0.451454854515;0.000000005240;
0.451554844516;0.451554849669;0.451554844516;0.000000005154;
0.451654834517;0.451654839584;0.451654834517;0.000000005068;
0.451754824518;0.451754829500;0.451754824518;0.000000004982;
0.451854814519;0.451854819415;0.451854814519;0.000000004897;
0.451954804520;0.451954809331;0.451954804520;0.000000004812;
0.452054794521;0.452054799247;0.452054794521;0.000000004727;
0.452154784522;0.452154789164;0.452154784522;0.000000004643;
0.452254774523;0.452254779081;0.452254774523;0.000000004559;
0.452354764524;0.452354768998;0.452354764524;0.000000004475;
0.452454754525;0.452454758916;0.452454754525;0.000000004391;
0.452554744526;0.452554748834;0.452554744526;0.000000004308;
0.452654734527;0.452654738752;0.452654734527;0.000000004226;
0.452754724528;0.452754728671;0.452754724528;0.000000004143;
0.452854714529;0.452854718590;0.452854714529;0.000000004061;
0.452954704530;0.452954708509;0.452954704530;0.000000003980;
0.453054694531;0.453054698429;0.453054694531;0.000000003898;
0.453154684532;0.453154688349;0.453154684532;0.000000003817;
0.453254674533;0.453254678269;0.453254674533;0.000000003737;
0.453354664534;0.453354668190;0.453354664534;0.000000003657;
0.453454654535;0.453454658111;0.453454654535;0.000000003577;
0.453554644536;0.453554648033;0.453554644536;0.000000003497;
0.453654634537;0.453654637954;0.453654634537;0.000000003418;
0.453754624538;0.453754627876;0.453754624538;0.000000003339;
0.453854614539;0.453854617799;0.453854614539;0.000000003260;
0.453954604540;0.453954607722;0.453954604540;0.000000003182;
0.454054594541;0.454054597645;0.454054594541;0.000000003104;
0.454154584542;0.454154587569;0.454154584542;0.000000003027;
0.454254574543;0.454254577492;0.454254574543;0.000000002950;
0.454354564544;0.454354567417;0.454354564544;0.000000002873;
0.454454554545;0.454454557341;0.454454554545;0.000000002797;
0.454554544546;0.454554547266;0.454554544546;0.000000002721;
0.454654534547;0.454654537192;0.454654534547;0.000000002645;
0.454754524548;0.454754527118;0.454754524548;0.000000002570;
0.454854514549;0.454854517044;0.454854514549;0.000000002495;
0.454954504550;0.454954506970;0.454954504550;0.000000002421;
0.455054494551;0.455054496897;0.455054494551;0.000000002347;
0.455154484552;0.455154486824;0.455154484552;0.000000002273;
0.455254474553;0.455254476752;0.455254474553;0.000000002199;
0.455354464554;0.455354466680;0.455354464554;0.000000002126;
0.455454454555;0.455454456608;0.455454454555;0.000000002054;
0.455554444556;0.455554446537;0.455554444556;0.000000001981;
0.455654434557;0.455654436466;0.455654434557;0.000000001910;
0.455754424558;0.455754426396;0.455754424558;0.000000001838;
0.455854414559;0.455854416325;0.455854414559;0.000000001767;
0.455954404560;0.455954406256;0.455954404560;0.000000001696;
0.456054394561;0.456054396186;0.456054394561;0.000000001626;
0.456154384562;0.456154386117;0.456154384562;0.000000001556;
0.456254374563;0.456254376049;0.456254374563;0.000000001486;
0.456354364564;0.456354365980;0.456354364564;0.000000001417;
0.456454354565;0.456454355913;0.456454354565;0.000000001348;
0.456554344566;0.456554345845;0.456554344566;0.000000001280;
0.456654334567;0.456654335778;0.456654334567;0.000000001212;
0.456754324568;0.456754325711;0.456754324568;0.000000001144;
0.456854314569;0.456854315645;0.456854314569;0.000000001077;
0.456954304570;0.456954305579;0.456954304570;0.000000001010;
0.457054294571;0.457054295514;0.457054294571;0.000000000943;
0.457154284572;0.457154285449;0.457154284572;0.000000000877;
0.457254274573;0.457254275384;0.457254274573;0.000000000811;
0.457354264574;0.457354265319;0.457354264574;0.000000000746;
0.457454254575;0.457454255256;0.457454254575;0.000000000681;
0.457554244576;0.457554245192;0.457554244576;0.000000000616;
0.457654234577;0.457654235129;0.457654234577;0.000000000552;
0.457754224578;0.457754225066;0.457754224578;0.000000000488;
0.457854214579;0.457854215004;0.457854214579;0.000000000425;
0.457954204580;0.457954204942;0.457954204580;0.000000000362;
0.458054194581;0.458054194880;0.458054194581;0.000000000300;
0.458154184582;0.458154184819;0.458154184582;0.000000000237;
0.458254174583;0.458254174758;0.458254174583;0.000000000175;
0.458354164584;0.458354164698;0.458354164584;0.000000000114;
0.458454154585;0.458454154638;0.458454154585;0.000000000053;
0.458554144586;0.458554144578;0.458554144586;0.000000000008;
0.458654134587;0.458654134519;0.458654134587;0.000000000068;
0.458754124588;0.458754124460;0.458754124588;0.000000000128;
0.458854114589;0.458854114402;0.458854114589;0.000000000187;
0.458954104590;0.458954104343;0.458954104590;0.000000000246;
0.459054094591;0.459054094286;0.459054094591;0.000000000305;
0.459154084592;0.459154084229;0.459154084592;0.000000000363;
0.459254074593;0.459254074172;0.459254074593;0.000000000421;
0.459354064594;0.459354064115;0.459354064594;0.000000000478;
0.459454054595;0.459454054059;0.459454054595;0.000000000535;
0.459554044596;0.459554044004;0.459554044596;0.000000000592;
0.459654034597;0.459654033948;0.459654034597;0.000000000648;
0.459754024598;0.459754023894;0.459754024598;0.000000000704;
0.459854014599;0.459854013839;0.459854014599;0.000000000759;
0.459954004600;0.459954003785;0.459954004600;0.000000000814;
0.460053994601;0.460053993732;0.460053994601;0.000000000869;
0.460153984602;0.460153983678;0.460153984602;0.000000000923;
0.460253974603;0.460253973625;0.460253974603;0.000000000977;
0.460353964604;0.460353963573;0.460353964604;0.000000001030;
0.460453954605;0.460453953521;0.460453954605;0.000000001084;
0.460553944606;0.460553943469;0.460553944606;0.000000001136;
0.460653934607;0.460653933418;0.460653934607;0.000000001188;
0.460753924608;0.460753923367;0.460753924608;0.000000001240;
0.460853914609;0.460853913317;0.460853914609;0.000000001292;
0.460953904610;0.460953903267;0.460953904610;0.000000001343;
0.461053894611;0.461053893217;0.461053894611;0.000000001393;
0.461153884612;0.461153883168;0.461153884612;0.000000001443;
0.461253874613;0.461253873119;0.461253874613;0.000000001493;
0.461353864614;0.461353863071;0.461353864614;0.000000001543;
0.461453854615;0.461453853023;0.461453854615;0.000000001592;
0.461553844616;0.461553842975;0.461553844616;0.000000001640;
0.461653834617;0.461653832928;0.461653834617;0.000000001689;
0.461753824618;0.461753822881;0.461753824618;0.000000001736;
0.461853814619;0.461853812835;0.461853814619;0.000000001784;
0.461953804620;0.461953802789;0.461953804620;0.000000001831;
0.462053794621;0.462053792743;0.462053794621;0.000000001877;
0.462153784622;0.462153782698;0.462153784622;0.000000001924;
0.462253774623;0.462253772653;0.462253774623;0.000000001969;
0.462353764624;0.462353762609;0.462353764624;0.000000002015;
0.462453754625;0.462453752565;0.462453754625;0.000000002060;
0.462553744626;0.462553742521;0.462553744626;0.000000002105;
0.462653734627;0.462653732478;0.462653734627;0.000000002149;
0.462753724628;0.462753722435;0.462753724628;0.000000002193;
0.462853714629;0.462853712392;0.462853714629;0.000000002236;
0.462953704630;0.462953702350;0.462953704630;0.000000002279;
0.463053694631;0.463053692309;0.463053694631;0.000000002322;
0.463153684632;0.463153682268;0.463153684632;0.000000002364;
0.463253674633;0.463253672227;0.463253674633;0.000000002406;
0.463353664634;0.463353662186;0.463353664634;0.000000002447;
0.463453654635;0.463453652146;0.463453654635;0.000000002488;
0.463553644636;0.463553642107;0.463553644636;0.000000002529;
0.463653634637;0.463653632067;0.463653634637;0.000000002569;
0.463753624638;0.463753622028;0.463753624638;0.000000002609;
0.463853614639;0.463853611990;0.463853614639;0.000000002649;
0.463953604640;0.463953601952;0.463953604640;0.000000002688;
0.464053594641;0.464053591914;0.464053594641;0.000000002726;
0.464153584642;0.464153581877;0.464153584642;0.000000002765;
0.464253574643;0.464253571840;0.464253574643;0.000000002803;
0.464353564644;0.464353561803;0.464353564644;0.000000002840;
0.464453554645;0.464453551767;0.464453554645;0.000000002877;
0.464553544646;0.464553541732;0.464553544646;0.000000002914;
0.464653534647;0.464653531696;0.464653534647;0.000000002950;
0.464753524648;0.464753521661;0.464753524648;0.000000002986;
0.464853514649;0.464853511627;0.464853514649;0.000000003022;
0.464953504650;0.464953501592;0.464953504650;0.000000003057;
0.465053494651;0.465053491559;0.465053494651;0.000000003092;
0.465153484652;0.465153481525;0.465153484652;0.000000003126;
0.465253474653;0.465253471492;0.465253474653;0.000000003160;
0.465353464654;0.465353461460;0.465353464654;0.000000003194;
0.465453454655;0.465453451427;0.465453454655;0.000000003227;
0.465553444656;0.465553441395;0.465553444656;0.000000003260;
0.465653434657;0.465653431364;0.465653434657;0.000000003293;
0.465753424658;0.465753421333;0.465753424658;0.000000003325;
0.465853414659;0.465853411302;0.465853414659;0.000000003357;
0.465953404660;0.465953401272;0.465953404660;0.000000003388;
0.466053394661;0.466053391242;0.466053394661;0.000000003419;
0.466153384662;0.466153381212;0.466153384662;0.000000003449;
0.466253374663;0.466253371183;0.466253374663;0.000000003480;
0.466353364664;0.466353361154;0.466353364664;0.000000003510;
0.466453354665;0.466453351126;0.466453354665;0.000000003539;
0.466553344666;0.466553341097;0.466553344666;0.000000003568;
0.466653334667;0.466653331070;0.466653334667;0.000000003597;
0.466753324668;0.466753321042;0.466753324668;0.000000003625;
0.466853314669;0.466853311015;0.466853314669;0.000000003653;
0.466953304670;0.466953300989;0.466953304670;0.000000003681;
0.467053294671;0.467053290963;0.467053294671;0.000000003708;
0.467153284672;0.467153280937;0.467153284672;0.000000003735;
0.467253274673;0.467253270911;0.467253274673;0.000000003761;
0.467353264674;0.467353260886;0.467353264674;0.000000003787;
0.467453254675;0.467453250861;0.467453254675;0.000000003813;
0.467553244676;0.467553240837;0.467553244676;0.000000003838;
0.467653234677;0.467653230813;0.467653234677;0.000000003863;
0.467753224678;0.467753220789;0.467753224678;0.000000003888;
0.467853214679;0.467853210766;0.467853214679;0.000000003912;
0.467953204680;0.467953200743;0.467953204680;0.000000003936;
0.468053194681;0.468053190721;0.468053194681;0.000000003960;
0.468153184682;0.468153180699;0.468153184682;0.000000003983;
0.468253174683;0.468253170677;0.468253174683;0.000000004006;
0.468353164684;0.468353160655;0.468353164684;0.000000004028;
0.468453154685;0.468453150634;0.468453154685;0.000000004050;
0.468553144686;0.468553140613;0.468553144686;0.000000004072;
0.468653134687;0.468653130593;0.468653134687;0.000000004094;
0.468753124688;0.468753120573;0.468753124688;0.000000004115;
0.468853114689;0.468853110553;0.468853114689;0.000000004135;
0.468953104690;0.468953100534;0.468953104690;0.000000004156;
0.469053094691;0.469053090515;0.469053094691;0.000000004176;
0.469153084692;0.469153080496;0.469153084692;0.000000004195;
0.469253074693;0.469253070478;0.469253074693;0.000000004214;
0.469353064694;0.469353060460;0.469353064694;0.000000004233;
0.469453054695;0.469453050443;0.469453054695;0.000000004252;
0.469553044696;0.469553040425;0.469553044696;0.000000004270;
0.469653034697;0.469653030409;0.469653034697;0.000000004288;
0.469753024698;0.469753020392;0.469753024698;0.000000004306;
0.469853014699;0.469853010376;0.469853014699;0.000000004323;
0.469953004700;0.469953000360;0.469953004700;0.000000004340;
0.470052994701;0.470052990345;0.470052994701;0.000000004356;
0.470152984702;0.470152980329;0.470152984702;0.000000004372;
0.470252974703;0.470252970315;0.470252974703;0.000000004388;
0.470352964704;0.470352960300;0.470352964704;0.000000004403;
0.470452954705;0.470452950286;0.470452954705;0.000000004419;
0.470552944706;0.470552940272;0.470552944706;0.000000004433;
0.470652934707;0.470652930259;0.470652934707;0.000000004448;
0.470752924708;0.470752920246;0.470752924708;0.000000004462;
0.470852914709;0.470852910233;0.470852914709;0.000000004476;
0.470952904710;0.470952900220;0.470952904710;0.000000004489;
0.471052894711;0.471052890208;0.471052894711;0.000000004502;
0.471152884712;0.471152880196;0.471152884712;0.000000004515;
0.471252874713;0.471252870185;0.471252874713;0.000000004527;
0.471352864714;0.471352860174;0.471352864714;0.000000004540;
0.471452854715;0.471452850163;0.471452854715;0.000000004551;
0.471552844716;0.471552840153;0.471552844716;0.000000004563;
0.471652834717;0.471652830143;0.471652834717;0.000000004574;
0.471752824718;0.471752820133;0.471752824718;0.000000004585;
0.471852814719;0.471852810123;0.471852814719;0.000000004595;
0.471952804720;0.471952800114;0.471952804720;0.000000004606;
0.472052794721;0.472052790105;0.472052794721;0.000000004615;
0.472152784722;0.472152780097;0.472152784722;0.000000004625;
0.472252774723;0.472252770088;0.472252774723;0.000000004634;
0.472352764724;0.472352760081;0.472352764724;0.000000004643;
0.472452754725;0.472452750073;0.472452754725;0.000000004652;
0.472552744726;0.472552740066;0.472552744726;0.000000004660;
0.472652734727;0.472652730059;0.472652734727;0.000000004668;
0.472752724728;0.472752720052;0.472752724728;0.000000004675;
0.472852714729;0.472852710046;0.472852714729;0.000000004683;
0.472952704730;0.472952700040;0.472952704730;0.000000004690;
0.473052694731;0.473052690034;0.473052694731;0.000000004696;
0.473152684732;0.473152680029;0.473152684732;0.000000004703;
0.473252674733;0.473252670024;0.473252674733;0.000000004709;
0.473352664734;0.473352660019;0.473352664734;0.000000004715;
0.473452654735;0.473452650014;0.473452654735;0.000000004720;
0.473552644736;0.473552640010;0.473552644736;0.000000004725;
0.473652634737;0.473652630006;0.473652634737;0.000000004730;
0.473752624738;0.473752620003;0.473752624738;0.000000004735;
0.473852614739;0.473852609999;0.473852614739;0.000000004739;
0.473952604740;0.473952599996;0.473952604740;0.000000004743;
0.474052594741;0.474052589994;0.474052594741;0.000000004747;
0.474152584742;0.474152579991;0.474152584742;0.000000004750;
0.474252574743;0.474252569989;0.474252574743;0.000000004753;
0.474352564744;0.474352559988;0.474352564744;0.000000004756;
0.474452554745;0.474452549986;0.474452554745;0.000000004758;
0.474552544746;0.474552539985;0.474552544746;0.000000004761;
0.474652534747;0.474652529984;0.474652534747;0.000000004763;
0.474752524748;0.474752519983;0.474752524748;0.000000004764;
0.474852514749;0.474852509983;0.474852514749;0.000000004766;
0.474952504750;0.474952499983;0.474952504750;0.000000004767;
0.475052494751;0.475052489983;0.475052494751;0.000000004767;
0.475152484752;0.475152479984;0.475152484752;0.000000004768;
0.475252474753;0.475252469984;0.475252474753;0.000000004768;
0.475352464754;0.475352459986;0.475352464754;0.000000004768;
0.475452454755;0.475452449987;0.475452454755;0.000000004768;
0.475552444756;0.475552439989;0.475552444756;0.000000004767;
0.475652434757;0.475652429990;0.475652434757;0.000000004766;
0.475752424758;0.475752419993;0.475752424758;0.000000004765;
0.475852414759;0.475852409995;0.475852414759;0.000000004763;
0.475952404760;0.475952399998;0.475952404760;0.000000004762;
0.476052394761;0.476052390001;0.476052394761;0.000000004760;
0.476152384762;0.476152380004;0.476152384762;0.000000004757;
0.476252374763;0.476252370008;0.476252374763;0.000000004755;
0.476352364764;0.476352360012;0.476352364764;0.000000004752;
0.476452354765;0.476452350016;0.476452354765;0.000000004749;
0.476552344766;0.476552340020;0.476552344766;0.000000004745;
0.476652334767;0.476652330025;0.476652334767;0.000000004742;
0.476752324768;0.476752320030;0.476752324768;0.000000004738;
0.476852314769;0.476852310035;0.476852314769;0.000000004734;
0.476952304770;0.476952300040;0.476952304770;0.000000004729;
0.477052294771;0.477052290046;0.477052294771;0.000000004725;
0.477152284772;0.477152280052;0.477152284772;0.000000004720;
0.477252274773;0.477252270058;0.477252274773;0.000000004715;
0.477352264774;0.477352260064;0.477352264774;0.000000004709;
0.477452254775;0.477452250071;0.477452254775;0.000000004703;
0.477552244776;0.477552240078;0.477552244776;0.000000004697;
0.477652234777;0.477652230085;0.477652234777;0.000000004691;
0.477752224778;0.477752220093;0.477752224778;0.000000004685;
0.477852214779;0.477852210101;0.477852214779;0.000000004678;
0.477952204780;0.477952200109;0.477952204780;0.000000004671;
0.478052194781;0.478052190117;0.478052194781;0.000000004664;
0.478152184782;0.478152180125;0.478152184782;0.000000004656;
0.478252174783;0.478252170134;0.478252174783;0.000000004649;
0.478352164784;0.478352160143;0.478352164784;0.000000004641;
0.478452154785;0.478452150152;0.478452154785;0.000000004632;
0.478552144786;0.478552140162;0.478552144786;0.000000004624;
0.478652134787;0.478652130171;0.478652134787;0.000000004615;
0.478752124788;0.478752120181;0.478752124788;0.000000004606;
0.478852114789;0.478852110191;0.478852114789;0.000000004597;
0.478952104790;0.478952100202;0.478952104790;0.000000004588;
0.479052094791;0.479052090212;0.479052094791;0.000000004578;
0.479152084792;0.479152080223;0.479152084792;0.000000004568;
0.479252074793;0.479252070234;0.479252074793;0.000000004558;
0.479352064794;0.479352060246;0.479352064794;0.000000004548;
0.479452054795;0.479452050257;0.479452054795;0.000000004537;
0.479552044796;0.479552040269;0.479552044796;0.000000004526;
0.479652034797;0.479652030281;0.479652034797;0.000000004515;
0.479752024798;0.479752020293;0.479752024798;0.000000004504;
0.479852014799;0.479852010306;0.479852014799;0.000000004493;
0.479952004800;0.479952000319;0.479952004800;0.000000004481;
0.480051994801;0.480051990331;0.480051994801;0.000000004469;
0.480151984802;0.480151980345;0.480151984802;0.000000004457;
0.480251974803;0.480251970358;0.480251974803;0.000000004445;
0.480351964804;0.480351960372;0.480351964804;0.000000004432;
0.480451954805;0.480451950385;0.480451954805;0.000000004419;
0.480551944806;0.480551940399;0.480551944806;0.000000004406;
0.480651934807;0.480651930414;0.480651934807;0.000000004393;
0.480751924808;0.480751920428;0.480751924808;0.000000004379;
0.480851914809;0.480851910443;0.480851914809;0.000000004366;
0.480951904810;0.480951900458;0.480951904810;0.000000004352;
0.481051894811;0.481051890473;0.481051894811;0.000000004338;
0.481151884812;0.481151880488;0.481151884812;0.000000004323;
0.481251874813;0.481251870504;0.481251874813;0.000000004309;
0.481351864814;0.481351860519;0.481351864814;0.000000004294;
0.481451854815;0.481451850535;0.481451854815;0.000000004279;
0.481551844816;0.481551840552;0.481551844816;0.000000004264;
0.481651834817;0.481651830568;0.481651834817;0.000000004249;
0.481751824818;0.481751820585;0.481751824818;0.000000004233;
0.481851814819;0.481851810601;0.481851814819;0.000000004217;
0.481951804820;0.481951800618;0.481951804820;0.000000004201;
0.482051794821;0.482051790635;0.482051794821;0.000000004185;
0.482151784822;0.482151780653;0.482151784822;0.000000004169;
0.482251774823;0.482251770670;0.482251774823;0.000000004152;
0.482351764824;0.482351760688;0.482351764824;0.000000004135;
0.482451754825;0.482451750706;0.482451754825;0.000000004118;
0.482551744826;0.482551740724;0.482551744826;0.000000004101;
0.482651734827;0.482651730743;0.482651734827;0.000000004084;
0.482751724828;0.482751720761;0.482751724828;0.000000004066;
0.482851714829;0.482851710780;0.482851714829;0.000000004049;
0.482951704830;0.482951700799;0.482951704830;0.000000004031;
0.483051694831;0.483051690818;0.483051694831;0.000000004013;
0.483151684832;0.483151680837;0.483151684832;0.000000003994;
0.483251674833;0.483251670857;0.483251674833;0.000000003976;
0.483351664834;0.483351660876;0.483351664834;0.000000003957;
0.483451654835;0.483451650896;0.483451654835;0.000000003938;
0.483551644836;0.483551640916;0.483551644836;0.000000003919;
0.483651634837;0.483651630936;0.483651634837;0.000000003900;
0.483751624838;0.483751620957;0.483751624838;0.000000003881;
0.483851614839;0.483851610977;0.483851614839;0.000000003861;
0.483951604840;0.483951600998;0.483951604840;0.000000003841;
0.484051594841;0.484051591019;0.484051594841;0.000000003821;
0.484151584842;0.484151581040;0.484151584842;0.000000003801;
0.484251574843;0.484251571062;0.484251574843;0.000000003781;
0.484351564844;0.484351561083;0.484351564844;0.000000003760;
0.484451554845;0.484451551105;0.484451554845;0.000000003740;
0.484551544846;0.484551541127;0.484551544846;0.000000003719;
0.484651534847;0.484651531149;0.484651534847;0.000000003698;
0.484751524848;0.484751521171;0.484751524848;0.000000003677;
0.484851514849;0.484851511193;0.484851514849;0.000000003656;
0.484951504850;0.484951501216;0.484951504850;0.000000003634;
0.485051494851;0.485051491238;0.485051494851;0.000000003612;
0.485151484852;0.485151481261;0.485151484852;0.000000003591;
0.485251474853;0.485251471284;0.485251474853;0.000000003569;
0.485351464854;0.485351461307;0.485351464854;0.000000003546;
0.485451454855;0.485451451330;0.485451454855;0.000000003524;
0.485551444856;0.485551441354;0.485551444856;0.000000003502;
0.485651434857;0.485651431378;0.485651434857;0.000000003479;
0.485751424858;0.485751421401;0.485751424858;0.000000003456;
0.485851414859;0.485851411425;0.485851414859;0.000000003433;
0.485951404860;0.485951401449;0.485951404860;0.000000003410;
0.486051394861;0.486051391474;0.486051394861;0.000000003387;
0.486151384862;0.486151381498;0.486151384862;0.000000003363;
0.486251374863;0.486251371523;0.486251374863;0.000000003340;
0.486351364864;0.486351361548;0.486351364864;0.000000003316;
0.486451354865;0.486451351572;0.486451354865;0.000000003292;
0.486551344866;0.486551341597;0.486551344866;0.000000003268;
0.486651334867;0.486651331623;0.486651334867;0.000000003244;
0.486751324868;0.486751321648;0.486751324868;0.000000003220;
0.486851314869;0.486851311674;0.486851314869;0.000000003195;
0.486951304870;0.486951301699;0.486951304870;0.000000003170;
0.487051294871;0.487051291725;0.487051294871;0.000000003146;
0.487151284872;0.487151281751;0.487151284872;0.000000003121;
0.487251274873;0.487251271777;0.487251274873;0.000000003096;
0.487351264874;0.487351261803;0.487351264874;0.000000003070;
0.487451254875;0.487451251830;0.487451254875;0.000000003045;
0.487551244876;0.487551241856;0.487551244876;0.000000003019;
0.487651234877;0.487651231883;0.487651234877;0.000000002994;
0.487751224878;0.487751221909;0.487751224878;0.000000002968;
0.487851214879;0.487851211936;0.487851214879;0.000000002942;
0.487951204880;0.487951201963;0.487951204880;0.000000002916;
0.488051194881;0.488051191991;0.488051194881;0.000000002890;
0.488151184882;0.488151182018;0.488151184882;0.000000002864;
0.488251174883;0.488251172045;0.488251174883;0.000000002837;
0.488351164884;0.488351162073;0.488351164884;0.000000002810;
0.488451154885;0.488451152101;0.488451154885;0.000000002784;
0.488551144886;0.488551142129;0.488551144886;0.000000002757;
0.488651134887;0.488651132157;0.488651134887;0.000000002730;
0.488751124888;0.488751122185;0.488751124888;0.000000002703;
0.488851114889;0.488851112213;0.488851114889;0.000000002675;
0.488951104890;0.488951102241;0.488951104890;0.000000002648;
0.489051094891;0.489051092270;0.489051094891;0.000000002621;
0.489151084892;0.489151082299;0.489151084892;0.000000002593;
0.489251074893;0.489251072327;0.489251074893;0.000000002565;
0.489351064894;0.489351062356;0.489351064894;0.000000002537;
0.489451054895;0.489451052385;0.489451054895;0.000000002509;
0.489551044896;0.489551042414;0.489551044896;0.000000002481;
0.489651034897;0.489651032444;0.489651034897;0.000000002453;
0.489751024898;0.489751022473;0.489751024898;0.000000002424;
0.489851014899;0.489851012503;0.489851014899;0.000000002396;
0.489951004900;0.489951002532;0.489951004900;0.000000002367;
0.490050994901;0.490050992562;0.490050994901;0.000000002339;
0.490150984902;0.490150982592;0.490150984902;0.000000002310;
0.490250974903;0.490250972622;0.490250974903;0.000000002281;
0.490350964904;0.490350962652;0.490350964904;0.000000002252;
0.490450954905;0.490450952682;0.490450954905;0.000000002223;
0.490550944906;0.490550942712;0.490550944906;0.000000002193;
0.490650934907;0.490650932743;0.490650934907;0.000000002164;
0.490750924908;0.490750922773;0.490750924908;0.000000002134;
0.490850914909;0.490850912804;0.490850914909;0.000000002105;
0.490950904910;0.490950902835;0.490950904910;0.000000002075;
0.491050894911;0.491050892866;0.491050894911;0.000000002045;
0.491150884912;0.491150882897;0.491150884912;0.000000002015;
0.491250874913;0.491250872928;0.491250874913;0.000000001985;
0.491350864914;0.491350862959;0.491350864914;0.000000001955;
0.491450854915;0.491450852990;0.491450854915;0.000000001924;
0.491550844916;0.491550843022;0.491550844916;0.000000001894;
0.491650834917;0.491650833053;0.491650834917;0.000000001863;
0.491750824918;0.491750823085;0.491750824918;0.000000001833;
0.491850814919;0.491850813116;0.491850814919;0.000000001802;
0.491950804920;0.491950803148;0.491950804920;0.000000001771;
0.492050794921;0.492050793180;0.492050794921;0.000000001740;
0.492150784922;0.492150783212;0.492150784922;0.000000001709;
0.492250774923;0.492250773244;0.492250774923;0.000000001678;
0.492350764924;0.492350763276;0.492350764924;0.000000001647;
0.492450754925;0.492450753309;0.492450754925;0.000000001616;
0.492550744926;0.492550743341;0.492550744926;0.000000001584;
0.492650734927;0.492650733374;0.492650734927;0.000000001553;
0.492750724928;0.492750723406;0.492750724928;0.000000001521;
0.492850714929;0.492850713439;0.492850714929;0.000000001489;
0.492950704930;0.492950703472;0.492950704930;0.000000001458;
0.493050694931;0.493050693505;0.493050694931;0.000000001426;
0.493150684932;0.493150683538;0.493150684932;0.000000001394;
0.493250674933;0.493250673571;0.493250674933;0.000000001362;
0.493350664934;0.493350663604;0.493350664934;0.000000001330;
0.493450654935;0.493450653637;0.493450654935;0.000000001297;
0.493550644936;0.493550643671;0.493550644936;0.000000001265;
0.493650634937;0.493650633704;0.493650634937;0.000000001233;
0.493750624938;0.493750623737;0.493750624938;0.000000001200;
0.493850614939;0.493850613771;0.493850614939;0.000000001167;
0.493950604940;0.493950603805;0.493950604940;0.000000001135;
0.494050594941;0.494050593839;0.494050594941;0.000000001102;
0.494150584942;0.494150583872;0.494150584942;0.000000001069;
0.494250574943;0.494250573906;0.494250574943;0.000000001036;
0.494350564944;0.494350563940;0.494350564944;0.000000001003;
0.494450554945;0.494450553975;0.494450554945;0.000000000970;
0.494550544946;0.494550544009;0.494550544946;0.000000000937;
0.494650534947;0.494650534043;0.494650534947;0.000000000904;
0.494750524948;0.494750524077;0.494750524948;0.000000000870;
0.494850514949;0.494850514112;0.494850514949;0.000000000837;
0.494950504950;0.494950504146;0.494950504950;0.000000000803;
0.495050494951;0.495050494181;0.495050494951;0.000000000770;
0.495150484952;0.495150484216;0.495150484952;0.000000000736;
0.495250474953;0.495250474250;0.495250474953;0.000000000702;
0.495350464954;0.495350464285;0.495350464954;0.000000000668;
0.495450454955;0.495450454320;0.495450454955;0.000000000634;
0.495550444956;0.495550444355;0.495550444956;0.000000000600;
0.495650434957;0.495650434390;0.495650434957;0.000000000566;
0.495750424958;0.495750424425;0.495750424958;0.000000000532;
0.495850414959;0.495850414460;0.495850414959;0.000000000498;
0.495950404960;0.495950404496;0.495950404960;0.000000000464;
0.496050394961;0.496050394531;0.496050394961;0.000000000429;
0.496150384962;0.496150384566;0.496150384962;0.000000000395;
0.496250374963;0.496250374602;0.496250374963;0.000000000361;
0.496350364964;0.496350364637;0.496350364964;0.000000000326;
0.496450354965;0.496450354673;0.496450354965;0.000000000291;
0.496550344966;0.496550344709;0.496550344966;0.000000000257;
0.496650334967;0.496650334745;0.496650334967;0.000000000222;
0.496750324968;0.496750324780;0.496750324968;0.000000000187;
0.496850314969;0.496850314816;0.496850314969;0.000000000152;
0.496950304970;0.496950304852;0.496950304970;0.000000000117;
0.497050294971;0.497050294888;0.497050294971;0.000000000082;
0.497150284972;0.497150284924;0.497150284972;0.000000000047;
0.497250274973;0.497250274961;0.497250274973;0.000000000012;
0.497350264974;0.497350264997;0.497350264974;0.000000000023;
0.497450254975;0.497450255033;0.497450254975;0.000000000058;
0.497550244976;0.497550245069;0.497550244976;0.000000000094;
0.497650234977;0.497650235106;0.497650234977;0.000000000129;
0.497750224978;0.497750225142;0.497750224978;0.000000000165;
0.497850214979;0.497850215179;0.497850214979;0.000000000200;
0.497950204980;0.497950205215;0.497950204980;0.000000000236;
0.498050194981;0.498050195252;0.498050194981;0.000000000271;
0.498150184982;0.498150185289;0.498150184982;0.000000000307;
0.498250174983;0.498250175325;0.498250174983;0.000000000343;
0.498350164984;0.498350165362;0.498350164984;0.000000000379;
0.498450154985;0.498450155399;0.498450154985;0.000000000415;
0.498550144986;0.498550145436;0.498550144986;0.000000000451;
0.498650134987;0.498650135473;0.498650134987;0.000000000487;
0.498750124988;0.498750125510;0.498750124988;0.000000000523;
0.498850114989;0.498850115547;0.498850114989;0.000000000559;
0.498950104990;0.498950105584;0.498950104990;0.000000000595;
0.499050094991;0.499050095621;0.499050094991;0.000000000631;
0.499150084992;0.499150085659;0.499150084992;0.000000000667;
0.499250074993;0.499250075696;0.499250074993;0.000000000704;
0.499350064994;0.499350065733;0.499350064994;0.000000000740;
0.499450054995;0.499450055771;0.499450054995;0.000000000776;
0.499550044996;0.499550045808;0.499550044996;0.000000000813;
0.499650034997;0.499650035846;0.499650034997;0.000000000849;
0.499750024998;0.499750025883;0.499750024998;0.000000000886;
0.499850014999;0.499850015921;0.499850014999;0.000000000922;
0.499950005000;0.499950005959;0.499950005000;0.000000000959;
0.500049995000;0.500049995996;0.500049995000;0.000000000996;
0.500149985001;0.500149986034;0.500149985001;0.000000001033;
0.500249975002;0.500249976072;0.500249975002;0.000000001069;
0.500349965003;0.500349966110;0.500349965003;0.000000001106;
0.500449955004;0.500449956148;0.500449955004;0.000000001143;
0.500549945005;0.500549946185;0.500549945005;0.000000001180;
0.500649935006;0.500649936223;0.500649935006;0.000000001217;
0.500749925007;0.500749926261;0.500749925007;0.000000001254;
0.500849915008;0.500849916300;0.500849915008;0.000000001291;
0.500949905009;0.500949906338;0.500949905009;0.000000001328;
0.501049895010;0.501049896376;0.501049895010;0.000000001365;
0.501149885011;0.501149886414;0.501149885011;0.000000001402;
0.501249875012;0.501249876452;0.501249875012;0.000000001440;
0.501349865013;0.501349866490;0.501349865013;0.000000001477;
0.501449855014;0.501449856529;0.501449855014;0.000000001514;
0.501549845015;0.501549846567;0.501549845015;0.000000001552;
0.501649835016;0.501649836606;0.501649835016;0.000000001589;
0.501749825017;0.501749826644;0.501749825017;0.000000001626;
0.501849815018;0.501849816682;0.501849815018;0.000000001664;
0.501949805019;0.501949806721;0.501949805019;0.000000001701;
0.502049795020;0.502049796760;0.502049795020;0.000000001739;
0.502149785021;0.502149786798;0.502149785021;0.000000001777;
0.502249775022;0.502249776837;0.502249775022;0.000000001814;
0.502349765023;0.502349766875;0.502349765023;0.000000001852;
0.502449755024;0.502449756914;0.502449755024;0.000000001890;
0.502549745025;0.502549746953;0.502549745025;0.000000001927;
0.502649735026;0.502649736992;0.502649735026;0.000000001965;
0.502749725027;0.502749727030;0.502749725027;0.000000002003;
0.502849715028;0.502849717069;0.502849715028;0.000000002041;
0.502949705029;0.502949707108;0.502949705029;0.000000002079;
0.503049695030;0.503049697147;0.503049695030;0.000000002116;
0.503149685031;0.503149687186;0.503149685031;0.000000002154;
0.503249675032;0.503249677225;0.503249675032;0.000000002192;
0.503349665033;0.503349667264;0.503349665033;0.000000002230;
0.503449655034;0.503449657303;0.503449655034;0.000000002268;
0.503549645035;0.503549647342;0.503549645035;0.000000002306;
0.503649635036;0.503649637381;0.503649635036;0.000000002344;
0.503749625037;0.503749627420;0.503749625037;0.000000002383;
0.503849615038;0.503849617459;0.503849615038;0.000000002421;
0.503949605039;0.503949607498;0.503949605039;0.000000002459;
0.504049595040;0.504049597538;0.504049595040;0.000000002497;
0.504149585041;0.504149587577;0.504149585041;0.000000002535;
0.504249575042;0.504249577616;0.504249575042;0.000000002574;
0.504349565043;0.504349567655;0.504349565043;0.000000002612;
0.504449555044;0.504449557695;0.504449555044;0.000000002650;
0.504549545045;0.504549547734;0.504549545045;0.000000002689;
0.504649535046;0.504649537773;0.504649535046;0.000000002727;
0.504749525047;0.504749527813;0.504749525047;0.000000002765;
0.504849515048;0.504849517852;0.504849515048;0.000000002804;
0.504949505049;0.504949507892;0.504949505049;0.000000002842;
0.505049495050;0.505049497931;0.505049495050;0.000000002881;
0.505149485051;0.505149487971;0.505149485051;0.000000002919;
0.505249475052;0.505249478010;0.505249475052;0.000000002958;
0.505349465053;0.505349468050;0.505349465053;0.000000002996;
0.505449455054;0.505449458089;0.505449455054;0.000000003035;
0.505549445055;0.505549448129;0.505549445055;0.000000003073;
0.505649435056;0.505649438168;0.505649435056;0.000000003112;
0.505749425057;0.505749428208;0.505749425057;0.000000003151;
0.505849415058;0.505849418248;0.505849415058;0.000000003189;
0.505949405059;0.505949408287;0.505949405059;0.000000003228;
0.506049395060;0.506049398327;0.506049395060;0.000000003267;
0.506149385061;0.506149388367;0.506149385061;0.000000003305;
0.506249375062;0.506249378406;0.506249375062;0.000000003344;
0.506349365063;0.506349368446;0.506349365063;0.000000003383;
0.506449355064;0.506449358486;0.506449355064;0.000000003422;
0.506549345065;0.506549348526;0.506549345065;0.000000003460;
0.506649335066;0.506649338566;0.506649335066;0.000000003499;
0.506749325067;0.506749328605;0.506749325067;0.000000003538;
0.506849315068;0.506849318645;0.506849315068;0.000000003577;
0.506949305069;0.506949308685;0.506949305069;0.000000003616;
0.507049295070;0.507049298725;0.507049295070;0.000000003655;
0.507149285071;0.507149288765;0.507149285071;0.000000003693;
0.507249275072;0.507249278805;0.507249275072;0.000000003732;
0.507349265073;0.507349268845;0.507349265073;0.000000003771;
0.507449255074;0.507449258885;0.507449255074;0.000000003810;
0.507549245075;0.507549248925;0.507549245075;0.000000003849;
0.507649235076;0.507649238965;0.507649235076;0.000000003888;
0.507749225077;0.507749229005;0.507749225077;0.000000003927;
0.507849215078;0.507849219045;0.507849215078;0.000000003966;
0.507949205079;0.507949209085;0.507949205079;0.000000004005;
0.508049195080;0.508049199125;0.508049195080;0.000000004044;
0.508149185081;0.508149189165;0.508149185081;0.000000004083;
0.508249175082;0.508249179205;0.508249175082;0.000000004122;
0.508349165083;0.508349169245;0.508349165083;0.000000004161;
0.508449155084;0.508449159285;0.508449155084;0.000000004201;
0.508549145085;0.508549149325;0.508549145085;0.000000004240;
0.508649135086;0.508649139365;0.508649135086;0.000000004279;
0.508749125087;0.508749129405;0.508749125087;0.000000004318;
0.508849115088;0.508849119445;0.508849115088;0.000000004357;
0.508949105089;0.508949109486;0.508949105089;0.000000004396;
0.509049095090;0.509049099526;0.509049095090;0.000000004435;
0.509149085091;0.509149089566;0.509149085091;0.000000004474;
0.509249075092;0.509249079606;0.509249075092;0.000000004514;
0.509349065093;0.509349069646;0.509349065093;0.000000004553;
0.509449055094;0.509449059687;0.509449055094;0.000000004592;
0.509549045095;0.509549049727;0.509549045095;0.000000004631;
0.509649035096;0.509649039767;0.509649035096;0.000000004670;
0.509749025097;0.509749029807;0.509749025097;0.000000004710;
0.509849015098;0.509849019847;0.509849015098;0.000000004749;
0.509949005099;0.509949009888;0.509949005099;0.000000004788;
0.510048995100;0.510048999928;0.510048995100;0.000000004827;
0.510148985101;0.510148989968;0.510148985101;0.000000004867;
0.510248975102;0.510248980008;0.510248975102;0.000000004906;
0.510348965103;0.510348970049;0.510348965103;0.000000004945;
0.510448955104;0.510448960089;0.510448955104;0.000000004985;
0.510548945105;0.510548950129;0.510548945105;0.000000005024;
0.510648935106;0.510648940170;0.510648935106;0.000000005063;
0.510748925107;0.510748930210;0.510748925107;0.000000005102;
0.510848915108;0.510848920250;0.510848915108;0.000000005142;
0.510948905109;0.510948910291;0.510948905109;0.000000005181;
0.511048895110;0.511048900331;0.511048895110;0.000000005220;
0.511148885111;0.511148890371;0.511148885111;0.000000005260;
0.511248875112;0.511248880412;0.511248875112;0.000000005299;
0.511348865113;0.511348870452;0.511348865113;0.000000005338;
0.511448855114;0.511448860492;0.511448855114;0.000000005378;
0.511548845115;0.511548850533;0.511548845115;0.000000005417;
0.511648835116;0.511648840573;0.511648835116;0.000000005456;
0.511748825117;0.511748830613;0.511748825117;0.000000005496;
0.511848815118;0.511848820654;0.511848815118;0.000000005535;
0.511948805119;0.511948810694;0.511948805119;0.000000005575;
0.512048795120;0.512048800734;0.512048795120;0.000000005614;
0.512148785121;0.512148790775;0.512148785121;0.000000005653;
0.512248775122;0.512248780815;0.512248775122;0.000000005693;
0.512348765123;0.512348770855;0.512348765123;0.000000005732;
0.512448755124;0.512448760896;0.512448755124;0.000000005771;
0.512548745125;0.512548750936;0.512548745125;0.000000005811;
0.512648735126;0.512648740977;0.512648735126;0.000000005850;
0.512748725127;0.512748731017;0.512748725127;0.000000005890;
0.512848715128;0.512848721057;0.512848715128;0.000000005929;
0.512948705129;0.512948711098;0.512948705129;0.000000005968;
0.513048695130;0.513048701138;0.513048695130;0.000000006008;
0.513148685131;0.513148691179;0.513148685131;0.000000006047;
0.513248675132;0.513248681219;0.513248675132;0.000000006086;
0.513348665133;0.513348671259;0.513348665133;0.000000006126;
0.513448655134;0.513448661300;0.513448655134;0.000000006165;
0.513548645135;0.513548651340;0.513548645135;0.000000006205;
0.513648635136;0.513648641380;0.513648635136;0.000000006244;
0.513748625137;0.513748631421;0.513748625137;0.000000006283;
0.513848615138;0.513848621461;0.513848615138;0.000000006323;
0.513948605139;0.513948611502;0.513948605139;0.000000006362;
0.514048595140;0.514048601542;0.514048595140;0.000000006402;
0.514148585141;0.514148591582;0.514148585141;0.000000006441;
0.514248575142;0.514248581623;0.514248575142;0.000000006480;
0.514348565143;0.514348571663;0.514348565143;0.000000006520;
0.514448555144;0.514448561703;0.514448555144;0.000000006559;
0.514548545145;0.514548551744;0.514548545145;0.000000006598;
0.514648535146;0.514648541784;0.514648535146;0.000000006638;
0.514748525147;0.514748531825;0.514748525147;0.000000006677;
0.514848515148;0.514848521865;0.514848515148;0.000000006716;
0.514948505149;0.514948511905;0.514948505149;0.000000006756;
0.515048495150;0.515048501946;0.515048495150;0.000000006795;
0.515148485151;0.515148491986;0.515148485151;0.000000006835;
0.515248475152;0.515248482026;0.515248475152;0.000000006874;
0.515348465153;0.515348472067;0.515348465153;0.000000006913;
0.515448455154;0.515448462107;0.515448455154;0.000000006953;
0.515548445155;0.515548452147;0.515548445155;0.000000006992;
0.515648435156;0.515648442188;0.515648435156;0.000000007031;
0.515748425157;0.515748432228;0.515748425157;0.000000007071;
0.515848415158;0.515848422268;0.515848415158;0.000000007110;
0.515948405159;0.515948412309;0.515948405159;0.000000007149;
0.516048395160;0.516048402349;0.516048395160;0.000000007189;
0.516148385161;0.516148392389;0.516148385161;0.000000007228;
0.516248375162;0.516248382430;0.516248375162;0.000000007267;
0.516348365163;0.516348372470;0.516348365163;0.000000007307;
0.516448355164;0.516448362510;0.516448355164;0.000000007346;
0.516548345165;0.516548352551;0.516548345165;0.000000007385;
0.516648335166;0.516648342591;0.516648335166;0.000000007424;
0.516748325167;0.516748332631;0.516748325167;0.000000007464;
0.516848315168;0.516848322671;0.516848315168;0.000000007503;
0.516948305169;0.516948312712;0.516948305169;0.000000007542;
0.517048295170;0.517048302752;0.517048295170;0.000000007581;
0.517148285171;0.517148292792;0.517148285171;0.000000007621;
0.517248275172;0.517248282832;0.517248275172;0.000000007660;
0.517348265173;0.517348272873;0.517348265173;0.000000007699;
0.517448255174;0.517448262913;0.517448255174;0.000000007738;
0.517548245175;0.517548252953;0.517548245175;0.000000007778;
0.517648235176;0.517648242993;0.517648235176;0.000000007817;
0.517748225177;0.517748233034;0.517748225177;0.000000007856;
0.517848215178;0.517848223074;0.517848215178;0.000000007895;
0.517948205179;0.517948213114;0.517948205179;0.000000007935;
0.518048195180;0.518048203154;0.518048195180;0.000000007974;
0.518148185181;0.518148193194;0.518148185181;0.000000008013;
0.518248175182;0.518248183235;0.518248175182;0.000000008052;
0.518348165183;0.518348173275;0.518348165183;0.000000008091;
0.518448155184;0.518448163315;0.518448155184;0.000000008130;
0.518548145185;0.518548153355;0.518548145185;0.000000008170;
0.518648135186;0.518648143395;0.518648135186;0.000000008209;
0.518748125187;0.518748133435;0.518748125187;0.000000008248;
0.518848115188;0.518848123475;0.518848115188;0.000000008287;
0.518948105189;0.518948113516;0.518948105189;0.000000008326;
0.519048095190;0.519048103556;0.519048095190;0.000000008365;
0.519148085191;0.519148093596;0.519148085191;0.000000008404;
0.519248075192;0.519248083636;0.519248075192;0.000000008443;
0.519348065193;0.519348073676;0.519348065193;0.000000008482;
0.519448055194;0.519448063716;0.519448055194;0.000000008522;
0.519548045195;0.519548053756;0.519548045195;0.000000008561;
0.519648035196;0.519648043796;0.519648035196;0.000000008600;
0.519748025197;0.519748033836;0.519748025197;0.000000008639;
0.519848015198;0.519848023876;0.519848015198;0.000000008678;
0.519948005199;0.519948013916;0.519948005199;0.000000008717;
0.520047995200;0.520048003956;0.520047995200;0.000000008756;
0.520147985201;0.520147993996;0.520147985201;0.000000008795;
0.520247975202;0.520247984036;0.520247975202;0.000000008834;
0.520347965203;0.520347974076;0.520347965203;0.000000008873;
0.520447955204;0.520447964116;0.520447955204;0.000000008912;
0.520547945205;0.520547954156;0.520547945205;0.000000008951;
0.520647935206;0.520647944196;0.520647935206;0.000000008990;
0.520747925207;0.520747934236;0.520747925207;0.000000009029;
0.520847915208;0.520847924276;0.520847915208;0.000000009067;
0.520947905209;0.520947914316;0.520947905209;0.000000009106;
0.521047895210;0.521047904356;0.521047895210;0.000000009145;
0.521147885211;0.521147894396;0.521147885211;0.000000009184;
0.521247875212;0.521247884435;0.521247875212;0.000000009223;
0.521347865213;0.521347874475;0.521347865213;0.000000009262;
0.521447855214;0.521447864515;0.521447855214;0.000000009301;
0.521547845215;0.521547854555;0.521547845215;0.000000009340;
0.521647835216;0.521647844595;0.521647835216;0.000000009378;
0.521747825217;0.521747834635;0.521747825217;0.000000009417;
0.521847815218;0.521847824674;0.521847815218;0.000000009456;
0.521947805219;0.521947814714;0.521947805219;0.000000009495;
0.522047795220;0.522047804754;0.522047795220;0.000000009534;
0.522147785221;0.522147794794;0.522147785221;0.000000009572;
0.522247775222;0.522247784834;0.522247775222;0.000000009611;
0.522347765223;0.522347774873;0.522347765223;0.000000009650;
0.522447755224;0.522447764913;0.522447755224;0.000000009689;
0.522547745225;0.522547754953;0.522547745225;0.000000009727;
0.522647735226;0.522647744993;0.522647735226;0.000000009766;
0.522747725227;0.522747735032;0.522747725227;0.000000009805;
0.522847715228;0.522847725072;0.522847715228;0.000000009843;
0.522947705229;0.522947715112;0.522947705229;0.000000009882;
0.523047695230;0.523047705151;0.523047695230;0.000000009921;
0.523147685231;0.523147695191;0.523147685231;0.000000009959;
0.523247675232;0.523247685230;0.523247675232;0.000000009998;
0.523347665233;0.523347675270;0.523347665233;0.000000010037;
0.523447655234;0.523447665310;0.523447655234;0.000000010075;
0.523547645235;0.523547655349;0.523547645235;0.000000010114;
0.523647635236;0.523647645389;0.523647635236;0.000000010152;
0.523747625237;0.523747635428;0.523747625237;0.000000010191;
0.523847615238;0.523847625468;0.523847615238;0.000000010229;
0.523947605239;0.523947615507;0.523947605239;0.000000010268;
0.524047595240;0.524047605547;0.524047595240;0.000000010307;
0.524147585241;0.524147595587;0.524147585241;0.000000010345;
0.524247575242;0.524247585626;0.524247575242;0.000000010384;
0.524347565243;0.524347575665;0.524347565243;0.000000010422;
0.524447555244;0.524447565705;0.524447555244;0.000000010460;
0.524547545245;0.524547555744;0.524547545245;0.000000010499;
0.524647535246;0.524647545784;0.524647535246;0.000000010537;
0.524747525247;0.524747535823;0.524747525247;0.000000010576;
0.524847515248;0.524847525863;0.524847515248;0.000000010614;
0.524947505249;0.524947515902;0.524947505249;0.000000010653;
0.525047495250;0.525047505941;0.525047495250;0.000000010691;
0.525147485251;0.525147495981;0.525147485251;0.000000010729;
0.525247475252;0.525247486020;0.525247475252;0.000000010768;
0.525347465253;0.525347476059;0.525347465253;0.000000010806;
0.525447455254;0.525447466099;0.525447455254;0.000000010844;
0.525547445255;0.525547456138;0.525547445255;0.000000010883;
0.525647435256;0.525647446177;0.525647435256;0.000000010921;
0.525747425257;0.525747436217;0.525747425257;0.000000010959;
0.525847415258;0.525847426256;0.525847415258;0.000000010997;
0.525947405259;0.525947416295;0.525947405259;0.000000011036;
0.526047395260;0.526047406334;0.526047395260;0.000000011074;
0.526147385261;0.526147396374;0.526147385261;0.000000011112;
0.526247375262;0.526247386413;0.526247375262;0.000000011150;
0.526347365263;0.526347376452;0.526347365263;0.000000011189;
0.526447355264;0.526447366491;0.526447355264;0.000000011227;
0.526547345265;0.526547356530;0.526547345265;0.000000011265;
0.526647335266;0.526647346570;0.526647335266;0.000000011303;
0.526747325267;0.526747336609;0.526747325267;0.000000011341;
0.526847315268;0.526847326648;0.526847315268;0.000000011379;
0.526947305269;0.526947316687;0.526947305269;0.000000011417;
0.527047295270;0.527047306726;0.527047295270;0.000000011455;
0.527147285271;0.527147296765;0.527147285271;0.000000011494;
0.527247275272;0.527247286804;0.527247275272;0.000000011532;
0.527347265273;0.527347276843;0.527347265273;0.000000011570;
0.527447255274;0.527447266882;0.527447255274;0.000000011608;
0.527547245275;0.527547256921;0.527547245275;0.000000011646;
0.527647235276;0.527647246960;0.527647235276;0.000000011684;
0.527747225277;0.527747236999;0.527747225277;0.000000011722;
0.527847215278;0.527847227038;0.527847215278;0.000000011760;
0.527947205279;0.527947217077;0.527947205279;0.000000011797;
0.528047195280;0.528047207116;0.528047195280;0.000000011835;
0.528147185281;0.528147197155;0.528147185281;0.000000011873;
0.528247175282;0.528247187194;0.528247175282;0.000000011911;
0.528347165283;0.528347177233;0.528347165283;0.000000011949;
0.528447155284;0.528447167271;0.528447155284;0.000000011987;
0.528547145285;0.528547157310;0.528547145285;0.000000012025;
0.528647135286;0.528647147349;0.528647135286;0.000000012063;
0.528747125287;0.528747137388;0.528747125287;0.000000012100;
0.528847115288;0.528847127427;0.528847115288;0.000000012138;
0.528947105289;0.528947117465;0.528947105289;0.000000012176;
0.529047095290;0.529047107504;0.529047095290;0.000000012214;
0.529147085291;0.529147097543;0.529147085291;0.000000012252;
0.529247075292;0.529247087582;0.529247075292;0.000000012289;
0.529347065293;0.529347077620;0.529347065293;0.000000012327;
0.529447055294;0.529447067659;0.529447055294;0.000000012365;
0.529547045295;0.529547057698;0.529547045295;0.000000012402;
0.529647035296;0.529647047736;0.529647035296;0.000000012440;
0.529747025297;0.529747037775;0.529747025297;0.000000012478;
0.529847015298;0.529847027814;0.529847015298;0.000000012515;
0.529947005299;0.529947017852;0.529947005299;0.000000012553;
0.530046995300;0.530047007891;0.530046995300;0.000000012591;
0.530146985301;0.530146997930;0.530146985301;0.000000012628;
0.530246975302;0.530246987968;0.530246975302;0.000000012666;
0.530346965303;0.530346978007;0.530346965303;0.000000012703;
0.530446955304;0.530446968045;0.530446955304;0.000000012741;
0.530546945305;0.530546958084;0.530546945305;0.000000012778;
0.530646935306;0.530646948122;0.530646935306;0.000000012816;
0.530746925307;0.530746938161;0.530746925307;0.000000012853;
0.530846915308;0.530846928199;0.530846915308;0.000000012891;
0.530946905309;0.530946918238;0.530946905309;0.000000012928;
0.531046895310;0.531046908276;0.531046895310;0.000000012966;
0.531146885311;0.531146898315;0.531146885311;0.000000013003;
0.531246875312;0.531246888353;0.531246875312;0.000000013041;
0.531346865313;0.531346878391;0.531346865313;0.000000013078;
0.531446855314;0.531446868430;0.531446855314;0.000000013115;
0.531546845315;0.531546858468;0.531546845315;0.000000013153;
0.531646835316;0.531646848506;0.531646835316;0.000000013190;
0.531746825317;0.531746838545;0.531746825317;0.000000013227;
0.531846815318;0.531846828583;0.531846815318;0.000000013265;
0.531946805319;0.531946818621;0.531946805319;0.000000013302;
0.532046795320;0.532046808660;0.532046795320;0.000000013339;
0.532146785321;0.532146798698;0.532146785321;0.000000013376;
0.532246775322;0.532246788736;0.532246775322;0.000000013414;
0.532346765323;0.532346778774;0.532346765323;0.000000013451;
0.532446755324;0.532446768813;0.532446755324;0.000000013488;
0.532546745325;0.532546758851;0.532546745325;0.000000013525;
0.532646735326;0.532646748889;0.532646735326;0.000000013563;
0.532746725327;0.532746738927;0.532746725327;0.000000013600;
0.532846715328;0.532846728965;0.532846715328;0.000000013637;
0.532946705329;0.532946719003;0.532946705329;0.000000013674;
0.533046695330;0.533046709042;0.533046695330;0.000000013711;
0.533146685331;0.533146699080;0.533146685331;0.000000013748;
0.533246675332;0.533246689118;0.533246675332;0.000000013785;
0.533346665333;0.533346679156;0.533346665333;0.000000013822;
0.533446655334;0.533446669194;0.533446655334;0.000000013859;
0.533546645335;0.533546659232;0.533546645335;0.000000013896;
0.533646635336;0.533646649270;0.533646635336;0.000000013933;
0.533746625337;0.533746639308;0.533746625337;0.000000013970;
0.533846615338;0.533846629346;0.533846615338;0.000000014007;
0.533946605339;0.533946619384;0.533946605339;0.000000014044;
0.534046595340;0.534046609422;0.534046595340;0.000000014081;
0.534146585341;0.534146599460;0.534146585341;0.000000014118;
0.534246575342;0.534246589498;0.534246575342;0.000000014155;
0.534346565343;0.534346579536;0.534346565343;0.000000014192;
0.534446555344;0.534446569573;0.534446555344;0.000000014229;
0.534546545345;0.534546559611;0.534546545345;0.000000014266;
0.534646535346;0.534646549649;0.534646535346;0.000000014303;
0.534746525347;0.534746539687;0.534746525347;0.000000014340;
0.534846515348;0.534846529725;0.534846515348;0.000000014376;
0.534946505349;0.534946519763;0.534946505349;0.000000014413;
0.535046495350;0.535046509800;0.535046495350;0.000000014450;
0.535146485351;0.535146499838;0.535146485351;0.000000014487;
0.535246475352;0.535246489876;0.535246475352;0.000000014523;
0.535346465353;0.535346479914;0.535346465353;0.000000014560;
0.535446455354;0.535446469951;0.535446455354;0.000000014597;
0.535546445355;0.535546459989;0.535546445355;0.000000014634;
0.535646435356;0.535646450027;0.535646435356;0.000000014670;
0.535746425357;0.535746440064;0.535746425357;0.000000014707;
0.535846415358;0.535846430102;0.535846415358;0.000000014744;
0.535946405359;0.535946420140;0.535946405359;0.000000014780;
0.536046395360;0.536046410177;0.536046395360;0.000000014817;
0.536146385361;0.536146400215;0.536146385361;0.000000014853;
0.536246375362;0.536246390253;0.536246375362;0.000000014890;
0.536346365363;0.536346380290;0.536346365363;0.000000014927;
0.536446355364;0.536446370328;0.536446355364;0.000000014963;
0.536546345365;0.536546360365;0.536546345365;0.000000015000;
0.536646335366;0.536646350403;0.536646335366;0.000000015036;
0.536746325367;0.536746340440;0.536746325367;0.000000015073;
0.536846315368;0.536846330478;0.536846315368;0.000000015109;
0.536946305369;0.536946320515;0.536946305369;0.000000015146;
0.537046295370;0.537046310553;0.537046295370;0.000000015182;
0.537146285371;0.537146300590;0.537146285371;0.000000015219;
0.537246275372;0.537246290628;0.537246275372;0.000000015255;
0.537346265373;0.537346280665;0.537346265373;0.000000015292;
0.537446255374;0.537446270702;0.537446255374;0.000000015328;
0.537546245375;0.537546260740;0.537546245375;0.000000015364;
0.537646235376;0.537646250777;0.537646235376;0.000000015401;
0.537746225377;0.537746240815;0.537746225377;0.000000015437;
0.537846215378;0.537846230852;0.537846215378;0.000000015473;
0.537946205379;0.537946220889;0.537946205379;0.000000015510;
0.538046195380;0.538046210926;0.538046195380;0.000000015546;
0.538146185381;0.538146200964;0.538146185381;0.000000015582;
0.538246175382;0.538246191001;0.538246175382;0.000000015619;
0.538346165383;0.538346181038;0.538346165383;0.000000015655;
0.538446155384;0.538446171076;0.538446155384;0.000000015691;
0.538546145385;0.538546161113;0.538546145385;0.000000015727;
0.538646135386;0.538646151150;0.538646135386;0.000000015764;
0.538746125387;0.538746141187;0.538746125387;0.000000015800;
0.538846115388;0.538846131224;0.538846115388;0.000000015836;
0.538946105389;0.538946121262;0.538946105389;0.000000015872;
0.539046095390;0.539046111299;0.539046095390;0.000000015908;
0.539146085391;0.539146101336;0.539146085391;0.000000015944;
0.539246075392;0.539246091373;0.539246075392;0.000000015980;
0.539346065393;0.539346081410;0.539346065393;0.000000016017;
0.539446055394;0.539446071447;0.539446055394;0.000000016053;
0.539546045395;0.539546061484;0.539546045395;0.000000016089;
0.539646035396;0.539646051521;0.539646035396;0.000000016125;
0.539746025397;0.539746041558;0.539746025397;0.000000016161;
0.539846015398;0.539846031595;0.539846015398;0.000000016197;
0.539946005399;0.539946021632;0.539946005399;0.000000016233;
0.540045995400;0.540046011669;0.540045995400;0.000000016269;
0.540145985401;0.540146001706;0.540145985401;0.000000016305;
0.540245975402;0.540245991743;0.540245975402;0.000000016341;
0.540345965403;0.540345981780;0.540345965403;0.000000016377;
0.540445955404;0.540445971817;0.540445955404;0.000000016413;
0.540545945405;0.540545961854;0.540545945405;0.000000016449;
0.540645935406;0.540645951891;0.540645935406;0.000000016485;
0.540745925407;0.540745941928;0.540745925407;0.000000016520;
0.540845915408;0.540845931965;0.540845915408;0.000000016556;
0.540945905409;0.540945922002;0.540945905409;0.000000016592;
0.541045895410;0.541045912038;0.541045895410;0.000000016628;
0.541145885411;0.541145902075;0.541145885411;0.000000016664;
0.541245875412;0.541245892112;0.541245875412;0.000000016700;
0.541345865413;0.541345882149;0.541345865413;0.000000016735;
0.541445855414;0.541445872186;0.541445855414;0.000000016771;
0.541545845415;0.541545862222;0.541545845415;0.000000016807;
0.541645835416;0.541645852259;0.541645835416;0.000000016843;
0.541745825417;0.541745842296;0.541745825417;0.000000016879;
0.541845815418;0.541845832333;0.541845815418;0.000000016914;
0.541945805419;0.541945822369;0.541945805419;0.000000016950;
0.542045795420;0.542045812406;0.542045795420;0.000000016986;
0.542145785421;0.542145802443;0.542145785421;0.000000017021;
0.542245775422;0.542245792479;0.542245775422;0.000000017057;
0.542345765423;0.542345782516;0.542345765423;0.000000017093;
0.542445755424;0.542445772553;0.542445755424;0.000000017128;
0.542545745425;0.542545762589;0.542545745425;0.000000017164;
0.542645735426;0.542645752626;0.542645735426;0.000000017200;
0.542745725427;0.542745742663;0.542745725427;0.000000017235;
0.542845715428;0.542845732699;0.542845715428;0.000000017271;
0.542945705429;0.542945722736;0.542945705429;0.000000017306;
0.543045695430;0.543045712772;0.543045695430;0.000000017342;
0.543145685431;0.543145702809;0.543145685431;0.000000017377;
0.543245675432;0.543245692845;0.543245675432;0.000000017413;
0.543345665433;0.543345682882;0.543345665433;0.000000017449;
0.543445655434;0.543445672918;0.543445655434;0.000000017484;
0.543545645435;0.543545662955;0.543545645435;0.000000017519;
0.543645635436;0.543645652991;0.543645635436;0.000000017555;
0.543745625437;0.543745643028;0.543745625437;0.000000017590;
0.543845615438;0.543845633064;0.543845615438;0.000000017626;
0.543945605439;0.543945623101;0.543945605439;0.000000017661;
0.544045595440;0.544045613137;0.544045595440;0.000000017697;
0.544145585441;0.544145603174;0.544145585441;0.000000017732;
0.544245575442;0.544245593210;0.544245575442;0.000000017768;
0.544345565443;0.544345583246;0.544345565443;0.000000017803;
0.544445555444;0.544445573283;0.544445555444;0.000000017838;
0.544545545445;0.544545563319;0.544545545445;0.000000017874;
0.544645535446;0.544645553355;0.544645535446;0.000000017909;
0.544745525447;0.544745543392;0.544745525447;0.000000017944;
0.544845515448;0.544845533428;0.544845515448;0.000000017980;
0.544945505449;0.544945523464;0.544945505449;0.000000018015;
0.545045495450;0.545045513501;0.545045495450;0.000000018050;
0.545145485451;0.545145503537;0.545145485451;0.000000018086;
0.545245475452;0.545245493573;0.545245475452;0.000000018121;
0.545345465453;0.545345483609;0.545345465453;0.000000018156;
0.545445455454;0.545445473646;0.545445455454;0.000000018191;
0.545545445455;0.545545463682;0.545545445455;0.000000018226;
0.545645435456;0.545645453718;0.545645435456;0.000000018262;
0.545745425457;0.545745443754;0.545745425457;0.000000018297;
0.545845415458;0.545845433791;0.545845415458;0.000000018332;
0.545945405459;0.545945423827;0.545945405459;0.000000018367;
0.546045395460;0.546045413863;0.546045395460;0.000000018402;
0.546145385461;0.546145403899;0.546145385461;0.000000018438;
0.546245375462;0.546245393935;0.546245375462;0.000000018473;
0.546345365463;0.546345383971;0.546345365463;0.000000018508;
0.546445355464;0.546445374007;0.546445355464;0.000000018543;
0.546545345465;0.546545364043;0.546545345465;0.000000018578;
0.546645335466;0.546645354080;0.546645335466;0.000000018613;
0.546745325467;0.546745344116;0.546745325467;0.000000018648;
0.546845315468;0.546845334152;0.546845315468;0.000000018683;
0.546945305469;0.546945324188;0.546945305469;0.000000018718;
0.547045295470;0.547045314224;0.547045295470;0.000000018753;
0.547145285471;0.547145304260;0.547145285471;0.000000018788;
0.547245275472;0.547245294296;0.547245275472;0.000000018823;
0.547345265473;0.547345284332;0.547345265473;0.000000018858;
0.547445255474;0.547445274368;0.547445255474;0.000000018893;
0.547545245475;0.547545264404;0.547545245475;0.000000018928;
0.547645235476;0.547645254440;0.547645235476;0.000000018963;
0.547745225477;0.547745244476;0.547745225477;0.000000018998;
0.547845215478;0.547845234512;0.547845215478;0.000000019033;
0.547945205479;0.547945224548;0.547945205479;0.000000019068;
0.548045195480;0.548045214584;0.548045195480;0.000000019103;
0.548145185481;0.548145204619;0.548145185481;0.000000019138;
0.548245175482;0.548245194655;0.548245175482;0.000000019173;
0.548345165483;0.548345184691;0.548345165483;0.000000019208;
0.548445155484;0.548445174727;0.548445155484;0.000000019243;
0.548545145485;0.548545164763;0.548545145485;0.000000019278;
0.548645135486;0.548645154799;0.548645135486;0.000000019312;
0.548745125487;0.548745144835;0.548745125487;0.000000019347;
0.548845115488;0.548845134870;0.548845115488;0.000000019382;
0.548945105489;0.548945124906;0.548945105489;0.000000019417;
0.549045095490;0.549045114942;0.549045095490;0.000000019452;
0.549145085491;0.549145104978;0.549145085491;0.000000019486;
0.549245075492;0.549245095014;0.549245075492;0.000000019521;
0.549345065493;0.549345085049;0.549345065493;0.000000019556;
0.549445055494;0.549445075085;0.549445055494;0.000000019591;
0.549545045495;0.549545065121;0.549545045495;0.000000019626;
0.549645035496;0.549645055157;0.549645035496;0.000000019660;
0.549745025497;0.549745045192;0.549745025497;0.000000019695;
0.549845015498;0.549845035228;0.549845015498;0.000000019730;
0.549945005499;0.549945025264;0.549945005499;0.000000019764;
0.550044995500;0.550045015300;0.550044995500;0.000000019799;
0.550144985501;0.550145005335;0.550144985501;0.000000019834;
0.550244975502;0.550244995371;0.550244975502;0.000000019869;
0.550344965503;0.550344985407;0.550344965503;0.000000019903;
0.550444955504;0.550444975442;0.550444955504;0.000000019938;
0.550544945505;0.550544965478;0.550544945505;0.000000019972;
0.550644935506;0.550644955514;0.550644935506;0.000000020007;
0.550744925507;0.550744945549;0.550744925507;0.000000020042;
0.550844915508;0.550844935585;0.550844915508;0.000000020076;
0.550944905509;0.550944925620;0.550944905509;0.000000020111;
0.551044895510;0.551044915656;0.551044895510;0.000000020146;
0.551144885511;0.551144905692;0.551144885511;0.000000020180;
0.551244875512;0.551244895727;0.551244875512;0.000000020215;
0.551344865513;0.551344885763;0.551344865513;0.000000020249;
0.551444855514;0.551444875798;0.551444855514;0.000000020284;
0.551544845515;0.551544865834;0.551544845515;0.000000020318;
0.551644835516;0.551644855869;0.551644835516;0.000000020353;
0.551744825517;0.551744845905;0.551744825517;0.000000020388;
0.551844815518;0.551844835940;0.551844815518;0.000000020422;
0.551944805519;0.551944825976;0.551944805519;0.000000020457;
0.552044795520;0.552044816012;0.552044795520;0.000000020491;
0.552144785521;0.552144806047;0.552144785521;0.000000020526;
0.552244775522;0.552244796083;0.552244775522;0.000000020560;
0.552344765523;0.552344786118;0.552344765523;0.000000020595;
0.552444755524;0.552444776153;0.552444755524;0.000000020629;
0.552544745525;0.552544766189;0.552544745525;0.000000020663;
0.552644735526;0.552644756224;0.552644735526;0.000000020698;
0.552744725527;0.552744746260;0.552744725527;0.000000020732;
0.552844715528;0.552844736295;0.552844715528;0.000000020767;
0.552944705529;0.552944726331;0.552944705529;0.000000020801;
0.553044695530;0.553044716366;0.553044695530;0.000000020836;
0.553144685531;0.553144706401;0.553144685531;0.000000020870;
0.553244675532;0.553244696437;0.553244675532;0.000000020904;
0.553344665533;0.553344686472;0.553344665533;0.000000020939;
0.553444655534;0.553444676508;0.553444655534;0.000000020973;
0.553544645535;0.553544666543;0.553544645535;0.000000021008;
0.553644635536;0.553644656578;0.553644635536;0.000000021042;
0.553744625537;0.553744646614;0.553744625537;0.000000021076;
0.553844615538;0.553844636649;0.553844615538;0.000000021111;
0.553944605539;0.553944626684;0.553944605539;0.000000021145;
0.554044595540;0.554044616720;0.554044595540;0.000000021179;
0.554144585541;0.554144606755;0.554144585541;0.000000021214;
0.554244575542;0.554244596790;0.554244575542;0.000000021248;
0.554344565543;0.554344586826;0.554344565543;0.000000021282;
0.554444555544;0.554444576861;0.554444555544;0.000000021317;
0.554544545545;0.554544566896;0.554544545545;0.000000021351;
0.554644535546;0.554644556932;0.554644535546;0.000000021385;
0.554744525547;0.554744546967;0.554744525547;0.000000021419;
0.554844515548;0.554844537002;0.554844515548;0.000000021454;
0.554944505549;0.554944527037;0.554944505549;0.000000021488;
0.555044495550;0.555044517073;0.555044495550;0.000000021522;
0.555144485551;0.555144507108;0.555144485551;0.000000021556;
0.555244475552;0.555244497143;0.555244475552;0.000000021591;
0.555344465553;0.555344487178;0.555344465553;0.000000021625;
0.555444455554;0.555444477214;0.555444455554;0.000000021659;
0.555544445555;0.555544467249;0.555544445555;0.000000021693;
0.555644435556;0.555644457284;0.555644435556;0.000000021728;
0.555744425557;0.555744447319;0.555744425557;0.000000021762;
0.555844415558;0.555844437354;0.555844415558;0.000000021796;
0.555944405559;0.555944427390;0.555944405559;0.000000021830;
0.556044395560;0.556044417425;0.556044395560;0.000000021864;
0.556144385561;0.556144407460;0.556144385561;0.000000021899;
0.556244375562;0.556244397495;0.556244375562;0.000000021933;
0.556344365563;0.556344387530;0.556344365563;0.000000021967;
0.556444355564;0.556444377566;0.556444355564;0.000000022001;
0.556544345565;0.556544367601;0.556544345565;0.000000022035;
0.556644335566;0.556644357636;0.556644335566;0.000000022069;
0.556744325567;0.556744347671;0.556744325567;0.000000022104;
0.556844315568;0.556844337706;0.556844315568;0.000000022138;
0.556944305569;0.556944327741;0.556944305569;0.000000022172;
0.557044295570;0.557044317776;0.557044295570;0.000000022206;
0.557144285571;0.557144307812;0.557144285571;0.000000022240;
0.557244275572;0.557244297847;0.557244275572;0.000000022274;
0.557344265573;0.557344287882;0.557344265573;0.000000022308;
0.557444255574;0.557444277917;0.557444255574;0.000000022342;
0.557544245575;0.557544267952;0.557544245575;0.000000022377;
0.557644235576;0.557644257987;0.557644235576;0.000000022411;
0.557744225577;0.557744248022;0.557744225577;0.000000022445;
0.557844215578;0.557844238057;0.557844215578;0.000000022479;
0.557944205579;0.557944228092;0.557944205579;0.000000022513;
0.558044195580;0.558044218127;0.558044195580;0.000000022547;
0.558144185581;0.558144208162;0.558144185581;0.000000022581;
0.558244175582;0.558244198197;0.558244175582;0.000000022615;
0.558344165583;0.558344188233;0.558344165583;0.000000022649;
0.558444155584;0.558444178268;0.558444155584;0.000000022683;
0.558544145585;0.558544168303;0.558544145585;0.000000022717;
0.558644135586;0.558644158338;0.558644135586;0.000000022751;
0.558744125587;0.558744148373;0.558744125587;0.000000022785;
0.558844115588;0.558844138408;0.558844115588;0.000000022819;
0.558944105589;0.558944128443;0.558944105589;0.000000022853;
0.559044095590;0.559044118478;0.559044095590;0.000000022887;
0.559144085591;0.559144108513;0.559144085591;0.000000022921;
0.559244075592;0.559244098548;0.559244075592;0.000000022955;
0.559344065593;0.559344088583;0.559344065593;0.000000022989;
0.559444055594;0.559444078618;0.559444055594;0.000000023023;
0.559544045595;0.559544068653;0.559544045595;0.000000023057;
0.559644035596;0.559644058688;0.559644035596;0.000000023091;
0.559744025597;0.559744048723;0.559744025597;0.000000023125;
0.559844015598;0.559844038758;0.559844015598;0.000000023159;
0.559944005599;0.559944028793;0.559944005599;0.000000023193;
0.560043995600;0.560044018828;0.560043995600;0.000000023227;
0.560143985601;0.560144008863;0.560143985601;0.000000023261;
0.560243975602;0.560243998898;0.560243975602;0.000000023295;
0.560343965603;0.560343988933;0.560343965603;0.000000023329;
0.560443955604;0.560443978968;0.560443955604;0.000000023363;
0.560543945605;0.560543969003;0.560543945605;0.000000023397;
0.560643935606;0.560643959038;0.560643935606;0.000000023431;
0.560743925607;0.560743949072;0.560743925607;0.000000023465;
0.560843915608;0.560843939107;0.560843915608;0.000000023499;
0.560943905609;0.560943929142;0.560943905609;0.000000023533;
0.561043895610;0.561043919177;0.561043895610;0.000000023567;
0.561143885611;0.561143909212;0.561143885611;0.000000023601;
0.561243875612;0.561243899247;0.561243875612;0.000000023635;
0.561343865613;0.561343889282;0.561343865613;0.000000023669;
0.561443855614;0.561443879317;0.561443855614;0.000000023703;
0.561543845615;0.561543869352;0.561543845615;0.000000023737;
0.561643835616;0.561643859387;0.561643835616;0.000000023770;
0.561743825617;0.561743849422;0.561743825617;0.000000023804;
0.561843815618;0.561843839457;0.561843815618;0.000000023838;
0.561943805619;0.561943829492;0.561943805619;0.000000023872;
0.562043795620;0.562043819527;0.562043795620;0.000000023906;
0.562143785621;0.562143809561;0.562143785621;0.000000023940;
0.562243775622;0.562243799596;0.562243775622;0.000000023974;
0.562343765623;0.562343789631;0.562343765623;0.000000024008;
0.562443755624;0.562443779666;0.562443755624;0.000000024042;
0.562543745625;0.562543769701;0.562543745625;0.000000024076;
0.562643735626;0.562643759736;0.562643735626;0.000000024110;
0.562743725627;0.562743749771;0.562743725627;0.000000024143;
0.562843715628;0.562843739806;0.562843715628;0.000000024177;
0.562943705629;0.562943729841;0.562943705629;0.000000024211;
0.563043695630;0.563043719876;0.563043695630;0.000000024245;
0.563143685631;0.563143709910;0.563143685631;0.000000024279;
0.563243675632;0.563243699945;0.563243675632;0.000000024313;
0.563343665633;0.563343689980;0.563343665633;0.000000024347;
0.563443655634;0.563443680015;0.563443655634;0.000000024381;
0.563543645635;0.563543670050;0.563543645635;0.000000024415;
0.563643635636;0.563643660085;0.563643635636;0.000000024448;
0.563743625637;0.563743650120;0.563743625637;0.000000024482;
0.563843615638;0.563843640155;0.563843615638;0.000000024516;
0.563943605639;0.563943630190;0.563943605639;0.000000024550;
0.564043595640;0.564043620224;0.564043595640;0.000000024584;
0.564143585641;0.564143610259;0.564143585641;0.000000024618;
0.564243575642;0.564243600294;0.564243575642;0.000000024652;
0.564343565643;0.564343590329;0.564343565643;0.000000024686;
0.564443555644;0.564443580364;0.564443555644;0.000000024719;
0.564543545645;0.564543570399;0.564543545645;0.000000024753;
0.564643535646;0.564643560434;0.564643535646;0.000000024787;
0.564743525647;0.564743550469;0.564743525647;0.000000024821;
0.564843515648;0.564843540503;0.564843515648;0.000000024855;
0.564943505649;0.564943530538;0.564943505649;0.000000024889;
0.565043495650;0.565043520573;0.565043495650;0.000000024923;
0.565143485651;0.565143510608;0.565143485651;0.000000024957;
0.565243475652;0.565243500643;0.565243475652;0.000000024990;
0.565343465653;0.565343490678;0.565343465653;0.000000025024;
0.565443455654;0.565443480713;0.565443455654;0.000000025058;
0.565543445655;0.565543470747;0.565543445655;0.000000025092;
0.565643435656;0.565643460782;0.565643435656;0.000000025126;
0.565743425657;0.565743450817;0.565743425657;0.000000025160;
0.565843415658;0.565843440852;0.565843415658;0.000000025194;
0.565943405659;0.565943430887;0.565943405659;0.000000025228;
0.566043395660;0.566043420922;0.566043395660;0.000000025261;
0.566143385661;0.566143410957;0.566143385661;0.000000025295;
0.566243375662;0.566243400992;0.566243375662;0.000000025329;
0.566343365663;0.566343391026;0.566343365663;0.000000025363;
0.566443355664;0.566443381061;0.566443355664;0.000000025397;
0.566543345665;0.566543371096;0.566543345665;0.000000025431;
0.566643335666;0.566643361131;0.566643335666;0.000000025465;
0.566743325667;0.566743351166;0.566743325667;0.000000025499;
0.566843315668;0.566843341201;0.566843315668;0.000000025532;
0.566943305669;0.566943331236;0.566943305669;0.000000025566;
0.567043295670;0.567043321271;0.567043295670;0.000000025600;
0.567143285671;0.567143311305;0.567143285671;0.000000025634;
0.567243275672;0.567243301340;0.567243275672;0.000000025668;
0.567343265673;0.567343291375;0.567343265673;0.000000025702;
0.567443255674;0.567443281410;0.567443255674;0.000000025736;
0.567543245675;0.567543271445;0.567543245675;0.000000025770;
0.567643235676;0.567643261480;0.567643235676;0.000000025803;
0.567743225677;0.567743251515;0.567743225677;0.000000025837;
0.567843215678;0.567843241550;0.567843215678;0.000000025871;
0.567943205679;0.567943231585;0.567943205679;0.000000025905;
0.568043195680;0.568043221619;0.568043195680;0.000000025939;
0.568143185681;0.568143211654;0.568143185681;0.000000025973;
0.568243175682;0.568243201689;0.568243175682;0.000000026007;
0.568343165683;0.568343191724;0.568343165683;0.000000026041;
0.568443155684;0.568443181759;0.568443155684;0.000000026075;
0.568543145685;0.568543171794;0.568543145685;0.000000026108;
0.568643135686;0.568643161829;0.568643135686;0.000000026142;
0.568743125687;0.568743151864;0.568743125687;0.000000026176;
0.568843115688;0.568843141899;0.568843115688;0.000000026210;
0.568943105689;0.568943131934;0.568943105689;0.000000026244;
0.569043095690;0.569043121968;0.569043095690;0.000000026278;
0.569143085691;0.569143112003;0.569143085691;0.000000026312;
0.569243075692;0.569243102038;0.569243075692;0.000000026346;
0.569343065693;0.569343092073;0.569343065693;0.000000026380;
0.569443055694;0.569443082108;0.569443055694;0.000000026414;
0.569543045695;0.569543072143;0.569543045695;0.000000026448;
0.569643035696;0.569643062178;0.569643035696;0.000000026482;
0.569743025697;0.569743052213;0.569743025697;0.000000026515;
0.569843015698;0.569843042248;0.569843015698;0.000000026549;
0.569943005699;0.569943032283;0.569943005699;0.000000026583;
0.570042995700;0.570043022318;0.570042995700;0.000000026617;
0.570142985701;0.570143012353;0.570142985701;0.000000026651;
0.570242975702;0.570243002388;0.570242975702;0.000000026685;
0.570342965703;0.570342992423;0.570342965703;0.000000026719;
0.570442955704;0.570442982458;0.570442955704;0.000000026753;
0.570542945705;0.570542972492;0.570542945705;0.000000026787;
0.570642935706;0.570642962527;0.570642935706;0.000000026821;
0.570742925707;0.570742952562;0.570742925707;0.000000026855;
0.570842915708;0.570842942597;0.570842915708;0.000000026889;
0.570942905709;0.570942932632;0.570942905709;0.000000026923;
0.571042895710;0.571042922667;0.571042895710;0.000000026957;
0.571142885711;0.571142912702;0.571142885711;0.000000026991;
0.571242875712;0.571242902737;0.571242875712;0.000000027025;
0.571342865713;0.571342892772;0.571342865713;0.000000027059;
0.571442855714;0.571442882807;0.571442855714;0.000000027093;
0.571542845715;0.571542872842;0.571542845715;0.000000027127;
0.571642835716;0.571642862877;0.571642835716;0.000000027161;
0.571742825717;0.571742852912;0.571742825717;0.000000027195;
0.571842815718;0.571842842947;0.571842815718;0.000000027229;
0.571942805719;0.571942832982;0.571942805719;0.000000027263;
0.572042795720;0.572042823017;0.572042795720;0.000000027297;
0.572142785721;0.572142813052;0.572142785721;0.000000027331;
0.572242775722;0.572242803087;0.572242775722;0.000000027365;
0.572342765723;0.572342793122;0.572342765723;0.000000027399;
0.572442755724;0.572442783157;0.572442755724;0.000000027433;
0.572542745725;0.572542773192;0.572542745725;0.000000027467;
0.572642735726;0.572642763228;0.572642735726;0.000000027501;
0.572742725727;0.572742753263;0.572742725727;0.000000027535;
0.572842715728;0.572842743298;0.572842715728;0.000000027569;
0.572942705729;0.572942733333;0.572942705729;0.000000027603;
0.573042695730;0.573042723368;0.573042695730;0.000000027637;
0.573142685731;0.573142713403;0.573142685731;0.000000027671;
0.573242675732;0.573242703438;0.573242675732;0.000000027705;
0.573342665733;0.573342693473;0.573342665733;0.000000027740;
0.573442655734;0.573442683508;0.573442655734;0.000000027774;
0.573542645735;0.573542673543;0.573542645735;0.000000027808;
0.573642635736;0.573642663578;0.573642635736;0.000000027842;
0.573742625737;0.573742653613;0.573742625737;0.000000027876;
0.573842615738;0.573842643648;0.573842615738;0.000000027910;
0.573942605739;0.573942633684;0.573942605739;0.000000027944;
0.574042595740;0.574042623719;0.574042595740;0.000000027978;
0.574142585741;0.574142613754;0.574142585741;0.000000028012;
0.574242575742;0.574242603789;0.574242575742;0.000000028047;
0.574342565743;0.574342593824;0.574342565743;0.000000028081;
0.574442555744;0.574442583859;0.574442555744;0.000000028115;
0.574542545745;0.574542573894;0.574542545745;0.000000028149;
0.574642535746;0.574642563930;0.574642535746;0.000000028183;
0.574742525747;0.574742553965;0.574742525747;0.000000028217;
0.574842515748;0.574842544000;0.574842515748;0.000000028251;
0.574942505749;0.574942534035;0.574942505749;0.000000028286;
0.575042495750;0.575042524070;0.575042495750;0.000000028320;
0.575142485751;0.575142514105;0.575142485751;0.000000028354;
0.575242475752;0.575242504141;0.575242475752;0.000000028388;
0.575342465753;0.575342494176;0.575342465753;0.000000028422;
0.575442455754;0.575442484211;0.575442455754;0.000000028457;
0.575542445755;0.575542474246;0.575542445755;0.000000028491;
0.575642435756;0.575642464281;0.575642435756;0.000000028525;
0.575742425757;0.575742454317;0.575742425757;0.000000028559;
0.575842415758;0.575842444352;0.575842415758;0.000000028594;
0.575942405759;0.575942434387;0.575942405759;0.000000028628;
0.576042395760;0.576042424422;0.576042395760;0.000000028662;
0.576142385761;0.576142414458;0.576142385761;0.000000028696;
0.576242375762;0.576242404493;0.576242375762;0.000000028731;
0.576342365763;0.576342394528;0.576342365763;0.000000028765;
0.576442355764;0.576442384564;0.576442355764;0.000000028799;
0.576542345765;0.576542374599;0.576542345765;0.000000028833;
0.576642335766;0.576642364634;0.576642335766;0.000000028868;
0.576742325767;0.576742354669;0.576742325767;0.000000028902;
0.576842315768;0.576842344705;0.576842315768;0.000000028936;
0.576942305769;0.576942334740;0.576942305769;0.000000028971;
0.577042295770;0.577042324775;0.577042295770;0.000000029005;
0.577142285771;0.577142314811;0.577142285771;0.000000029039;
0.577242275772;0.577242304846;0.577242275772;0.000000029074;
0.577342265773;0.577342294881;0.577342265773;0.000000029108;
0.577442255774;0.577442284917;0.577442255774;0.000000029142;
0.577542245775;0.577542274952;0.577542245775;0.000000029177;
0.577642235776;0.577642264988;0.577642235776;0.000000029211;
0.577742225777;0.577742255023;0.577742225777;0.000000029245;
0.577842215778;0.577842245058;0.577842215778;0.000000029280;
0.577942205779;0.577942235094;0.577942205779;0.000000029314;
0.578042195780;0.578042225129;0.578042195780;0.000000029349;
0.578142185781;0.578142215165;0.578142185781;0.000000029383;
0.578242175782;0.578242205200;0.578242175782;0.000000029418;
0.578342165783;0.578342195235;0.578342165783;0.000000029452;
0.578442155784;0.578442185271;0.578442155784;0.000000029486;
0.578542145785;0.578542175306;0.578542145785;0.000000029521;
0.578642135786;0.578642165342;0.578642135786;0.000000029555;
0.578742125787;0.578742155377;0.578742125787;0.000000029590;
0.578842115788;0.578842145413;0.578842115788;0.000000029624;
0.578942105789;0.578942135448;0.578942105789;0.000000029659;
0.579042095790;0.579042125484;0.579042095790;0.000000029693;
0.579142085791;0.579142115519;0.579142085791;0.000000029728;
0.579242075792;0.579242105555;0.579242075792;0.000000029762;
0.579342065793;0.579342095590;0.579342065793;0.000000029797;
0.579442055794;0.579442085626;0.579442055794;0.000000029831;
0.579542045795;0.579542075661;0.579542045795;0.000000029866;
0.579642035796;0.579642065697;0.579642035796;0.000000029900;
0.579742025797;0.579742055732;0.579742025797;0.000000029935;
0.579842015798;0.579842045768;0.579842015798;0.000000029970;
0.579942005799;0.579942035804;0.579942005799;0.000000030004;
0.580041995800;0.580042025839;0.580041995800;0.000000030039;
0.580141985801;0.580142015875;0.580141985801;0.000000030073;
0.580241975802;0.580242005910;0.580241975802;0.000000030108;
0.580341965803;0.580341995946;0.580341965803;0.000000030143;
0.580441955804;0.580441985982;0.580441955804;0.000000030177;
0.580541945805;0.580541976017;0.580541945805;0.000000030212;
0.580641935806;0.580641966053;0.580641935806;0.000000030247;
0.580741925807;0.580741956089;0.580741925807;0.000000030281;
0.580841915808;0.580841946124;0.580841915808;0.000000030316;
0.580941905809;0.580941936160;0.580941905809;0.000000030351;
0.581041895810;0.581041926196;0.581041895810;0.000000030385;
0.581141885811;0.581141916231;0.581141885811;0.000000030420;
0.581241875812;0.581241906267;0.581241875812;0.000000030455;
0.581341865813;0.581341896303;0.581341865813;0.000000030489;
0.581441855814;0.581441886339;0.581441855814;0.000000030524;
0.581541845815;0.581541876374;0.581541845815;0.000000030559;
0.581641835816;0.581641866410;0.581641835816;0.000000030594;
0.581741825817;0.581741856446;0.581741825817;0.000000030628;
0.581841815818;0.581841846482;0.581841815818;0.000000030663;
0.581941805819;0.581941836517;0.581941805819;0.000000030698;
0.582041795820;0.582041826553;0.582041795820;0.000000030733;
0.582141785821;0.582141816589;0.582141785821;0.000000030768;
0.582241775822;0.582241806625;0.582241775822;0.000000030802;
0.582341765823;0.582341796661;0.582341765823;0.000000030837;
0.582441755824;0.582441786696;0.582441755824;0.000000030872;
0.582541745825;0.582541776732;0.582541745825;0.000000030907;
0.582641735826;0.582641766768;0.582641735826;0.000000030942;
0.582741725827;0.582741756804;0.582741725827;0.000000030977;
0.582841715828;0.582841746840;0.582841715828;0.000000031012;
0.582941705829;0.582941736876;0.582941705829;0.000000031046;
0.583041695830;0.583041726912;0.583041695830;0.000000031081;
0.583141685831;0.583141716948;0.583141685831;0.000000031116;
0.583241675832;0.583241706984;0.583241675832;0.000000031151;
0.583341665833;0.583341697020;0.583341665833;0.000000031186;
0.583441655834;0.583441687056;0.583441655834;0.000000031221;
0.583541645835;0.583541677091;0.583541645835;0.000000031256;
0.583641635836;0.583641667127;0.583641635836;0.000000031291;
0.583741625837;0.583741657163;0.583741625837;0.000000031326;
0.583841615838;0.583841647199;0.583841615838;0.000000031361;
0.583941605839;0.583941637235;0.583941605839;0.000000031396;
0.584041595840;0.584041627272;0.584041595840;0.000000031431;
0.584141585841;0.584141617308;0.584141585841;0.000000031466;
0.584241575842;0.584241607344;0.584241575842;0.000000031501;
0.584341565843;0.584341597380;0.584341565843;0.000000031536;
0.584441555844;0.584441587416;0.584441555844;0.000000031571;
0.584541545845;0.584541577452;0.584541545845;0.000000031606;
0.584641535846;0.584641567488;0.584641535846;0.000000031642;
0.584741525847;0.584741557524;0.584741525847;0.000000031677;
0.584841515848;0.584841547560;0.584841515848;0.000000031712;
0.584941505849;0.584941537596;0.584941505849;0.000000031747;
0.585041495850;0.585041527632;0.585041495850;0.000000031782;
0.585141485851;0.585141517669;0.585141485851;0.000000031817;
0.585241475852;0.585241507705;0.585241475852;0.000000031852;
0.585341465853;0.585341497741;0.585341465853;0.000000031888;
0.585441455854;0.585441487777;0.585441455854;0.000000031923;
0.585541445855;0.585541477813;0.585541445855;0.000000031958;
0.585641435856;0.585641467850;0.585641435856;0.000000031993;
0.585741425857;0.585741457886;0.585741425857;0.000000032028;
0.585841415858;0.585841447922;0.585841415858;0.000000032064;
0.585941405859;0.585941437958;0.585941405859;0.000000032099;
0.586041395860;0.586041427995;0.586041395860;0.000000032134;
0.586141385861;0.586141418031;0.586141385861;0.000000032170;
0.586241375862;0.586241408067;0.586241375862;0.000000032205;
0.586341365863;0.586341398104;0.586341365863;0.000000032240;
0.586441355864;0.586441388140;0.586441355864;0.000000032275;
0.586541345865;0.586541378176;0.586541345865;0.000000032311;
0.586641335866;0.586641368213;0.586641335866;0.000000032346;
0.586741325867;0.586741358249;0.586741325867;0.000000032382;
0.586841315868;0.586841348285;0.586841315868;0.000000032417;
0.586941305869;0.586941338322;0.586941305869;0.000000032452;
0.587041295870;0.587041328358;0.587041295870;0.000000032488;
0.587141285871;0.587141318395;0.587141285871;0.000000032523;
0.587241275872;0.587241308431;0.587241275872;0.000000032559;
0.587341265873;0.587341298467;0.587341265873;0.000000032594;
0.587441255874;0.587441288504;0.587441255874;0.000000032629;
0.587541245875;0.587541278540;0.587541245875;0.000000032665;
0.587641235876;0.587641268577;0.587641235876;0.000000032700;
0.587741225877;0.587741258613;0.587741225877;0.000000032736;
0.587841215878;0.587841248650;0.587841215878;0.000000032771;
0.587941205879;0.587941238686;0.587941205879;0.000000032807;
0.588041195880;0.588041228723;0.588041195880;0.000000032843;
0.588141185881;0.588141218760;0.588141185881;0.000000032878;
0.588241175882;0.588241208796;0.588241175882;0.000000032914;
0.588341165883;0.588341198833;0.588341165883;0.000000032949;
0.588441155884;0.588441188869;0.588441155884;0.000000032985;
0.588541145885;0.588541178906;0.588541145885;0.000000033021;
0.588641135886;0.588641168943;0.588641135886;0.000000033056;
0.588741125887;0.588741158979;0.588741125887;0.000000033092;
0.588841115888;0.588841149016;0.588841115888;0.000000033127;
0.588941105889;0.588941139053;0.588941105889;0.000000033163;
0.589041095890;0.589041129089;0.589041095890;0.000000033199;
0.589141085891;0.589141119126;0.589141085891;0.000000033235;
0.589241075892;0.589241109163;0.589241075892;0.000000033270;
0.589341065893;0.589341099199;0.589341065893;0.000000033306;
0.589441055894;0.589441089236;0.589441055894;0.000000033342;
0.589541045895;0.589541079273;0.589541045895;0.000000033377;
0.589641035896;0.589641069310;0.589641035896;0.000000033413;
0.589741025897;0.589741059346;0.589741025897;0.000000033449;
0.589841015898;0.589841049383;0.589841015898;0.000000033485;
0.589941005899;0.589941039420;0.589941005899;0.000000033521;
0.590040995900;0.590041029457;0.590040995900;0.000000033556;
0.590140985901;0.590141019494;0.590140985901;0.000000033592;
0.590240975902;0.590241009531;0.590240975902;0.000000033628;
0.590340965903;0.590340999567;0.590340965903;0.000000033664;
0.590440955904;0.590440989604;0.590440955904;0.000000033700;
0.590540945905;0.590540979641;0.590540945905;0.000000033736;
0.590640935906;0.590640969678;0.590640935906;0.000000033772;
0.590740925907;0.590740959715;0.590740925907;0.000000033808;
0.590840915908;0.590840949752;0.590840915908;0.000000033844;
0.590940905909;0.590940939789;0.590940905909;0.000000033880;
0.591040895910;0.591040929826;0.591040895910;0.000000033916;
0.591140885911;0.591140919863;0.591140885911;0.000000033952;
0.591240875912;0.591240909900;0.591240875912;0.000000033988;
0.591340865913;0.591340899937;0.591340865913;0.000000034024;
0.591440855914;0.591440889974;0.591440855914;0.000000034060;
0.591540845915;0.591540880011;0.591540845915;0.000000034096;
0.591640835916;0.591640870048;0.591640835916;0.000000034132;
0.591740825917;0.591740860085;0.591740825917;0.000000034168;
0.591840815918;0.591840850122;0.591840815918;0.000000034204;
0.591940805919;0.591940840160;0.591940805919;0.000000034240;
0.592040795920;0.592040830197;0.592040795920;0.000000034276;
0.592140785921;0.592140820234;0.592140785921;0.000000034312;
0.592240775922;0.592240810271;0.592240775922;0.000000034349;
0.592340765923;0.592340800308;0.592340765923;0.000000034385;
0.592440755924;0.592440790345;0.592440755924;0.000000034421;
0.592540745925;0.592540780383;0.592540745925;0.000000034457;
0.592640735926;0.592640770420;0.592640735926;0.000000034493;
0.592740725927;0.592740760457;0.592740725927;0.000000034530;
0.592840715928;0.592840750494;0.592840715928;0.000000034566;
0.592940705929;0.592940740532;0.592940705929;0.000000034602;
0.593040695930;0.593040730569;0.593040695930;0.000000034639;
0.593140685931;0.593140720606;0.593140685931;0.000000034675;
0.593240675932;0.593240710644;0.593240675932;0.000000034711;
0.593340665933;0.593340700681;0.593340665933;0.000000034747;
0.593440655934;0.593440690718;0.593440655934;0.000000034784;
0.593540645935;0.593540680756;0.593540645935;0.000000034820;
0.593640635936;0.593640670793;0.593640635936;0.000000034857;
0.593740625937;0.593740660830;0.593740625937;0.000000034893;
0.593840615938;0.593840650868;0.593840615938;0.000000034929;
0.593940605939;0.593940640905;0.593940605939;0.000000034966;
0.594040595940;0.594040630943;0.594040595940;0.000000035002;
0.594140585941;0.594140620980;0.594140585941;0.000000035039;
0.594240575942;0.594240611018;0.594240575942;0.000000035075;
0.594340565943;0.594340601055;0.594340565943;0.000000035112;
0.594440555944;0.594440591093;0.594440555944;0.000000035148;
0.594540545945;0.594540581130;0.594540545945;0.000000035185;
0.594640535946;0.594640571168;0.594640535946;0.000000035221;
0.594740525947;0.594740561205;0.594740525947;0.000000035258;
0.594840515948;0.594840551243;0.594840515948;0.000000035294;
0.594940505949;0.594940541280;0.594940505949;0.000000035331;
0.595040495950;0.595040531318;0.595040495950;0.000000035368;
0.595140485951;0.595140521356;0.595140485951;0.000000035404;
0.595240475952;0.595240511393;0.595240475952;0.000000035441;
0.595340465953;0.595340501431;0.595340465953;0.000000035478;
0.595440455954;0.595440491469;0.595440455954;0.000000035514;
0.595540445955;0.595540481506;0.595540445955;0.000000035551;
0.595640435956;0.595640471544;0.595640435956;0.000000035588;
0.595740425957;0.595740461582;0.595740425957;0.000000035624;
0.595840415958;0.595840451619;0.595840415958;0.000000035661;
0.595940405959;0.595940441657;0.595940405959;0.000000035698;
0.596040395960;0.596040431695;0.596040395960;0.000000035735;
0.596140385961;0.596140421733;0.596140385961;0.000000035771;
0.596240375962;0.596240411771;0.596240375962;0.000000035808;
0.596340365963;0.596340401808;0.596340365963;0.000000035845;
0.596440355964;0.596440391846;0.596440355964;0.000000035882;
0.596540345965;0.596540381884;0.596540345965;0.000000035919;
0.596640335966;0.596640371922;0.596640335966;0.000000035956;
0.596740325967;0.596740361960;0.596740325967;0.000000035992;
0.596840315968;0.596840351998;0.596840315968;0.000000036029;
0.596940305969;0.596940342036;0.596940305969;0.000000036066;
0.597040295970;0.597040332074;0.597040295970;0.000000036103;
0.597140285971;0.597140322111;0.597140285971;0.000000036140;
0.597240275972;0.597240312149;0.597240275972;0.000000036177;
0.597340265973;0.597340302187;0.597340265973;0.000000036214;
0.597440255974;0.597440292225;0.597440255974;0.000000036251;
0.597540245975;0.597540282263;0.597540245975;0.000000036288;
0.597640235976;0.597640272301;0.597640235976;0.000000036325;
0.597740225977;0.597740262340;0.597740225977;0.000000036362;
0.597840215978;0.597840252378;0.597840215978;0.000000036399;
0.597940205979;0.597940242416;0.597940205979;0.000000036436;
0.598040195980;0.598040232454;0.598040195980;0.000000036473;
0.598140185981;0.598140222492;0.598140185981;0.000000036510;
0.598240175982;0.598240212530;0.598240175982;0.000000036548;
0.598340165983;0.598340202568;0.598340165983;0.000000036585;
0.598440155984;0.598440192606;0.598440155984;0.000000036622;
0.598540145985;0.598540182644;0.598540145985;0.000000036659;
0.598640135986;0.598640172683;0.598640135986;0.000000036696;
0.598740125987;0.598740162721;0.598740125987;0.000000036733;
0.598840115988;0.598840152759;0.598840115988;0.000000036771;
0.598940105989;0.598940142797;0.598940105989;0.000000036808;
0.599040095990;0.599040132836;0.599040095990;0.000000036845;
0.599140085991;0.599140122874;0.599140085991;0.000000036882;
0.599240075992;0.599240112912;0.599240075992;0.000000036920;
0.599340065993;0.599340102950;0.599340065993;0.000000036957;
0.599440055994;0.599440092989;0.599440055994;0.000000036994;
0.599540045995;0.599540083027;0.599540045995;0.000000037032;
0.599640035996;0.599640073066;0.599640035996;0.000000037069;
0.599740025997;0.599740063104;0.599740025997;0.000000037106;
0.599840015998;0.599840053142;0.599840015998;0.000000037144;
0.599940005999;0.599940043181;0.599940005999;0.000000037181;
0.600039996000;0.600040033219;0.600039996000;0.000000037219;
0.600139986001;0.600140023258;0.600139986001;0.000000037256;
0.600239976002;0.600240013296;0.600239976002;0.000000037294;
0.600339966003;0.600340003334;0.600339966003;0.000000037331;
0.600439956004;0.600439993373;0.600439956004;0.000000037369;
0.600539946005;0.600539983411;0.600539946005;0.000000037406;
0.600639936006;0.600639973450;0.600639936006;0.000000037444;
0.600739926007;0.600739963489;0.600739926007;0.000000037481;
0.600839916008;0.600839953527;0.600839916008;0.000000037519;
0.600939906009;0.600939943566;0.600939906009;0.000000037556;
0.601039896010;0.601039933604;0.601039896010;0.000000037594;
0.601139886011;0.601139923643;0.601139886011;0.000000037631;
0.601239876012;0.601239913681;0.601239876012;0.000000037669;
0.601339866013;0.601339903720;0.601339866013;0.000000037707;
0.601439856014;0.601439893759;0.601439856014;0.000000037744;
0.601539846015;0.601539883797;0.601539846015;0.000000037782;
0.601639836016;0.601639873836;0.601639836016;0.000000037820;
0.601739826017;0.601739863875;0.601739826017;0.000000037857;
0.601839816018;0.601839853913;0.601839816018;0.000000037895;
0.601939806019;0.601939843952;0.601939806019;0.000000037933;
0.602039796020;0.602039833991;0.602039796020;0.000000037971;
0.602139786021;0.602139824030;0.602139786021;0.000000038008;
0.602239776022;0.602239814068;0.602239776022;0.000000038046;
0.602339766023;0.602339804107;0.602339766023;0.000000038084;
0.602439756024;0.602439794146;0.602439756024;0.000000038122;
0.602539746025;0.602539784185;0.602539746025;0.000000038160;
0.602639736026;0.602639774224;0.602639736026;0.000000038197;
0.602739726027;0.602739764263;0.602739726027;0.000000038235;
0.602839716028;0.602839754301;0.602839716028;0.000000038273;
0.602939706029;0.602939744340;0.602939706029;0.000000038311;
0.603039696030;0.603039734379;0.603039696030;0.000000038349;
0.603139686031;0.603139724418;0.603139686031;0.000000038387;
0.603239676032;0.603239714457;0.603239676032;0.000000038425;
0.603339666033;0.603339704496;0.603339666033;0.000000038463;
0.603439656034;0.603439694535;0.603439656034;0.000000038501;
0.603539646035;0.603539684574;0.603539646035;0.000000038539;
0.603639636036;0.603639674613;0.603639636036;0.000000038577;
0.603739626037;0.603739664652;0.603739626037;0.000000038615;
0.603839616038;0.603839654691;0.603839616038;0.000000038653;
0.603939606039;0.603939644730;0.603939606039;0.000000038691;
0.604039596040;0.604039634769;0.604039596040;0.000000038729;
0.604139586041;0.604139624808;0.604139586041;0.000000038767;
0.604239576042;0.604239614847;0.604239576042;0.000000038805;
0.604339566043;0.604339604886;0.604339566043;0.000000038843;
0.604439556044;0.604439594926;0.604439556044;0.000000038881;
0.604539546045;0.604539584965;0.604539546045;0.000000038919;
0.604639536046;0.604639575004;0.604639536046;0.000000038957;
0.604739526047;0.604739565043;0.604739526047;0.000000038996;
0.604839516048;0.604839555082;0.604839516048;0.000000039034;
0.604939506049;0.604939545121;0.604939506049;0.000000039072;
0.605039496050;0.605039535161;0.605039496050;0.000000039110;
0.605139486051;0.605139525200;0.605139486051;0.000000039148;
0.605239476052;0.605239515239;0.605239476052;0.000000039187;
0.605339466053;0.605339505278;0.605339466053;0.000000039225;
0.605439456054;0.605439495318;0.605439456054;0.000000039263;
0.605539446055;0.605539485357;0.605539446055;0.000000039302;
0.605639436056;0.605639475396;0.605639436056;0.000000039340;
0.605739426057;0.605739465436;0.605739426057;0.000000039378;
0.605839416058;0.605839455475;0.605839416058;0.000000039416;
0.605939406059;0.605939445514;0.605939406059;0.000000039455;
0.606039396060;0.606039435554;0.606039396060;0.000000039493;
0.606139386061;0.606139425593;0.606139386061;0.000000039532;
0.606239376062;0.606239415632;0.606239376062;0.000000039570;
0.606339366063;0.606339405672;0.606339366063;0.000000039608;
0.606439356064;0.606439395711;0.606439356064;0.000000039647;
0.606539346065;0.606539385751;0.606539346065;0.000000039685;
0.606639336066;0.606639375790;0.606639336066;0.000000039724;
0.606739326067;0.606739365829;0.606739326067;0.000000039762;
0.606839316068;0.606839355869;0.606839316068;0.000000039801;
0.606939306069;0.606939345908;0.606939306069;0.000000039839;
0.607039296070;0.607039335948;0.607039296070;0.000000039878;
0.607139286071;0.607139325987;0.607139286071;0.000000039916;
0.607239276072;0.607239316027;0.607239276072;0.000000039955;
0.607339266073;0.607339306067;0.607339266073;0.000000039993;
0.607439256074;0.607439296106;0.607439256074;0.000000040032;
0.607539246075;0.607539286146;0.607539246075;0.000000040070;
0.607639236076;0.607639276185;0.607639236076;0.000000040109;
0.607739226077;0.607739266225;0.607739226077;0.000000040147;
0.607839216078;0.607839256264;0.607839216078;0.000000040186;
0.607939206079;0.607939246304;0.607939206079;0.000000040225;
0.608039196080;0.608039236344;0.608039196080;0.000000040263;
0.608139186081;0.608139226383;0.608139186081;0.000000040302;
0.608239176082;0.608239216423;0.608239176082;0.000000040341;
0.608339166083;0.608339206463;0.608339166083;0.000000040379;
0.608439156084;0.608439196502;0.608439156084;0.000000040418;
0.608539146085;0.608539186542;0.608539146085;0.000000040457;
0.608639136086;0.608639176582;0.608639136086;0.000000040495;
0.608739126087;0.608739166622;0.608739126087;0.000000040534;
0.608839116088;0.608839156661;0.608839116088;0.000000040573;
0.608939106089;0.608939146701;0.608939106089;0.000000040612;
0.609039096090;0.609039136741;0.609039096090;0.000000040650;
0.609139086091;0.609139126781;0.609139086091;0.000000040689;
0.609239076092;0.609239116820;0.609239076092;0.000000040728;
0.609339066093;0.609339106860;0.609339066093;0.000000040767;
0.609439056094;0.609439096900;0.609439056094;0.000000040806;
0.609539046095;0.609539086940;0.609539046095;0.000000040844;
0.609639036096;0.609639076980;0.609639036096;0.000000040883;
0.609739026097;0.609739067019;0.609739026097;0.000000040922;
0.609839016098;0.609839057059;0.609839016098;0.000000040961;
0.609939006099;0.609939047099;0.609939006099;0.000000041000;
0.610038996100;0.610039037139;0.610038996100;0.000000041039;
0.610138986101;0.610139027179;0.610138986101;0.000000041078;
0.610238976102;0.610239017219;0.610238976102;0.000000041116;
0.610338966103;0.610339007259;0.610338966103;0.000000041155;
0.610438956104;0.610438997299;0.610438956104;0.000000041194;
0.610538946105;0.610538987339;0.610538946105;0.000000041233;
0.610638936106;0.610638977379;0.610638936106;0.000000041272;
0.610738926107;0.610738967419;0.610738926107;0.000000041311;
0.610838916108;0.610838957459;0.610838916108;0.000000041350;
0.610938906109;0.610938947498;0.610938906109;0.000000041389;
0.611038896110;0.611038937538;0.611038896110;0.000000041428;
0.611138886111;0.611138927578;0.611138886111;0.000000041467;
0.611238876112;0.611238917618;0.611238876112;0.000000041506;
0.611338866113;0.611338907659;0.611338866113;0.000000041545;
0.611438856114;0.611438897699;0.611438856114;0.000000041584;
0.611538846115;0.611538887739;0.611538846115;0.000000041623;
0.611638836116;0.611638877779;0.611638836116;0.000000041662;
0.611738826117;0.611738867819;0.611738826117;0.000000041701;
0.611838816118;0.611838857859;0.611838816118;0.000000041740;
0.611938806119;0.611938847899;0.611938806119;0.000000041779;
0.612038796120;0.612038837939;0.612038796120;0.000000041819;
0.612138786121;0.612138827979;0.612138786121;0.000000041858;
0.612238776122;0.612238818019;0.612238776122;0.000000041897;
0.612338766123;0.612338808059;0.612338766123;0.000000041936;
0.612438756124;0.612438798099;0.612438756124;0.000000041975;
0.612538746125;0.612538788140;0.612538746125;0.000000042014;
0.612638736126;0.612638778180;0.612638736126;0.000000042053;
0.612738726127;0.612738768220;0.612738726127;0.000000042092;
0.612838716128;0.612838758260;0.612838716128;0.000000042132;
0.612938706129;0.612938748300;0.612938706129;0.000000042171;
0.613038696130;0.613038738340;0.613038696130;0.000000042210;
0.613138686131;0.613138728381;0.613138686131;0.000000042249;
0.613238676132;0.613238718421;0.613238676132;0.000000042288;
0.613338666133;0.613338708461;0.613338666133;0.000000042328;
0.613438656134;0.613438698501;0.613438656134;0.000000042367;
0.613538646135;0.613538688541;0.613538646135;0.000000042406;
0.613638636136;0.613638678582;0.613638636136;0.000000042445;
0.613738626137;0.613738668622;0.613738626137;0.000000042484;
0.613838616138;0.613838658662;0.613838616138;0.000000042524;
0.613938606139;0.613938648702;0.613938606139;0.000000042563;
0.614038596140;0.614038638742;0.614038596140;0.000000042602;
0.614138586141;0.614138628783;0.614138586141;0.000000042641;
0.614238576142;0.614238618823;0.614238576142;0.000000042681;
0.614338566143;0.614338608863;0.614338566143;0.000000042720;
0.614438556144;0.614438598904;0.614438556144;0.000000042759;
0.614538546145;0.614538588944;0.614538546145;0.000000042798;
0.614638536146;0.614638578984;0.614638536146;0.000000042838;
0.614738526147;0.614738569024;0.614738526147;0.000000042877;
0.614838516148;0.614838559065;0.614838516148;0.000000042916;
0.614938506149;0.614938549105;0.614938506149;0.000000042956;
0.615038496150;0.615038539145;0.615038496150;0.000000042995;
0.615138486151;0.615138529186;0.615138486151;0.000000043034;
0.615238476152;0.615238519226;0.615238476152;0.000000043074;
0.615338466153;0.615338509266;0.615338466153;0.000000043113;
0.615438456154;0.615438499307;0.615438456154;0.000000043152;
0.615538446155;0.615538489347;0.615538446155;0.000000043192;
0.615638436156;0.615638479387;0.615638436156;0.000000043231;
0.615738426157;0.615738469428;0.615738426157;0.000000043270;
0.615838416158;0.615838459468;0.615838416158;0.000000043310;
0.615938406159;0.615938449508;0.615938406159;0.000000043349;
0.616038396160;0.616038439549;0.616038396160;0.000000043388;
0.616138386161;0.616138429589;0.616138386161;0.000000043428;
0.616238376162;0.616238419629;0.616238376162;0.000000043467;
0.616338366163;0.616338409670;0.616338366163;0.000000043506;
0.616438356164;0.616438399710;0.616438356164;0.000000043546;
0.616538346165;0.616538389750;0.616538346165;0.000000043585;
0.616638336166;0.616638379791;0.616638336166;0.000000043624;
0.616738326167;0.616738369831;0.616738326167;0.000000043664;
0.616838316168;0.616838359871;0.616838316168;0.000000043703;
0.616938306169;0.616938349912;0.616938306169;0.000000043742;
0.617038296170;0.617038339952;0.617038296170;0.000000043782;
0.617138286171;0.617138329993;0.617138286171;0.000000043821;
0.617238276172;0.617238320033;0.617238276172;0.000000043861;
0.617338266173;0.617338310073;0.617338266173;0.000000043900;
0.617438256174;0.617438300114;0.617438256174;0.000000043939;
0.617538246175;0.617538290154;0.617538246175;0.000000043979;
0.617638236176;0.617638280194;0.617638236176;0.000000044018;
0.617738226177;0.617738270235;0.617738226177;0.000000044057;
0.617838216178;0.617838260275;0.617838216178;0.000000044097;
0.617938206179;0.617938250316;0.617938206179;0.000000044136;
0.618038196180;0.618038240356;0.618038196180;0.000000044176;
0.618138186181;0.618138230396;0.618138186181;0.000000044215;
0.618238176182;0.618238220437;0.618238176182;0.000000044254;
0.618338166183;0.618338210477;0.618338166183;0.000000044294;
0.618438156184;0.618438200517;0.618438156184;0.000000044333;
0.618538146185;0.618538190558;0.618538146185;0.000000044372;
0.618638136186;0.618638180598;0.618638136186;0.000000044412;
0.618738126187;0.618738170639;0.618738126187;0.000000044451;
0.618838116188;0.618838160679;0.618838116188;0.000000044491;
0.618938106189;0.618938150719;0.618938106189;0.000000044530;
0.619038096190;0.619038140760;0.619038096190;0.000000044569;
0.619138086191;0.619138130800;0.619138086191;0.000000044609;
0.619238076192;0.619238120840;0.619238076192;0.000000044648;
0.619338066193;0.619338110881;0.619338066193;0.000000044687;
0.619438056194;0.619438100921;0.619438056194;0.000000044727;
0.619538046195;0.619538090961;0.619538046195;0.000000044766;
0.619638036196;0.619638081002;0.619638036196;0.000000044805;
0.619738026197;0.619738071042;0.619738026197;0.000000044845;
0.619838016198;0.619838061082;0.619838016198;0.000000044884;
0.619938006199;0.619938051123;0.619938006199;0.000000044923;
0.620037996200;0.620038041163;0.620037996200;0.000000044963;
0.620137986201;0.620138031203;0.620137986201;0.000000045002;
0.620237976202;0.620238021244;0.620237976202;0.000000045041;
0.620337966203;0.620338011284;0.620337966203;0.000000045081;
0.620437956204;0.620438001324;0.620437956204;0.000000045120;
0.620537946205;0.620537991365;0.620537946205;0.000000045159;
0.620637936206;0.620637981405;0.620637936206;0.000000045198;
0.620737926207;0.620737971445;0.620737926207;0.000000045238;
0.620837916208;0.620837961485;0.620837916208;0.000000045277;
0.620937906209;0.620937951526;0.620937906209;0.000000045316;
0.621037896210;0.621037941566;0.621037896210;0.000000045355;
0.621137886211;0.621137931606;0.621137886211;0.000000045395;
0.621237876212;0.621237921646;0.621237876212;0.000000045434;
0.621337866213;0.621337911687;0.621337866213;0.000000045473;
0.621437856214;0.621437901727;0.621437856214;0.000000045512;
0.621537846215;0.621537891767;0.621537846215;0.000000045552;
0.621637836216;0.621637881807;0.621637836216;0.000000045591;
0.621737826217;0.621737871847;0.621737826217;0.000000045630;
0.621837816218;0.621837861888;0.621837816218;0.000000045669;
0.621937806219;0.621937851928;0.621937806219;0.000000045708;
0.622037796220;0.622037841968;0.622037796220;0.000000045748;
0.622137786221;0.622137832008;0.622137786221;0.000000045787;
0.622237776222;0.622237822048;0.622237776222;0.000000045826;
0.622337766223;0.622337812088;0.622337766223;0.000000045865;
0.622437756224;0.622437802128;0.622437756224;0.000000045904;
0.622537746225;0.622537792169;0.622537746225;0.000000045943;
0.622637736226;0.622637782209;0.622637736226;0.000000045982;
0.622737726227;0.622737772249;0.622737726227;0.000000046021;
0.622837716228;0.622837762289;0.622837716228;0.000000046060;
0.622937706229;0.622937752329;0.622937706229;0.000000046099;
0.623037696230;0.623037742369;0.623037696230;0.000000046138;
0.623137686231;0.623137732409;0.623137686231;0.000000046178;
0.623237676232;0.623237722449;0.623237676232;0.000000046217;
0.623337666233;0.623337712489;0.623337666233;0.000000046256;
0.623437656234;0.623437702529;0.623437656234;0.000000046294;
0.623537646235;0.623537692569;0.623537646235;0.000000046333;
0.623637636236;0.623637682609;0.623637636236;0.000000046372;
0.623737626237;0.623737672649;0.623737626237;0.000000046411;
0.623837616238;0.623837662689;0.623837616238;0.000000046450;
0.623937606239;0.623937652729;0.623937606239;0.000000046489;
0.624037596240;0.624037642768;0.624037596240;0.000000046528;
0.624137586241;0.624137632808;0.624137586241;0.000000046567;
0.624237576242;0.624237622848;0.624237576242;0.000000046606;
0.624337566243;0.624337612888;0.624337566243;0.000000046645;
0.624437556244;0.624437602928;0.624437556244;0.000000046683;
0.624537546245;0.624537592968;0.624537546245;0.000000046722;
0.624637536246;0.624637583007;0.624637536246;0.000000046761;
0.624737526247;0.624737573047;0.624737526247;0.000000046800;
0.624837516248;0.624837563087;0.624837516248;0.000000046839;
0.624937506249;0.624937553127;0.624937506249;0.000000046877;
0.625037496250;0.625037543166;0.625037496250;0.000000046916;
0.625137486251;0.625137533206;0.625137486251;0.000000046955;
0.625237476252;0.625237523246;0.625237476252;0.000000046993;
0.625337466253;0.625337513285;0.625337466253;0.000000047032;
0.625437456254;0.625437503325;0.625437456254;0.000000047071;
0.625537446255;0.625537493364;0.625537446255;0.000000047109;
0.625637436256;0.625637483404;0.625637436256;0.000000047148;
0.625737426257;0.625737473444;0.625737426257;0.000000047186;
0.625837416258;0.625837463483;0.625837416258;0.000000047225;
0.625937406259;0.625937453523;0.625937406259;0.000000047263;
0.626037396260;0.626037443562;0.626037396260;0.000000047302;
0.626137386261;0.626137433602;0.626137386261;0.000000047340;
0.626237376262;0.626237423641;0.626237376262;0.000000047379;
0.626337366263;0.626337413680;0.626337366263;0.000000047417;
0.626437356264;0.626437403720;0.626437356264;0.000000047455;
0.626537346265;0.626537393759;0.626537346265;0.000000047494;
0.626637336266;0.626637383798;0.626637336266;0.000000047532;
0.626737326267;0.626737373838;0.626737326267;0.000000047570;
0.626837316268;0.626837363877;0.626837316268;0.000000047609;
0.626937306269;0.626937353916;0.626937306269;0.000000047647;
0.627037296270;0.627037343955;0.627037296270;0.000000047685;
0.627137286271;0.627137333995;0.627137286271;0.000000047723;
0.627237276272;0.627237324034;0.627237276272;0.000000047761;
0.627337266273;0.627337314073;0.627337266273;0.000000047800;
0.627437256274;0.627437304112;0.627437256274;0.000000047838;
0.627537246275;0.627537294151;0.627537246275;0.000000047876;
0.627637236276;0.627637284190;0.627637236276;0.000000047914;
0.627737226277;0.627737274229;0.627737226277;0.000000047952;
0.627837216278;0.627837264268;0.627837216278;0.000000047990;
0.627937206279;0.627937254307;0.627937206279;0.000000048028;
0.628037196280;0.628037244346;0.628037196280;0.000000048066;
0.628137186281;0.628137234385;0.628137186281;0.000000048103;
0.628237176282;0.628237224424;0.628237176282;0.000000048141;
0.628337166283;0.628337214463;0.628337166283;0.000000048179;
0.628437156284;0.628437204501;0.628437156284;0.000000048217;
0.628537146285;0.628537194540;0.628537146285;0.000000048255;
0.628637136286;0.628637184579;0.628637136286;0.000000048292;
0.628737126287;0.628737174617;0.628737126287;0.000000048330;
0.628837116288;0.628837164656;0.628837116288;0.000000048368;
0.628937106289;0.628937154695;0.628937106289;0.000000048405;
0.629037096290;0.629037144733;0.629037096290;0.000000048443;
0.629137086291;0.629137134772;0.629137086291;0.000000048480;
0.629237076292;0.629237124810;0.629237076292;0.000000048518;
0.629337066293;0.629337114849;0.629337066293;0.000000048555;
0.629437056294;0.629437104887;0.629437056294;0.000000048593;
0.629537046295;0.629537094926;0.629537046295;0.000000048630;
0.629637036296;0.629637084964;0.629637036296;0.000000048667;
0.629737026297;0.629737075002;0.629737026297;0.000000048705;
0.629837016298;0.629837065040;0.629837016298;0.000000048742;
0.629937006299;0.629937055079;0.629937006299;0.000000048779;
0.630036996300;0.630037045117;0.630036996300;0.000000048816;
0.630136986301;0.630137035155;0.630136986301;0.000000048854;
0.630236976302;0.630237025193;0.630236976302;0.000000048891;
0.630336966303;0.630337015231;0.630336966303;0.000000048928;
0.630436956304;0.630437005269;0.630436956304;0.000000048965;
0.630536946305;0.630536995307;0.630536946305;0.000000049002;
0.630636936306;0.630636985345;0.630636936306;0.000000049039;
0.630736926307;0.630736975383;0.630736926307;0.000000049075;
0.630836916308;0.630836965421;0.630836916308;0.000000049112;
0.630936906309;0.630936955458;0.630936906309;0.000000049149;
0.631036896310;0.631036945496;0.631036896310;0.000000049186;
0.631136886311;0.631136935534;0.631136886311;0.000000049222;
0.631236876312;0.631236925571;0.631236876312;0.000000049259;
0.631336866313;0.631336915609;0.631336866313;0.000000049296;
0.631436856314;0.631436905647;0.631436856314;0.000000049332;
0.631536846315;0.631536895684;0.631536846315;0.000000049369;
0.631636836316;0.631636885721;0.631636836316;0.000000049405;
0.631736826317;0.631736875759;0.631736826317;0.000000049441;
0.631836816318;0.631836865796;0.631836816318;0.000000049478;
0.631936806319;0.631936855833;0.631936806319;0.000000049514;
0.632036796320;0.632036845871;0.632036796320;0.000000049550;
0.632136786321;0.632136835908;0.632136786321;0.000000049587;
0.632236776322;0.632236825945;0.632236776322;0.000000049623;
0.632336766323;0.632336815982;0.632336766323;0.000000049659;
0.632436756324;0.632436806019;0.632436756324;0.000000049695;
0.632536746325;0.632536796056;0.632536746325;0.000000049731;
0.632636736326;0.632636786093;0.632636736326;0.000000049767;
0.632736726327;0.632736776130;0.632736726327;0.000000049802;
0.632836716328;0.632836766167;0.632836716328;0.000000049838;
0.632936706329;0.632936756203;0.632936706329;0.000000049874;
0.633036696330;0.633036746240;0.633036696330;0.000000049910;
0.633136686331;0.633136736277;0.633136686331;0.000000049945;
0.633236676332;0.633236726313;0.633236676332;0.000000049981;
0.633336666333;0.633336716350;0.633336666333;0.000000050016;
0.633436656334;0.633436706386;0.633436656334;0.000000050052;
0.633536646335;0.633536696423;0.633536646335;0.000000050087;
0.633636636336;0.633636686459;0.633636636336;0.000000050123;
0.633736626337;0.633736676495;0.633736626337;0.000000050158;
0.633836616338;0.633836666531;0.633836616338;0.000000050193;
0.633936606339;0.633936656567;0.633936606339;0.000000050228;
0.634036596340;0.634036646604;0.634036596340;0.000000050263;
0.634136586341;0.634136636640;0.634136586341;0.000000050298;
0.634236576342;0.634236626675;0.634236576342;0.000000050333;
0.634336566343;0.634336616711;0.634336566343;0.000000050368;
0.634436556344;0.634436606747;0.634436556344;0.000000050403;
0.634536546345;0.634536596783;0.634536546345;0.000000050438;
0.634636536346;0.634636586819;0.634636536346;0.000000050472;
0.634736526347;0.634736576854;0.634736526347;0.000000050507;
0.634836516348;0.634836566890;0.634836516348;0.000000050541;
0.634936506349;0.634936556925;0.634936506349;0.000000050576;
0.635036496350;0.635036546961;0.635036496350;0.000000050610;
0.635136486351;0.635136536996;0.635136486351;0.000000050645;
0.635236476352;0.635236527031;0.635236476352;0.000000050679;
0.635336466353;0.635336517066;0.635336466353;0.000000050713;
0.635436456354;0.635436507101;0.635436456354;0.000000050747;
0.635536446355;0.635536497136;0.635536446355;0.000000050781;
0.635636436356;0.635636487171;0.635636436356;0.000000050815;
0.635736426357;0.635736477206;0.635736426357;0.000000050849;
0.635836416358;0.635836467241;0.635836416358;0.000000050883;
0.635936406359;0.635936457276;0.635936406359;0.000000050916;
0.636036396360;0.636036447310;0.636036396360;0.000000050950;
0.636136386361;0.636136437345;0.636136386361;0.000000050984;
0.636236376362;0.636236427380;0.636236376362;0.000000051017;
0.636336366363;0.636336417414;0.636336366363;0.000000051051;
0.636436356364;0.636436407448;0.636436356364;0.000000051084;
0.636536346365;0.636536397483;0.636536346365;0.000000051117;
0.636636336366;0.636636387517;0.636636336366;0.000000051150;
0.636736326367;0.636736377551;0.636736326367;0.000000051183;
0.636836316368;0.636836367585;0.636836316368;0.000000051216;
0.636936306369;0.636936357619;0.636936306369;0.000000051249;
0.637036296370;0.637036347653;0.637036296370;0.000000051282;
0.637136286371;0.637136337686;0.637136286371;0.000000051315;
0.637236276372;0.637236327720;0.637236276372;0.000000051348;
0.637336266373;0.637336317754;0.637336266373;0.000000051380;
0.637436256374;0.637436307787;0.637436256374;0.000000051413;
0.637536246375;0.637536297821;0.637536246375;0.000000051445;
0.637636236376;0.637636287854;0.637636236376;0.000000051477;
0.637736226377;0.637736277887;0.637736226377;0.000000051510;
0.637836216378;0.637836267920;0.637836216378;0.000000051542;
0.637936206379;0.637936257953;0.637936206379;0.000000051574;
0.638036196380;0.638036247986;0.638036196380;0.000000051606;
0.638136186381;0.638136238019;0.638136186381;0.000000051638;
0.638236176382;0.638236228052;0.638236176382;0.000000051669;
0.638336166383;0.638336218085;0.638336166383;0.000000051701;
0.638436156384;0.638436208117;0.638436156384;0.000000051733;
0.638536146385;0.638536198150;0.638536146385;0.000000051764;
0.638636136386;0.638636188182;0.638636136386;0.000000051796;
0.638736126387;0.638736178214;0.638736126387;0.000000051827;
0.638836116388;0.638836168246;0.638836116388;0.000000051858;
0.638936106389;0.638936158279;0.638936106389;0.000000051889;
0.639036096390;0.639036148311;0.639036096390;0.000000051920;
0.639136086391;0.639136138342;0.639136086391;0.000000051951;
0.639236076392;0.639236128374;0.639236076392;0.000000051982;
0.639336066393;0.639336118406;0.639336066393;0.000000052013;
0.639436056394;0.639436108438;0.639436056394;0.000000052043;
0.639536046395;0.639536098469;0.639536046395;0.000000052074;
0.639636036396;0.639636088500;0.639636036396;0.000000052104;
0.639736026397;0.639736078532;0.639736026397;0.000000052134;
0.639836016398;0.639836068563;0.639836016398;0.000000052164;
0.639936006399;0.639936058594;0.639936006399;0.000000052195;
0.640035996400;0.640036048625;0.640035996400;0.000000052224;
0.640135986401;0.640136038656;0.640135986401;0.000000052254;
0.640235976402;0.640236028686;0.640235976402;0.000000052284;
0.640335966403;0.640336018717;0.640335966403;0.000000052314;
0.640435956404;0.640436008748;0.640435956404;0.000000052343;
0.640535946405;0.640535998778;0.640535946405;0.000000052373;
0.640635936406;0.640635988808;0.640635936406;0.000000052402;
0.640735926407;0.640735978838;0.640735926407;0.000000052431;
0.640835916408;0.640835968868;0.640835916408;0.000000052460;
0.640935906409;0.640935958898;0.640935906409;0.000000052489;
0.641035896410;0.641035948928;0.641035896410;0.000000052518;
0.641135886411;0.641135938958;0.641135886411;0.000000052547;
0.641235876412;0.641235928988;0.641235876412;0.000000052575;
0.641335866413;0.641335919017;0.641335866413;0.000000052604;
0.641435856414;0.641435909046;0.641435856414;0.000000052632;
0.641535846415;0.641535899076;0.641535846415;0.000000052660;
0.641635836416;0.641635889105;0.641635836416;0.000000052688;
0.641735826417;0.641735879134;0.641735826417;0.000000052716;
0.641835816418;0.641835869163;0.641835816418;0.000000052744;
0.641935806419;0.641935859191;0.641935806419;0.000000052772;
0.642035796420;0.642035849220;0.642035796420;0.000000052800;
0.642135786421;0.642135839248;0.642135786421;0.000000052827;
0.642235776422;0.642235829277;0.642235776422;0.000000052854;
0.642335766423;0.642335819305;0.642335766423;0.000000052882;
0.642435756424;0.642435809333;0.642435756424;0.000000052909;
0.642535746425;0.642535799361;0.642535746425;0.000000052936;
0.642635736426;0.642635789389;0.642635736426;0.000000052962;
0.642735726427;0.642735779417;0.642735726427;0.000000052989;
0.642835716428;0.642835769444;0.642835716428;0.000000053016;
0.642935706429;0.642935759472;0.642935706429;0.000000053042;
0.643035696430;0.643035749499;0.643035696430;0.000000053068;
0.643135686431;0.643135739526;0.643135686431;0.000000053095;
0.643235676432;0.643235729553;0.643235676432;0.000000053121;
0.643335666433;0.643335719580;0.643335666433;0.000000053147;
0.643435656434;0.643435709607;0.643435656434;0.000000053172;
0.643535646435;0.643535699633;0.643535646435;0.000000053198;
0.643635636436;0.643635689660;0.643635636436;0.000000053223;
0.643735626437;0.643735679686;0.643735626437;0.000000053249;
0.643835616438;0.643835669712;0.643835616438;0.000000053274;
0.643935606439;0.643935659738;0.643935606439;0.000000053299;
0.644035596440;0.644035649764;0.644035596440;0.000000053324;
0.644135586441;0.644135639790;0.644135586441;0.000000053349;
0.644235576442;0.644235629816;0.644235576442;0.000000053373;
0.644335566443;0.644335619841;0.644335566443;0.000000053398;
0.644435556444;0.644435609866;0.644435556444;0.000000053422;
0.644535546445;0.644535599892;0.644535546445;0.000000053446;
0.644635536446;0.644635589917;0.644635536446;0.000000053470;
0.644735526447;0.644735579941;0.644735526447;0.000000053494;
0.644835516448;0.644835569966;0.644835516448;0.000000053518;
0.644935506449;0.644935559991;0.644935506449;0.000000053541;
0.645035496450;0.645035550015;0.645035496450;0.000000053565;
0.645135486451;0.645135540039;0.645135486451;0.000000053588;
0.645235476452;0.645235530063;0.645235476452;0.000000053611;
0.645335466453;0.645335520087;0.645335466453;0.000000053634;
0.645435456454;0.645435510111;0.645435456454;0.000000053657;
0.645535446455;0.645535500135;0.645535446455;0.000000053679;
0.645635436456;0.645635490158;0.645635436456;0.000000053702;
0.645735426457;0.645735480181;0.645735426457;0.000000053724;
0.645835416458;0.645835470205;0.645835416458;0.000000053746;
0.645935406459;0.645935460227;0.645935406459;0.000000053768;
0.646035396460;0.646035450250;0.646035396460;0.000000053790;
0.646135386461;0.646135440273;0.646135386461;0.000000053812;
0.646235376462;0.646235430295;0.646235376462;0.000000053833;
0.646335366463;0.646335420318;0.646335366463;0.000000053854;
0.646435356464;0.646435410340;0.646435356464;0.000000053875;
0.646535346465;0.646535400362;0.646535346465;0.000000053896;
0.646635336466;0.646635390383;0.646635336466;0.000000053917;
0.646735326467;0.646735380405;0.646735326467;0.000000053938;
0.646835316468;0.646835370427;0.646835316468;0.000000053958;
0.646935306469;0.646935360448;0.646935306469;0.000000053978;
0.647035296470;0.647035350469;0.647035296470;0.000000053998;
0.647135286471;0.647135340490;0.647135286471;0.000000054018;
0.647235276472;0.647235330510;0.647235276472;0.000000054038;
0.647335266473;0.647335320531;0.647335266473;0.000000054058;
0.647435256474;0.647435310551;0.647435256474;0.000000054077;
0.647535246475;0.647535300572;0.647535246475;0.000000054096;
0.647635236476;0.647635290592;0.647635236476;0.000000054115;
0.647735226477;0.647735280611;0.647735226477;0.000000054134;
0.647835216478;0.647835270631;0.647835216478;0.000000054153;
0.647935206479;0.647935260650;0.647935206479;0.000000054171;
0.648035196480;0.648035250670;0.648035196480;0.000000054189;
0.648135186481;0.648135240689;0.648135186481;0.000000054207;
0.648235176482;0.648235230708;0.648235176482;0.000000054225;
0.648335166483;0.648335220726;0.648335166483;0.000000054243;
0.648435156484;0.648435210745;0.648435156484;0.000000054261;
0.648535146485;0.648535200763;0.648535146485;0.000000054278;
0.648635136486;0.648635190781;0.648635136486;0.000000054295;
0.648735126487;0.648735180799;0.648735126487;0.000000054312;
0.648835116488;0.648835170817;0.648835116488;0.000000054329;
0.648935106489;0.648935160834;0.648935106489;0.000000054345;
0.649035096490;0.649035150852;0.649035096490;0.000000054361;
0.649135086491;0.649135140869;0.649135086491;0.000000054378;
0.649235076492;0.649235130886;0.649235076492;0.000000054393;
0.649335066493;0.649335120903;0.649335066493;0.000000054409;
0.649435056494;0.649435110919;0.649435056494;0.000000054425;
0.649535046495;0.649535100935;0.649535046495;0.000000054440;
0.649635036496;0.649635090951;0.649635036496;0.000000054455;
0.649735026497;0.649735080967;0.649735026497;0.000000054470;
0.649835016498;0.649835070983;0.649835016498;0.000000054485;
0.649935006499;0.649935060999;0.649935006499;0.000000054499;
0.650034996500;0.650035051014;0.650034996500;0.000000054513;
0.650134986501;0.650135041029;0.650134986501;0.000000054528;
0.650234976502;0.650235031044;0.650234976502;0.000000054541;
0.650334966503;0.650335021058;0.650334966503;0.000000054555;
0.650434956504;0.650435011073;0.650434956504;0.000000054568;
0.650534946505;0.650535001087;0.650534946505;0.000000054582;
0.650634936506;0.650634991101;0.650634936506;0.000000054595;
0.650734926507;0.650734981115;0.650734926507;0.000000054607;
0.650834916508;0.650834971128;0.650834916508;0.000000054620;
0.650934906509;0.650934961142;0.650934906509;0.000000054632;
0.651034896510;0.651034951155;0.651034896510;0.000000054644;
0.651134886511;0.651134941168;0.651134886511;0.000000054656;
0.651234876512;0.651234931180;0.651234876512;0.000000054668;
0.651334866513;0.651334921193;0.651334866513;0.000000054679;
0.651434856514;0.651434911205;0.651434856514;0.000000054691;
0.651534846515;0.651534901217;0.651534846515;0.000000054702;
0.651634836516;0.651634891229;0.651634836516;0.000000054712;
0.651734826517;0.651734881240;0.651734826517;0.000000054723;
0.651834816518;0.651834871252;0.651834816518;0.000000054733;
0.651934806519;0.651934861263;0.651934806519;0.000000054743;
0.652034796520;0.652034851273;0.652034796520;0.000000054753;
0.652134786521;0.652134841284;0.652134786521;0.000000054763;
0.652234776522;0.652234831294;0.652234776522;0.000000054772;
0.652334766523;0.652334821304;0.652334766523;0.000000054781;
0.652434756524;0.652434811314;0.652434756524;0.000000054790;
0.652534746525;0.652534801324;0.652534746525;0.000000054799;
0.652634736526;0.652634791333;0.652634736526;0.000000054807;
0.652734726527;0.652734781343;0.652734726527;0.000000054815;
0.652834716528;0.652834771351;0.652834716528;0.000000054823;
0.652934706529;0.652934761360;0.652934706529;0.000000054831;
0.653034696530;0.653034751368;0.653034696530;0.000000054838;
0.653134686531;0.653134741377;0.653134686531;0.000000054845;
0.653234676532;0.653234731385;0.653234676532;0.000000054852;
0.653334666533;0.653334721392;0.653334666533;0.000000054859;
0.653434656534;0.653434711400;0.653434656534;0.000000054865;
0.653534646535;0.653534701407;0.653534646535;0.000000054871;
0.653634636536;0.653634691414;0.653634636536;0.000000054877;
0.653734626537;0.653734681420;0.653734626537;0.000000054883;
0.653834616538;0.653834671427;0.653834616538;0.000000054888;
0.653934606539;0.653934661433;0.653934606539;0.000000054894;
0.654034596540;0.654034651439;0.654034596540;0.000000054898;
0.654134586541;0.654134641444;0.654134586541;0.000000054903;
0.654234576542;0.654234631450;0.654234576542;0.000000054907;
0.654334566543;0.654334621455;0.654334566543;0.000000054912;
0.654434556544;0.654434611460;0.654434556544;0.000000054915;
0.654534546545;0.654534601464;0.654534546545;0.000000054919;
0.654634536546;0.654634591469;0.654634536546;0.000000054922;
0.654734526547;0.654734581473;0.654734526547;0.000000054925;
0.654834516548;0.654834571476;0.654834516548;0.000000054928;
0.654934506549;0.654934561480;0.654934506549;0.000000054931;
0.655034496550;0.655034551483;0.655034496550;0.000000054933;
0.655134486551;0.655134541486;0.655134486551;0.000000054935;
0.655234476552;0.655234531489;0.655234476552;0.000000054937;
0.655334466553;0.655334521491;0.655334466553;0.000000054938;
0.655434456554;0.655434511493;0.655434456554;0.000000054939;
0.655534446555;0.655534501495;0.655534446555;0.000000054940;
0.655634436556;0.655634491497;0.655634436556;0.000000054941;
0.655734426557;0.655734481498;0.655734426557;0.000000054941;
0.655834416558;0.655834471499;0.655834416558;0.000000054941;
0.655934406559;0.655934461500;0.655934406559;0.000000054941;
0.656034396560;0.656034451500;0.656034396560;0.000000054940;
0.656134386561;0.656134441501;0.656134386561;0.000000054939;
0.656234376562;0.656234431500;0.656234376562;0.000000054938;
0.656334366563;0.656334421500;0.656334366563;0.000000054937;
0.656434356564;0.656434411499;0.656434356564;0.000000054935;
0.656534346565;0.656534401498;0.656534346565;0.000000054933;
0.656634336566;0.656634391497;0.656634336566;0.000000054931;
0.656734326567;0.656734381496;0.656734326567;0.000000054928;
0.656834316568;0.656834371494;0.656834316568;0.000000054925;
0.656934306569;0.656934361492;0.656934306569;0.000000054922;
0.657034296570;0.657034351489;0.657034296570;0.000000054919;
0.657134286571;0.657134341486;0.657134286571;0.000000054915;
0.657234276572;0.657234331483;0.657234276572;0.000000054911;
0.657334266573;0.657334321480;0.657334266573;0.000000054907;
0.657434256574;0.657434311476;0.657434256574;0.000000054902;
0.657534246575;0.657534301472;0.657534246575;0.000000054897;
0.657634236576;0.657634291468;0.657634236576;0.000000054892;
0.657734226577;0.657734281464;0.657734226577;0.000000054886;
0.657834216578;0.657834271459;0.657834216578;0.000000054881;
0.657934206579;0.657934261454;0.657934206579;0.000000054874;
0.658034196580;0.658034251448;0.658034196580;0.000000054868;
0.658134186581;0.658134241442;0.658134186581;0.000000054861;
0.658234176582;0.658234231436;0.658234176582;0.000000054854;
0.658334166583;0.658334221430;0.658334166583;0.000000054847;
0.658434156584;0.658434211423;0.658434156584;0.000000054839;
0.658534146585;0.658534201416;0.658534146585;0.000000054831;
0.658634136586;0.658634191409;0.658634136586;0.000000054823;
0.658734126587;0.658734181401;0.658734126587;0.000000054814;
0.658834116588;0.658834171393;0.658834116588;0.000000054805;
0.658934106589;0.658934161385;0.658934106589;0.000000054796;
0.659034096590;0.659034151377;0.659034096590;0.000000054786;
0.659134086591;0.659134141368;0.659134086591;0.000000054776;
0.659234076592;0.659234131358;0.659234076592;0.000000054766;
0.659334066593;0.659334121349;0.659334066593;0.000000054755;
0.659434056594;0.659434111339;0.659434056594;0.000000054745;
0.659534046595;0.659534101329;0.659534046595;0.000000054733;
0.659634036596;0.659634091318;0.659634036596;0.000000054722;
0.659734026597;0.659734081307;0.659734026597;0.000000054710;
0.659834016598;0.659834071296;0.659834016598;0.000000054698;
0.659934006599;0.659934061285;0.659934006599;0.000000054685;
0.660033996600;0.660034051273;0.660033996600;0.000000054672;
0.660133986601;0.660134041261;0.660133986601;0.000000054659;
0.660233976602;0.660234031248;0.660233976602;0.000000054646;
0.660333966603;0.660334021235;0.660333966603;0.000000054632;
0.660433956604;0.660434011222;0.660433956604;0.000000054618;
0.660533946605;0.660534001209;0.660533946605;0.000000054603;
0.660633936606;0.660633991195;0.660633936606;0.000000054588;
0.660733926607;0.660733981180;0.660733926607;0.000000054573;
0.660833916608;0.660833971166;0.660833916608;0.000000054558;
0.660933906609;0.660933961151;0.660933906609;0.000000054542;
0.661033896610;0.661033951136;0.661033896610;0.000000054526;
0.661133886611;0.661133941120;0.661133886611;0.000000054509;
0.661233876612;0.661233931104;0.661233876612;0.000000054492;
0.661333866613;0.661333921088;0.661333866613;0.000000054475;
0.661433856614;0.661433911072;0.661433856614;0.000000054457;
0.661533846615;0.661533901055;0.661533846615;0.000000054439;
0.661633836616;0.661633891037;0.661633836616;0.000000054421;
0.661733826617;0.661733881020;0.661733826617;0.000000054402;
0.661833816618;0.661833871002;0.661833816618;0.000000054383;
0.661933806619;0.661933860983;0.661933806619;0.000000054364;
0.662033796620;0.662033850965;0.662033796620;0.000000054344;
0.662133786621;0.662133840946;0.662133786621;0.000000054324;
0.662233776622;0.662233830926;0.662233776622;0.000000054304;
0.662333766623;0.662333820907;0.662333766623;0.000000054283;
0.662433756624;0.662433810886;0.662433756624;0.000000054262;
0.662533746625;0.662533800866;0.662533746625;0.000000054241;
0.662633736626;0.662633790845;0.662633736626;0.000000054219;
0.662733726627;0.662733780824;0.662733726627;0.000000054197;
0.662833716628;0.662833770802;0.662833716628;0.000000054174;
0.662933706629;0.662933760781;0.662933706629;0.000000054151;
0.663033696630;0.663033750758;0.663033696630;0.000000054128;
0.663133686631;0.663133740736;0.663133686631;0.000000054104;
0.663233676632;0.663233730713;0.663233676632;0.000000054080;
0.663333666633;0.663333720689;0.663333666633;0.000000054056;
0.663433656634;0.663433710666;0.663433656634;0.000000054031;
0.663533646635;0.663533700642;0.663533646635;0.000000054006;
0.663633636636;0.663633690617;0.663633636636;0.000000053981;
0.663733626637;0.663733680592;0.663733626637;0.000000053955;
0.663833616638;0.663833670567;0.663833616638;0.000000053929;
0.663933606639;0.663933660542;0.663933606639;0.000000053902;
0.664033596640;0.664033650516;0.664033596640;0.000000053875;
0.664133586641;0.664133640489;0.664133586641;0.000000053848;
0.664233576642;0.664233630463;0.664233576642;0.000000053820;
0.664333566643;0.664333620436;0.664333566643;0.000000053792;
0.664433556644;0.664433610408;0.664433556644;0.000000053764;
0.664533546645;0.664533600380;0.664533546645;0.000000053735;
0.664633536646;0.664633590352;0.664633536646;0.000000053706;
0.664733526647;0.664733580324;0.664733526647;0.000000053676;
0.664833516648;0.664833570295;0.664833516648;0.000000053646;
0.664933506649;0.664933560266;0.664933506649;0.000000053616;
0.665033496650;0.665033550236;0.665033496650;0.000000053586;
0.665133486651;0.665133540206;0.665133486651;0.000000053554;
0.665233476652;0.665233530175;0.665233476652;0.000000053523;
0.665333466653;0.665333520145;0.665333466653;0.000000053491;
0.665433456654;0.665433510113;0.665433456654;0.000000053459;
0.665533446655;0.665533500082;0.665533446655;0.000000053426;
0.665633436656;0.665633490050;0.665633436656;0.000000053394;
0.665733426657;0.665733480018;0.665733426657;0.000000053360;
0.665833416658;0.665833469985;0.665833416658;0.000000053326;
0.665933406659;0.665933459952;0.665933406659;0.000000053292;
0.666033396660;0.666033449918;0.666033396660;0.000000053258;
0.666133386661;0.666133439884;0.666133386661;0.000000053223;
0.666233376662;0.666233429850;0.666233376662;0.000000053188;
0.666333366663;0.666333419815;0.666333366663;0.000000053152;
0.666433356664;0.666433409780;0.666433356664;0.000000053116;
0.666533346665;0.666533399745;0.666533346665;0.000000053080;
0.666633336666;0.666633389709;0.666633336666;0.000000053043;
0.666733326667;0.666733379673;0.666733326667;0.000000053006;
0.666833316668;0.666833369636;0.666833316668;0.000000052968;
0.666933306669;0.666933359599;0.666933306669;0.000000052930;
0.667033296670;0.667033349562;0.667033296670;0.000000052892;
0.667133286671;0.667133339524;0.667133286671;0.000000052853;
0.667233276672;0.667233329486;0.667233276672;0.000000052814;
0.667333266673;0.667333319447;0.667333266673;0.000000052774;
0.667433256674;0.667433309408;0.667433256674;0.000000052734;
0.667533246675;0.667533299369;0.667533246675;0.000000052694;
0.667633236676;0.667633289329;0.667633236676;0.000000052653;
0.667733226677;0.667733279289;0.667733226677;0.000000052612;
0.667833216678;0.667833269249;0.667833216678;0.000000052570;
0.667933206679;0.667933259208;0.667933206679;0.000000052528;
0.668033196680;0.668033249166;0.668033196680;0.000000052486;
0.668133186681;0.668133239125;0.668133186681;0.000000052443;
0.668233176682;0.668233229083;0.668233176682;0.000000052400;
0.668333166683;0.668333219040;0.668333166683;0.000000052357;
0.668433156684;0.668433208997;0.668433156684;0.000000052313;
0.668533146685;0.668533198954;0.668533146685;0.000000052269;
0.668633136686;0.668633188910;0.668633136686;0.000000052224;
0.668733126687;0.668733178866;0.668733126687;0.000000052179;
0.668833116688;0.668833168822;0.668833116688;0.000000052133;
0.668933106689;0.668933158777;0.668933106689;0.000000052087;
0.669033096690;0.669033148731;0.669033096690;0.000000052041;
0.669133086691;0.669133138686;0.669133086691;0.000000051994;
0.669233076692;0.669233128640;0.669233076692;0.000000051947;
0.669333066693;0.669333118593;0.669333066693;0.000000051900;
0.669433056694;0.669433108546;0.669433056694;0.000000051852;
0.669533046695;0.669533098499;0.669533046695;0.000000051804;
0.669633036696;0.669633088451;0.669633036696;0.000000051755;
0.669733026697;0.669733078403;0.669733026697;0.000000051706;
0.669833016698;0.669833068355;0.669833016698;0.000000051656;
0.669933006699;0.669933058306;0.669933006699;0.000000051606;
0.670032996700;0.670033048256;0.670032996700;0.000000051556;
0.670132986701;0.670133038207;0.670132986701;0.000000051505;
0.670232976702;0.670233028157;0.670232976702;0.000000051454;
0.670332966703;0.670333018106;0.670332966703;0.000000051403;
0.670432956704;0.670433008055;0.670432956704;0.000000051351;
0.670532946705;0.670532998004;0.670532946705;0.000000051299;
0.670632936706;0.670632987952;0.670632936706;0.000000051246;
0.670732926707;0.670732977900;0.670732926707;0.000000051193;
0.670832916708;0.670832967848;0.670832916708;0.000000051139;
0.670932906709;0.670932957795;0.670932906709;0.000000051085;
0.671032896710;0.671032947741;0.671032896710;0.000000051031;
0.671132886711;0.671132937688;0.671132886711;0.000000050976;
0.671232876712;0.671232927634;0.671232876712;0.000000050921;
0.671332866713;0.671332917579;0.671332866713;0.000000050866;
0.671432856714;0.671432907524;0.671432856714;0.000000050810;
0.671532846715;0.671532897469;0.671532846715;0.000000050753;
0.671632836716;0.671632887413;0.671632836716;0.000000050697;
0.671732826717;0.671732877357;0.671732826717;0.000000050640;
0.671832816718;0.671832867300;0.671832816718;0.000000050582;
0.671932806719;0.671932857244;0.671932806719;0.000000050524;
0.672032796720;0.672032847186;0.672032796720;0.000000050466;
0.672132786721;0.672132837129;0.672132786721;0.000000050407;
0.672232776722;0.672232827070;0.672232776722;0.000000050348;
0.672332766723;0.672332817012;0.672332766723;0.000000050289;
0.672432756724;0.672432806953;0.672432756724;0.000000050229;
0.672532746725;0.672532796894;0.672532746725;0.000000050168;
0.672632736726;0.672632786834;0.672632736726;0.000000050108;
0.672732726727;0.672732776774;0.672732726727;0.000000050047;
0.672832716728;0.672832766713;0.672832716728;0.000000049985;
0.672932706729;0.672932756653;0.672932706729;0.000000049923;
0.673032696730;0.673032746591;0.673032696730;0.000000049861;
0.673132686731;0.673132736530;0.673132686731;0.000000049798;
0.673232676732;0.673232726468;0.673232676732;0.000000049735;
0.673332666733;0.673332716405;0.673332666733;0.000000049672;
0.673432656734;0.673432706342;0.673432656734;0.000000049608;
0.673532646735;0.673532696279;0.673532646735;0.000000049544;
0.673632636736;0.673632686215;0.673632636736;0.000000049479;
0.673732626737;0.673732676151;0.673732626737;0.000000049414;
0.673832616738;0.673832666087;0.673832616738;0.000000049349;
0.673932606739;0.673932656022;0.673932606739;0.000000049283;
0.674032596740;0.674032645957;0.674032596740;0.000000049217;
0.674132586741;0.674132635891;0.674132586741;0.000000049150;
0.674232576742;0.674232625825;0.674232576742;0.000000049083;
0.674332566743;0.674332615759;0.674332566743;0.000000049016;
0.674432556744;0.674432605692;0.674432556744;0.000000048948;
0.674532546745;0.674532595625;0.674532546745;0.000000048880;
0.674632536746;0.674632585557;0.674632536746;0.000000048811;
0.674732526747;0.674732575490;0.674732526747;0.000000048742;
0.674832516748;0.674832565421;0.674832516748;0.000000048673;
0.674932506749;0.674932555353;0.674932506749;0.000000048603;
0.675032496750;0.675032545283;0.675032496750;0.000000048533;
0.675132486751;0.675132535214;0.675132486751;0.000000048463;
0.675232476752;0.675232525144;0.675232476752;0.000000048392;
0.675332466753;0.675332515074;0.675332466753;0.000000048321;
0.675432456754;0.675432505003;0.675432456754;0.000000048249;
0.675532446755;0.675532494932;0.675532446755;0.000000048177;
0.675632436756;0.675632484861;0.675632436756;0.000000048105;
0.675732426757;0.675732474789;0.675732426757;0.000000048032;
0.675832416758;0.675832464717;0.675832416758;0.000000047959;
0.675932406759;0.675932454645;0.675932406759;0.000000047885;
0.676032396760;0.676032444572;0.676032396760;0.000000047812;
0.676132386761;0.676132434499;0.676132386761;0.000000047737;
0.676232376762;0.676232424425;0.676232376762;0.000000047663;
0.676332366763;0.676332414351;0.676332366763;0.000000047588;
0.676432356764;0.676432404277;0.676432356764;0.000000047513;
0.676532346765;0.676532394202;0.676532346765;0.000000047437;
0.676632336766;0.676632384127;0.676632336766;0.000000047361;
0.676732326767;0.676732374052;0.676732326767;0.000000047284;
0.676832316768;0.676832363976;0.676832316768;0.000000047208;
0.676932306769;0.676932353900;0.676932306769;0.000000047130;
0.677032296770;0.677032343823;0.677032296770;0.000000047053;
0.677132286771;0.677132333746;0.677132286771;0.000000046975;
0.677232276772;0.677232323669;0.677232276772;0.000000046897;
0.677332266773;0.677332313592;0.677332266773;0.000000046818;
0.677432256774;0.677432303514;0.677432256774;0.000000046739;
0.677532246775;0.677532293435;0.677532246775;0.000000046660;
0.677632236776;0.677632283357;0.677632236776;0.000000046580;
0.677732226777;0.677732273278;0.677732226777;0.000000046500;
0.677832216778;0.677832263198;0.677832216778;0.000000046420;
0.677932206779;0.677932253119;0.677932206779;0.000000046339;
0.678032196780;0.678032243039;0.678032196780;0.000000046258;
0.678132186781;0.678132232958;0.678132186781;0.000000046177;
0.678232176782;0.678232222877;0.678232176782;0.000000046095;
0.678332166783;0.678332212796;0.678332166783;0.000000046013;
0.678432156784;0.678432202715;0.678432156784;0.000000045931;
0.678532146785;0.678532192633;0.678532146785;0.000000045848;
0.678632136786;0.678632182551;0.678632136786;0.000000045765;
0.678732126787;0.678732172469;0.678732126787;0.000000045681;
0.678832116788;0.678832162386;0.678832116788;0.000000045598;
0.678932106789;0.678932152303;0.678932106789;0.000000045513;
0.679032096790;0.679032142219;0.679032096790;0.000000045429;
0.679132086791;0.679132132136;0.679132086791;0.000000045344;
0.679232076792;0.679232122051;0.679232076792;0.000000045259;
0.679332066793;0.679332111967;0.679332066793;0.000000045174;
0.679432056794;0.679432101882;0.679432056794;0.000000045088;
0.679532046795;0.679532091797;0.679532046795;0.000000045002;
0.679632036796;0.679632081712;0.679632036796;0.000000044915;
0.679732026797;0.679732071626;0.679732026797;0.000000044829;
0.679832016798;0.679832061540;0.679832016798;0.000000044742;
0.679932006799;0.679932051454;0.679932006799;0.000000044654;
0.680031996800;0.680032041367;0.680031996800;0.000000044567;
0.680131986801;0.680132031280;0.680131986801;0.000000044479;
0.680231976802;0.680232021193;0.680231976802;0.000000044390;
0.680331966803;0.680332011105;0.680331966803;0.000000044302;
0.680431956804;0.680432001017;0.680431956804;0.000000044213;
0.680531946805;0.680531990929;0.680531946805;0.000000044124;
0.680631936806;0.680631980841;0.680631936806;0.000000044034;
0.680731926807;0.680731970752;0.680731926807;0.000000043944;
0.680831916808;0.680831960663;0.680831916808;0.000000043854;
0.680931906809;0.680931950573;0.680931906809;0.000000043764;
0.681031896810;0.681031940484;0.681031896810;0.000000043673;
0.681131886811;0.681131930394;0.681131886811;0.000000043582;
0.681231876812;0.681231920303;0.681231876812;0.000000043491;
0.681331866813;0.681331910213;0.681331866813;0.000000043399;
0.681431856814;0.681431900122;0.681431856814;0.000000043308;
0.681531846815;0.681531890031;0.681531846815;0.000000043216;
0.681631836816;0.681631879939;0.681631836816;0.000000043123;
0.681731826817;0.681731869848;0.681731826817;0.000000043030;
0.681831816818;0.681831859756;0.681831816818;0.000000042937;
0.681931806819;0.681931849664;0.681931806819;0.000000042844;
0.682031796820;0.682031839571;0.682031796820;0.000000042751;
0.682131786821;0.682131829478;0.682131786821;0.000000042657;
0.682231776822;0.682231819385;0.682231776822;0.000000042563;
0.682331766823;0.682331809292;0.682331766823;0.000000042469;
0.682431756824;0.682431799198;0.682431756824;0.000000042374;
0.682531746825;0.682531789105;0.682531746825;0.000000042279;
0.682631736826;0.682631779010;0.682631736826;0.000000042184;
0.682731726827;0.682731768916;0.682731726827;0.000000042089;
0.682831716828;0.682831758822;0.682831716828;0.000000041993;
0.682931706829;0.682931748727;0.682931706829;0.000000041897;
0.683031696830;0.683031738632;0.683031696830;0.000000041801;
0.683131686831;0.683131728536;0.683131686831;0.000000041705;
0.683231676832;0.683231718441;0.683231676832;0.000000041608;
0.683331666833;0.683331708345;0.683331666833;0.000000041512;
0.683431656834;0.683431698249;0.683431656834;0.000000041414;
0.683531646835;0.683531688152;0.683531646835;0.000000041317;
0.683631636836;0.683631678056;0.683631636836;0.000000041220;
0.683731626837;0.683731667959;0.683731626837;0.000000041122;
0.683831616838;0.683831657862;0.683831616838;0.000000041024;
0.683931606839;0.683931647765;0.683931606839;0.000000040926;
0.684031596840;0.684031637668;0.684031596840;0.000000040827;
0.684131586841;0.684131627570;0.684131586841;0.000000040729;
0.684231576842;0.684231617472;0.684231576842;0.000000040630;
0.684331566843;0.684331607374;0.684331566843;0.000000040531;
0.684431556844;0.684431597276;0.684431556844;0.000000040431;
0.684531546845;0.684531587177;0.684531546845;0.000000040332;
0.684631536846;0.684631577079;0.684631536846;0.000000040232;
0.684731526847;0.684731566980;0.684731526847;0.000000040132;
0.684831516848;0.684831556880;0.684831516848;0.000000040032;
0.684931506849;0.684931546781;0.684931506849;0.000000039932;
0.685031496850;0.685031536682;0.685031496850;0.000000039831;
0.685131486851;0.685131526582;0.685131486851;0.000000039731;
0.685231476852;0.685231516482;0.685231476852;0.000000039630;
0.685331466853;0.685331506382;0.685331466853;0.000000039529;
0.685431456854;0.685431496282;0.685431456854;0.000000039427;
0.685531446855;0.685531486181;0.685531446855;0.000000039326;
0.685631436856;0.685631476081;0.685631436856;0.000000039224;
0.685731426857;0.685731465980;0.685731426857;0.000000039123;
0.685831416858;0.685831455879;0.685831416858;0.000000039021;
0.685931406859;0.685931445778;0.685931406859;0.000000038919;
0.686031396860;0.686031435677;0.686031396860;0.000000038816;
0.686131386861;0.686131425575;0.686131386861;0.000000038714;
0.686231376862;0.686231415473;0.686231376862;0.000000038611;
0.686331366863;0.686331405372;0.686331366863;0.000000038508;
0.686431356864;0.686431395270;0.686431356864;0.000000038405;
0.686531346865;0.686531385168;0.686531346865;0.000000038302;
0.686631336866;0.686631375065;0.686631336866;0.000000038199;
0.686731326867;0.686731364963;0.686731326867;0.000000038096;
0.686831316868;0.686831354861;0.686831316868;0.000000037992;
0.686931306869;0.686931344758;0.686931306869;0.000000037889;
0.687031296870;0.687031334655;0.687031296870;0.000000037785;
0.687131286871;0.687131324552;0.687131286871;0.000000037681;
0.687231276872;0.687231314449;0.687231276872;0.000000037577;
0.687331266873;0.687331304346;0.687331266873;0.000000037473;
0.687431256874;0.687431294243;0.687431256874;0.000000037368;
0.687531246875;0.687531284139;0.687531246875;0.000000037264;
0.687631236876;0.687631274036;0.687631236876;0.000000037159;
0.687731226877;0.687731263932;0.687731226877;0.000000037055;
0.687831216878;0.687831253828;0.687831216878;0.000000036950;
0.687931206879;0.687931243724;0.687931206879;0.000000036845;
0.688031196880;0.688031233620;0.688031196880;0.000000036740;
0.688131186881;0.688131223516;0.688131186881;0.000000036635;
0.688231176882;0.688231213412;0.688231176882;0.000000036530;
0.688331166883;0.688331203308;0.688331166883;0.000000036424;
0.688431156884;0.688431193203;0.688431156884;0.000000036319;
0.688531146885;0.688531183099;0.688531146885;0.000000036214;
0.688631136886;0.688631172994;0.688631136886;0.000000036108;
0.688731126887;0.688731162890;0.688731126887;0.000000036002;
0.688831116888;0.688831152785;0.688831116888;0.000000035897;
0.688931106889;0.688931142680;0.688931106889;0.000000035791;
0.689031096890;0.689031132575;0.689031096890;0.000000035685;
0.689131086891;0.689131122470;0.689131086891;0.000000035579;
0.689231076892;0.689231112365;0.689231076892;0.000000035473;
0.689331066893;0.689331102260;0.689331066893;0.000000035367;
0.689431056894;0.689431092155;0.689431056894;0.000000035261;
0.689531046895;0.689531082050;0.689531046895;0.000000035155;
0.689631036896;0.689631071945;0.689631036896;0.000000035048;
0.689731026897;0.689731061840;0.689731026897;0.000000034942;
0.689831016898;0.689831051734;0.689831016898;0.000000034836;
0.689931006899;0.689931041629;0.689931006899;0.000000034729;
0.690030996900;0.690031031523;0.690030996900;0.000000034623;
0.690130986901;0.690131021418;0.690130986901;0.000000034517;
0.690230976902;0.690231011312;0.690230976902;0.000000034410;
0.690330966903;0.690331001207;0.690330966903;0.000000034304;
0.690430956904;0.690430991101;0.690430956904;0.000000034197;
0.690530946905;0.690530980996;0.690530946905;0.000000034090;
0.690630936906;0.690630970890;0.690630936906;0.000000033984;
0.690730926907;0.690730960784;0.690730926907;0.000000033877;
0.690830916908;0.690830950679;0.690830916908;0.000000033771;
0.690930906909;0.690930940573;0.690930906909;0.000000033664;
0.691030896910;0.691030930468;0.691030896910;0.000000033557;
0.691130886911;0.691130920362;0.691130886911;0.000000033451;
0.691230876912;0.691230910256;0.691230876912;0.000000033344;
0.691330866913;0.691330900150;0.691330866913;0.000000033237;
0.691430856914;0.691430890045;0.691430856914;0.000000033131;
0.691530846915;0.691530879939;0.691530846915;0.000000033024;
0.691630836916;0.691630869834;0.691630836916;0.000000032917;
0.691730826917;0.691730859728;0.691730826917;0.000000032811;
0.691830816918;0.691830849622;0.691830816918;0.000000032704;
0.691930806919;0.691930839517;0.691930806919;0.000000032597;
0.692030796920;0.692030829411;0.692030796920;0.000000032491;
0.692130786921;0.692130819306;0.692130786921;0.000000032384;
0.692230776922;0.692230809200;0.692230776922;0.000000032278;
0.692330766923;0.692330799095;0.692330766923;0.000000032171;
0.692430756924;0.692430788989;0.692430756924;0.000000032065;
0.692530746925;0.692530778884;0.692530746925;0.000000031958;
0.692630736926;0.692630768778;0.692630736926;0.000000031852;
0.692730726927;0.692730758673;0.692730726927;0.000000031746;
0.692830716928;0.692830748568;0.692830716928;0.000000031639;
0.692930706929;0.692930738463;0.692930706929;0.000000031533;
0.693030696930;0.693030728357;0.693030696930;0.000000031427;
0.693130686931;0.693130718252;0.693130686931;0.000000031321;
0.693230676932;0.693230708147;0.693230676932;0.000000031215;
0.693330666933;0.693330698042;0.693330666933;0.000000031109;
0.693430656934;0.693430687937;0.693430656934;0.000000031003;
0.693530646935;0.693530677833;0.693530646935;0.000000030897;
0.693630636936;0.693630667728;0.693630636936;0.000000030792;
0.693730626937;0.693730657623;0.693730626937;0.000000030686;
0.693830616938;0.693830647519;0.693830616938;0.000000030580;
0.693930606939;0.693930637414;0.693930606939;0.000000030475;
0.694030596940;0.694030627310;0.694030596940;0.000000030369;
0.694130586941;0.694130617205;0.694130586941;0.000000030264;
0.694230576942;0.694230607101;0.694230576942;0.000000030159;
0.694330566943;0.694330596997;0.694330566943;0.000000030054;
0.694430556944;0.694430586893;0.694430556944;0.000000029949;
0.694530546945;0.694530576789;0.694530546945;0.000000029844;
0.694630536946;0.694630566685;0.694630536946;0.000000029739;
0.694730526947;0.694730556582;0.694730526947;0.000000029634;
0.694830516948;0.694830546478;0.694830516948;0.000000029530;
0.694930506949;0.694930536374;0.694930506949;0.000000029425;
0.695030496950;0.695030526271;0.695030496950;0.000000029321;
0.695130486951;0.695130516168;0.695130486951;0.000000029217;
0.695230476952;0.695230506065;0.695230476952;0.000000029112;
0.695330466953;0.695330495962;0.695330466953;0.000000029008;
0.695430456954;0.695430485859;0.695430456954;0.000000028905;
0.695530446955;0.695530475756;0.695530446955;0.000000028801;
0.695630436956;0.695630465654;0.695630436956;0.000000028697;
0.695730426957;0.695730455551;0.695730426957;0.000000028594;
0.695830416958;0.695830445449;0.695830416958;0.000000028491;
0.695930406959;0.695930435347;0.695930406959;0.000000028388;
0.696030396960;0.696030425245;0.696030396960;0.000000028285;
0.696130386961;0.696130415143;0.696130386961;0.000000028182;
0.696230376962;0.696230405041;0.696230376962;0.000000028079;
0.696330366963;0.696330394940;0.696330366963;0.000000027976;
0.696430356964;0.696430384838;0.696430356964;0.000000027874;
0.696530346965;0.696530374737;0.696530346965;0.000000027772;
0.696630336966;0.696630364636;0.696630336966;0.000000027670;
0.696730326967;0.696730354535;0.696730326967;0.000000027568;
0.696830316968;0.696830344435;0.696830316968;0.000000027466;
0.696930306969;0.696930334334;0.696930306969;0.000000027365;
0.697030296970;0.697030324234;0.697030296970;0.000000027264;
0.697130286971;0.697130314134;0.697130286971;0.000000027162;
0.697230276972;0.697230304034;0.697230276972;0.000000027061;
0.697330266973;0.697330293934;0.697330266973;0.000000026961;
0.697430256974;0.697430283834;0.697430256974;0.000000026860;
0.697530246975;0.697530273735;0.697530246975;0.000000026760;
0.697630236976;0.697630263636;0.697630236976;0.000000026660;
0.697730226977;0.697730253537;0.697730226977;0.000000026560;
0.697830216978;0.697830243438;0.697830216978;0.000000026460;
0.697930206979;0.697930233339;0.697930206979;0.000000026360;
0.698030196980;0.698030223241;0.698030196980;0.000000026261;
0.698130186981;0.698130213143;0.698130186981;0.000000026162;
0.698230176982;0.698230203045;0.698230176982;0.000000026063;
0.698330166983;0.698330192947;0.698330166983;0.000000025964;
0.698430156984;0.698430182850;0.698430156984;0.000000025865;
0.698530146985;0.698530172752;0.698530146985;0.000000025767;
0.698630136986;0.698630162655;0.698630136986;0.000000025669;
0.698730126987;0.698730152559;0.698730126987;0.000000025571;
0.698830116988;0.698830142462;0.698830116988;0.000000025474;
0.698930106989;0.698930132366;0.698930106989;0.000000025376;
0.699030096990;0.699030122269;0.699030096990;0.000000025279;
0.699130086991;0.699130112173;0.699130086991;0.000000025182;
0.699230076992;0.699230102078;0.699230076992;0.000000025085;
0.699330066993;0.699330091982;0.699330066993;0.000000024989;
0.699430056994;0.699430081887;0.699430056994;0.000000024893;
0.699530046995;0.699530071792;0.699530046995;0.000000024797;
0.699630036996;0.699630061698;0.699630036996;0.000000024701;
0.699730026997;0.699730051603;0.699730026997;0.000000024606;
0.699830016998;0.699830041509;0.699830016998;0.000000024511;
0.699930006999;0.699930031415;0.699930006999;0.000000024416;
0.700029997000;0.700030021321;0.700029997000;0.000000024321;
0.700129987001;0.700130011228;0.700129987001;0.000000024227;
0.700229977002;0.700230001135;0.700229977002;0.000000024132;
0.700329967003;0.700329991042;0.700329967003;0.000000024039;
0.700429957004;0.700429980949;0.700429957004;0.000000023945;
0.700529947005;0.700529970857;0.700529947005;0.000000023852;
0.700629937006;0.700629960765;0.700629937006;0.000000023759;
0.700729927007;0.700729950673;0.700729927007;0.000000023666;
0.700829917008;0.700829940582;0.700829917008;0.000000023573;
0.700929907009;0.700929930490;0.700929907009;0.000000023481;
0.701029897010;0.701029920399;0.701029897010;0.000000023389;
0.701129887011;0.701129910309;0.701129887011;0.000000023297;
0.701229877012;0.701229900218;0.701229877012;0.000000023206;
0.701329867013;0.701329890128;0.701329867013;0.000000023115;
0.701429857014;0.701429880038;0.701429857014;0.000000023024;
0.701529847015;0.701529869949;0.701529847015;0.000000022934;
0.701629837016;0.701629859860;0.701629837016;0.000000022843;
0.701729827017;0.701729849771;0.701729827017;0.000000022753;
0.701829817018;0.701829839682;0.701829817018;0.000000022664;
0.701929807019;0.701929829594;0.701929807019;0.000000022575;
0.702029797020;0.702029819506;0.702029797020;0.000000022486;
0.702129787021;0.702129809418;0.702129787021;0.000000022397;
0.702229777022;0.702229799331;0.702229777022;0.000000022308;
0.702329767023;0.702329789244;0.702329767023;0.000000022220;
0.702429757024;0.702429779157;0.702429757024;0.000000022133;
0.702529747025;0.702529769070;0.702529747025;0.000000022045;
0.702629737026;0.702629758984;0.702629737026;0.000000021958;
0.702729727027;0.702729748898;0.702729727027;0.000000021871;
0.702829717028;0.702829738813;0.702829717028;0.000000021785;
0.702929707029;0.702929728728;0.702929707029;0.000000021698;
0.703029697030;0.703029718643;0.703029697030;0.000000021612;
0.703129687031;0.703129708558;0.703129687031;0.000000021527;
0.703229677032;0.703229698474;0.703229677032;0.000000021442;
0.703329667033;0.703329688390;0.703329667033;0.000000021357;
0.703429657034;0.703429678307;0.703429657034;0.000000021272;
0.703529647035;0.703529668223;0.703529647035;0.000000021188;
0.703629637036;0.703629658140;0.703629637036;0.000000021104;
0.703729627037;0.703729648058;0.703729627037;0.000000021021;
0.703829617038;0.703829637976;0.703829617038;0.000000020937;
0.703929607039;0.703929627894;0.703929607039;0.000000020854;
0.704029597040;0.704029617812;0.704029597040;0.000000020772;
0.704129587041;0.704129607731;0.704129587041;0.000000020690;
0.704229577042;0.704229597650;0.704229577042;0.000000020608;
0.704329567043;0.704329587570;0.704329567043;0.000000020526;
0.704429557044;0.704429577489;0.704429557044;0.000000020445;
0.704529547045;0.704529567410;0.704529547045;0.000000020364;
0.704629537046;0.704629557330;0.704629537046;0.000000020284;
0.704729527047;0.704729547251;0.704729527047;0.000000020204;
0.704829517048;0.704829537172;0.704829517048;0.000000020124;
0.704929507049;0.704929527094;0.704929507049;0.000000020044;
0.705029497050;0.705029517016;0.705029497050;0.000000019965;
0.705129487051;0.705129506938;0.705129487051;0.000000019887;
0.705229477052;0.705229496860;0.705229477052;0.000000019808;
0.705329467053;0.705329486783;0.705329467053;0.000000019730;
0.705429457054;0.705429476707;0.705429457054;0.000000019653;
0.705529447055;0.705529466631;0.705529447055;0.000000019575;
0.705629437056;0.705629456555;0.705629437056;0.000000019498;
0.705729427057;0.705729446479;0.705729427057;0.000000019422;
0.705829417058;0.705829436404;0.705829417058;0.000000019346;
0.705929407059;0.705929426329;0.705929407059;0.000000019270;
0.706029397060;0.706029416255;0.706029397060;0.000000019194;
0.706129387061;0.706129406180;0.706129387061;0.000000019119;
0.706229377062;0.706229396107;0.706229377062;0.000000019044;
0.706329367063;0.706329386033;0.706329367063;0.000000018970;
0.706429357064;0.706429375960;0.706429357064;0.000000018896;
0.706529347065;0.706529365888;0.706529347065;0.000000018822;
0.706629337066;0.706629355815;0.706629337066;0.000000018749;
0.706729327067;0.706729345744;0.706729327067;0.000000018676;
0.706829317068;0.706829335672;0.706829317068;0.000000018604;
0.706929307069;0.706929325601;0.706929307069;0.000000018532;
0.707029297070;0.707029315530;0.707029297070;0.000000018460;
0.707129287071;0.707129305460;0.707129287071;0.000000018389;
0.707229277072;0.707229295390;0.707229277072;0.000000018318;
0.707329267073;0.707329285320;0.707329267073;0.000000018247;
0.707429257074;0.707429275251;0.707429257074;0.000000018177;
0.707529247075;0.707529265182;0.707529247075;0.000000018107;
0.707629237076;0.707629255114;0.707629237076;0.000000018038;
0.707729227077;0.707729245046;0.707729227077;0.000000017968;
0.707829217078;0.707829234978;0.707829217078;0.000000017900;
0.707929207079;0.707929224911;0.707929207079;0.000000017831;
0.708029197080;0.708029214844;0.708029197080;0.000000017764;
0.708129187081;0.708129204777;0.708129187081;0.000000017696;
0.708229177082;0.708229194711;0.708229177082;0.000000017629;
0.708329167083;0.708329184645;0.708329167083;0.000000017562;
0.708429157084;0.708429174580;0.708429157084;0.000000017496;
0.708529147085;0.708529164515;0.708529147085;0.000000017430;
0.708629137086;0.708629154451;0.708629137086;0.000000017364;
0.708729127087;0.708729144386;0.708729127087;0.000000017299;
0.708829117088;0.708829134323;0.708829117088;0.000000017234;
0.708929107089;0.708929124259;0.708929107089;0.000000017170;
0.709029097090;0.709029114196;0.709029097090;0.000000017106;
0.709129087091;0.709129104134;0.709129087091;0.000000017042;
0.709229077092;0.709229094071;0.709229077092;0.000000016979;
0.709329067093;0.709329084009;0.709329067093;0.000000016916;
0.709429057094;0.709429073948;0.709429057094;0.000000016854;
0.709529047095;0.709529063887;0.709529047095;0.000000016792;
0.709629037096;0.709629053826;0.709629037096;0.000000016730;
0.709729027097;0.709729043766;0.709729027097;0.000000016669;
0.709829017098;0.709829033706;0.709829017098;0.000000016608;
0.709929007099;0.709929023647;0.709929007099;0.000000016548;
0.710028997100;0.710029013588;0.710028997100;0.000000016487;
0.710128987101;0.710129003529;0.710128987101;0.000000016428;
0.710228977102;0.710228993471;0.710228977102;0.000000016369;
0.710328967103;0.710328983413;0.710328967103;0.000000016310;
0.710428957104;0.710428973356;0.710428957104;0.000000016251;
0.710528947105;0.710528963298;0.710528947105;0.000000016193;
0.710628937106;0.710628953242;0.710628937106;0.000000016135;
0.710728927107;0.710728943186;0.710728927107;0.000000016078;
0.710828917108;0.710828933130;0.710828917108;0.000000016021;
0.710928907109;0.710928923074;0.710928907109;0.000000015965;
0.711028897110;0.711028913019;0.711028897110;0.000000015909;
0.711128887111;0.711128902964;0.711128887111;0.000000015853;
0.711228877112;0.711228892910;0.711228877112;0.000000015798;
0.711328867113;0.711328882856;0.711328867113;0.000000015743;
0.711428857114;0.711428872803;0.711428857114;0.000000015689;
0.711528847115;0.711528862750;0.711528847115;0.000000015634;
0.711628837116;0.711628852697;0.711628837116;0.000000015581;
0.711728827117;0.711728842645;0.711728827117;0.000000015528;
0.711828817118;0.711828832593;0.711828817118;0.000000015475;
0.711928807119;0.711928822542;0.711928807119;0.000000015422;
0.712028797120;0.712028812490;0.712028797120;0.000000015370;
0.712128787121;0.712128802440;0.712128787121;0.000000015319;
0.712228777122;0.712228792390;0.712228777122;0.000000015267;
0.712328767123;0.712328782340;0.712328767123;0.000000015216;
0.712428757124;0.712428772290;0.712428757124;0.000000015166;
0.712528747125;0.712528762241;0.712528747125;0.000000015116;
0.712628737126;0.712628752193;0.712628737126;0.000000015066;
0.712728727127;0.712728742144;0.712728727127;0.000000015017;
0.712828717128;0.712828732096;0.712828717128;0.000000014968;
0.712928707129;0.712928722049;0.712928707129;0.000000014920;
0.713028697130;0.713028712002;0.713028697130;0.000000014872;
0.713128687131;0.713128701955;0.713128687131;0.000000014824;
0.713228677132;0.713228691909;0.713228677132;0.000000014777;
0.713328667133;0.713328681863;0.713328667133;0.000000014730;
0.713428657134;0.713428671818;0.713428657134;0.000000014683;
0.713528647135;0.713528661773;0.713528647135;0.000000014637;
0.713628637136;0.713628651728;0.713628637136;0.000000014592;
0.713728627137;0.713728641684;0.713728627137;0.000000014546;
0.713828617138;0.713828631640;0.713828617138;0.000000014502;
0.713928607139;0.713928621596;0.713928607139;0.000000014457;
0.714028597140;0.714028611553;0.714028597140;0.000000014413;
0.714128587141;0.714128601511;0.714128587141;0.000000014369;
0.714228577142;0.714228591468;0.714228577142;0.000000014326;
0.714328567143;0.714328581427;0.714328567143;0.000000014283;
0.714428557144;0.714428571385;0.714428557144;0.000000014241;
0.714528547145;0.714528561344;0.714528547145;0.000000014199;
0.714628537146;0.714628551303;0.714628537146;0.000000014157;
0.714728527147;0.714728541263;0.714728527147;0.000000014116;
0.714828517148;0.714828531223;0.714828517148;0.000000014075;
0.714928507149;0.714928521184;0.714928507149;0.000000014034;
0.715028497150;0.715028511145;0.715028497150;0.000000013994;
0.715128487151;0.715128501106;0.715128487151;0.000000013955;
0.715228477152;0.715228491068;0.715228477152;0.000000013915;
0.715328467153;0.715328481030;0.715328467153;0.000000013876;
0.715428457154;0.715428470992;0.715428457154;0.000000013838;
0.715528447155;0.715528460955;0.715528447155;0.000000013800;
0.715628437156;0.715628450918;0.715628437156;0.000000013762;
0.715728427157;0.715728440882;0.715728427157;0.000000013725;
0.715828417158;0.715828430846;0.715828417158;0.000000013688;
0.715928407159;0.715928420810;0.715928407159;0.000000013651;
0.716028397160;0.716028410775;0.716028397160;0.000000013615;
0.716128387161;0.716128400740;0.716128387161;0.000000013579;
0.716228377162;0.716228390706;0.716228377162;0.000000013544;
0.716328367163;0.716328380672;0.716328367163;0.000000013509;
0.716428357164;0.716428370638;0.716428357164;0.000000013474;
0.716528347165;0.716528360605;0.716528347165;0.000000013440;
0.716628337166;0.716628350572;0.716628337166;0.000000013406;
0.716728327167;0.716728340540;0.716728327167;0.000000013372;
0.716828317168;0.716828330507;0.716828317168;0.000000013339;
0.716928307169;0.716928320476;0.716928307169;0.000000013306;
0.717028297170;0.717028310444;0.717028297170;0.000000013274;
0.717128287171;0.717128300413;0.717128287171;0.000000013242;
0.717228277172;0.717228290383;0.717228277172;0.000000013211;
0.717328267173;0.717328280353;0.717328267173;0.000000013179;
0.717428257174;0.717428270323;0.717428257174;0.000000013149;
0.717528247175;0.717528260293;0.717528247175;0.000000013118;
0.717628237176;0.717628250264;0.717628237176;0.000000013088;
0.717728227177;0.717728240236;0.717728227177;0.000000013058;
0.717828217178;0.717828230207;0.717828217178;0.000000013029;
0.717928207179;0.717928220179;0.717928207179;0.000000013000;
0.718028197180;0.718028210152;0.718028197180;0.000000012972;
0.718128187181;0.718128200125;0.718128187181;0.000000012943;
0.718228177182;0.718228190098;0.718228177182;0.000000012916;
0.718328167183;0.718328180071;0.718328167183;0.000000012888;
0.718428157184;0.718428170045;0.718428157184;0.000000012861;
0.718528147185;0.718528160020;0.718528147185;0.000000012834;
0.718628137186;0.718628149994;0.718628137186;0.000000012808;
0.718728127187;0.718728139969;0.718728127187;0.000000012782;
0.718828117188;0.718828129945;0.718828117188;0.000000012757;
0.718928107189;0.718928119921;0.718928107189;0.000000012731;
0.719028097190;0.719028109897;0.719028097190;0.000000012706;
0.719128087191;0.719128099873;0.719128087191;0.000000012682;
0.719228077192;0.719228089850;0.719228077192;0.000000012658;
0.719328067193;0.719328079827;0.719328067193;0.000000012634;
0.719428057194;0.719428069805;0.719428057194;0.000000012611;
0.719528047195;0.719528059783;0.719528047195;0.000000012588;
0.719628037196;0.719628049761;0.719628037196;0.000000012565;
0.719728027197;0.719728039740;0.719728027197;0.000000012543;
0.719828017198;0.719828029719;0.719828017198;0.000000012521;
0.719928007199;0.719928019698;0.719928007199;0.000000012499;
0.720027997200;0.720028009678;0.720027997200;0.000000012478;
0.720127987201;0.720127999658;0.720127987201;0.000000012457;
0.720227977202;0.720227989639;0.720227977202;0.000000012436;
0.720327967203;0.720327979620;0.720327967203;0.000000012416;
0.720427957204;0.720427969601;0.720427957204;0.000000012396;
0.720527947205;0.720527959582;0.720527947205;0.000000012377;
0.720627937206;0.720627949564;0.720627937206;0.000000012358;
0.720727927207;0.720727939546;0.720727927207;0.000000012339;
0.720827917208;0.720827929529;0.720827917208;0.000000012321;
0.720927907209;0.720927919512;0.720927907209;0.000000012303;
0.721027897210;0.721027909495;0.721027897210;0.000000012285;
0.721127887211;0.721127899479;0.721127887211;0.000000012267;
0.721227877212;0.721227889463;0.721227877212;0.000000012250;
0.721327867213;0.721327879447;0.721327867213;0.000000012234;
0.721427857214;0.721427869432;0.721427857214;0.000000012217;
0.721527847215;0.721527859417;0.721527847215;0.000000012201;
0.721627837216;0.721627849402;0.721627837216;0.000000012186;
0.721727827217;0.721727839388;0.721727827217;0.000000012170;
0.721827817218;0.721827829374;0.721827817218;0.000000012155;
0.721927807219;0.721927819360;0.721927807219;0.000000012141;
0.722027797220;0.722027809347;0.722027797220;0.000000012126;
0.722127787221;0.722127799334;0.722127787221;0.000000012113;
0.722227777222;0.722227789321;0.722227777222;0.000000012099;
0.722327767223;0.722327779309;0.722327767223;0.000000012086;
0.722427757224;0.722427769297;0.722427757224;0.000000012073;
0.722527747225;0.722527759285;0.722527747225;0.000000012060;
0.722627737226;0.722627749274;0.722627737226;0.000000012048;
0.722727727227;0.722727739263;0.722727727227;0.000000012036;
0.722827717228;0.722827729252;0.722827717228;0.000000012024;
0.722927707229;0.722927719242;0.722927707229;0.000000012013;
0.723027697230;0.723027709232;0.723027697230;0.000000012002;
0.723127687231;0.723127699222;0.723127687231;0.000000011991;
0.723227677232;0.723227689213;0.723227677232;0.000000011981;
0.723327667233;0.723327679204;0.723327667233;0.000000011971;
0.723427657234;0.723427669195;0.723427657234;0.000000011961;
0.723527647235;0.723527659187;0.723527647235;0.000000011951;
0.723627637236;0.723627649179;0.723627637236;0.000000011942;
0.723727627237;0.723727639171;0.723727627237;0.000000011934;
0.723827617238;0.723827629163;0.723827617238;0.000000011925;
0.723927607239;0.723927619156;0.723927607239;0.000000011917;
0.724027597240;0.724027609149;0.724027597240;0.000000011909;
0.724127587241;0.724127599143;0.724127587241;0.000000011902;
0.724227577242;0.724227589137;0.724227577242;0.000000011894;
0.724327567243;0.724327579131;0.724327567243;0.000000011888;
0.724427557244;0.724427569125;0.724427557244;0.000000011881;
0.724527547245;0.724527559120;0.724527547245;0.000000011875;
0.724627537246;0.724627549115;0.724627537246;0.000000011869;
0.724727527247;0.724727539110;0.724727527247;0.000000011863;
0.724827517248;0.724827529106;0.724827517248;0.000000011858;
0.724927507249;0.724927519102;0.724927507249;0.000000011853;
0.725027497250;0.725027509098;0.725027497250;0.000000011848;
0.725127487251;0.725127499095;0.725127487251;0.000000011844;
0.725227477252;0.725227489092;0.725227477252;0.000000011839;
0.725327467253;0.725327479089;0.725327467253;0.000000011836;
0.725427457254;0.725427469086;0.725427457254;0.000000011832;
0.725527447255;0.725527459084;0.725527447255;0.000000011829;
0.725627437256;0.725627449082;0.725627437256;0.000000011826;
0.725727427257;0.725727439080;0.725727427257;0.000000011823;
0.725827417258;0.725827429079;0.725827417258;0.000000011821;
0.725927407259;0.725927419078;0.725927407259;0.000000011819;
0.726027397260;0.726027409077;0.726027397260;0.000000011817;
0.726127387261;0.726127399077;0.726127387261;0.000000011815;
0.726227377262;0.726227389076;0.726227377262;0.000000011814;
0.726327367263;0.726327379076;0.726327367263;0.000000011813;
0.726427357264;0.726427369077;0.726427357264;0.000000011813;
0.726527347265;0.726527359077;0.726527347265;0.000000011812;
0.726627337266;0.726627349078;0.726627337266;0.000000011812;
0.726727327267;0.726727339080;0.726727327267;0.000000011812;
0.726827317268;0.726827329081;0.726827317268;0.000000011813;
0.726927307269;0.726927319083;0.726927307269;0.000000011813;
0.727027297270;0.727027309085;0.727027297270;0.000000011815;
0.727127287271;0.727127299087;0.727127287271;0.000000011816;
0.727227277272;0.727227289090;0.727227277272;0.000000011817;
0.727327267273;0.727327279093;0.727327267273;0.000000011819;
0.727427257274;0.727427269096;0.727427257274;0.000000011821;
0.727527247275;0.727527259099;0.727527247275;0.000000011824;
0.727627237276;0.727627249103;0.727627237276;0.000000011826;
0.727727227277;0.727727239107;0.727727227277;0.000000011829;
0.727827217278;0.727827229111;0.727827217278;0.000000011833;
0.727927207279;0.727927219115;0.727927207279;0.000000011836;
0.728027197280;0.728027209120;0.728027197280;0.000000011840;
0.728127187281;0.728127199125;0.728127187281;0.000000011844;
0.728227177282;0.728227189130;0.728227177282;0.000000011848;
0.728327167283;0.728327179136;0.728327167283;0.000000011853;
0.728427157284;0.728427169142;0.728427157284;0.000000011857;
0.728527147285;0.728527159148;0.728527147285;0.000000011862;
0.728627137286;0.728627149154;0.728627137286;0.000000011868;
0.728727127287;0.728727139161;0.728727127287;0.000000011873;
0.728827117288;0.728827129167;0.728827117288;0.000000011879;
0.728927107289;0.728927119174;0.728927107289;0.000000011885;
0.729027097290;0.729027109182;0.729027097290;0.000000011892;
0.729127087291;0.729127099189;0.729127087291;0.000000011898;
0.729227077292;0.729227089197;0.729227077292;0.000000011905;
0.729327067293;0.729327079205;0.729327067293;0.000000011912;
0.729427057294;0.729427069214;0.729427057294;0.000000011919;
0.729527047295;0.729527059222;0.729527047295;0.000000011927;
0.729627037296;0.729627049231;0.729627037296;0.000000011935;
0.729727027297;0.729727039240;0.729727027297;0.000000011943;
0.729827017298;0.729827029249;0.729827017298;0.000000011951;
0.729927007299;0.729927019259;0.729927007299;0.000000011960;
0.730026997300;0.730027009269;0.730026997300;0.000000011968;
0.730126987301;0.730126999279;0.730126987301;0.000000011977;
0.730226977302;0.730226989289;0.730226977302;0.000000011987;
0.730326967303;0.730326979299;0.730326967303;0.000000011996;
0.730426957304;0.730426969310;0.730426957304;0.000000012006;
0.730526947305;0.730526959321;0.730526947305;0.000000012016;
0.730626937306;0.730626949332;0.730626937306;0.000000012026;
0.730726927307;0.730726939344;0.730726927307;0.000000012037;
0.730826917308;0.730826929355;0.730826917308;0.000000012047;
0.730926907309;0.730926919367;0.730926907309;0.000000012058;
0.731026897310;0.731026909379;0.731026897310;0.000000012069;
0.731126887311;0.731126899392;0.731126887311;0.000000012081;
0.731226877312;0.731226889404;0.731226877312;0.000000012092;
0.731326867313;0.731326879417;0.731326867313;0.000000012104;
0.731426857314;0.731426869430;0.731426857314;0.000000012116;
0.731526847315;0.731526859443;0.731526847315;0.000000012128;
0.731626837316;0.731626849457;0.731626837316;0.000000012141;
0.731726827317;0.731726839471;0.731726827317;0.000000012153;
0.731826817318;0.731826829485;0.731826817318;0.000000012166;
0.731926807319;0.731926819499;0.731926807319;0.000000012179;
0.732026797320;0.732026809513;0.732026797320;0.000000012193;
0.732126787321;0.732126799528;0.732126787321;0.000000012206;
0.732226777322;0.732226789542;0.732226777322;0.000000012220;
0.732326767323;0.732326779557;0.732326767323;0.000000012234;
0.732426757324;0.732426769572;0.732426757324;0.000000012248;
0.732526747325;0.732526759588;0.732526747325;0.000000012263;
0.732626737326;0.732626749604;0.732626737326;0.000000012277;
0.732726727327;0.732726739619;0.732726727327;0.000000012292;
0.732826717328;0.732826729635;0.732826717328;0.000000012307;
0.732926707329;0.732926719652;0.732926707329;0.000000012322;
0.733026697330;0.733026709668;0.733026697330;0.000000012338;
0.733126687331;0.733126699685;0.733126687331;0.000000012353;
0.733226677332;0.733226689702;0.733226677332;0.000000012369;
0.733326667333;0.733326679719;0.733326667333;0.000000012385;
0.733426657334;0.733426669736;0.733426657334;0.000000012402;
0.733526647335;0.733526659753;0.733526647335;0.000000012418;
0.733626637336;0.733626649771;0.733626637336;0.000000012435;
0.733726627337;0.733726639789;0.733726627337;0.000000012451;
0.733826617338;0.733826629807;0.733826617338;0.000000012469;
0.733926607339;0.733926619825;0.733926607339;0.000000012486;
0.734026597340;0.734026609843;0.734026597340;0.000000012503;
0.734126587341;0.734126599862;0.734126587341;0.000000012521;
0.734226577342;0.734226589881;0.734226577342;0.000000012539;
0.734326567343;0.734326579900;0.734326567343;0.000000012557;
0.734426557344;0.734426569919;0.734426557344;0.000000012575;
0.734526547345;0.734526559938;0.734526547345;0.000000012593;
0.734626537346;0.734626549958;0.734626537346;0.000000012612;
0.734726527347;0.734726539978;0.734726527347;0.000000012630;
0.734826517348;0.734826529998;0.734826517348;0.000000012649;
0.734926507349;0.734926520018;0.734926507349;0.000000012668;
0.735026497350;0.735026510038;0.735026497350;0.000000012688;
0.735126487351;0.735126500059;0.735126487351;0.000000012707;
0.735226477352;0.735226490079;0.735226477352;0.000000012727;
0.735326467353;0.735326480100;0.735326467353;0.000000012747;
0.735426457354;0.735426470121;0.735426457354;0.000000012767;
0.735526447355;0.735526460142;0.735526447355;0.000000012787;
0.735626437356;0.735626450164;0.735626437356;0.000000012807;
0.735726427357;0.735726440185;0.735726427357;0.000000012828;
0.735826417358;0.735826430207;0.735826417358;0.000000012849;
0.735926407359;0.735926420229;0.735926407359;0.000000012869;
0.736026397360;0.736026410251;0.736026397360;0.000000012890;
0.736126387361;0.736126400273;0.736126387361;0.000000012912;
0.736226377362;0.736226390295;0.736226377362;0.000000012933;
0.736326367363;0.736326380318;0.736326367363;0.000000012955;
0.736426357364;0.736426370341;0.736426357364;0.000000012976;
0.736526347365;0.736526360364;0.736526347365;0.000000012998;
0.736626337366;0.736626350387;0.736626337366;0.000000013020;
0.736726327367;0.736726340410;0.736726327367;0.000000013043;
0.736826317368;0.736826330433;0.736826317368;0.000000013065;
0.736926307369;0.736926320457;0.736926307369;0.000000013087;
0.737026297370;0.737026310480;0.737026297370;0.000000013110;
0.737126287371;0.737126300504;0.737126287371;0.000000013133;
0.737226277372;0.737226290528;0.737226277372;0.000000013156;
0.737326267373;0.737326280552;0.737326267373;0.000000013179;
0.737426257374;0.737426270577;0.737426257374;0.000000013203;
0.737526247375;0.737526260601;0.737526247375;0.000000013226;
0.737626237376;0.737626250626;0.737626237376;0.000000013250;
0.737726227377;0.737726240651;0.737726227377;0.000000013273;
0.737826217378;0.737826230676;0.737826217378;0.000000013297;
0.737926207379;0.737926220701;0.737926207379;0.000000013322;
0.738026197380;0.738026210726;0.738026197380;0.000000013346;
0.738126187381;0.738126200751;0.738126187381;0.000000013370;
0.738226177382;0.738226190777;0.738226177382;0.000000013395;
0.738326167383;0.738326180803;0.738326167383;0.000000013419;
0.738426157384;0.738426170828;0.738426157384;0.000000013444;
0.738526147385;0.738526160854;0.738526147385;0.000000013469;
0.738626137386;0.738626150881;0.738626137386;0.000000013494;
0.738726127387;0.738726140907;0.738726127387;0.000000013520;
0.738826117388;0.738826130933;0.738826117388;0.000000013545;
0.738926107389;0.738926120960;0.738926107389;0.000000013571;
0.739026097390;0.739026110987;0.739026097390;0.000000013596;
0.739126087391;0.739126101013;0.739126087391;0.000000013622;
0.739226077392;0.739226091040;0.739226077392;0.000000013648;
0.739326067393;0.739326081067;0.739326067393;0.000000013674;
0.739426057394;0.739426071095;0.739426057394;0.000000013700;
0.739526047395;0.739526061122;0.739526047395;0.000000013727;
0.739626037396;0.739626051150;0.739626037396;0.000000013753;
0.739726027397;0.739726041177;0.739726027397;0.000000013780;
0.739826017398;0.739826031205;0.739826017398;0.000000013807;
0.739926007399;0.739926021233;0.739926007399;0.000000013834;
0.740025997400;0.740026011261;0.740025997400;0.000000013861;
0.740125987401;0.740126001289;0.740125987401;0.000000013888;
0.740225977402;0.740225991317;0.740225977402;0.000000013915;
0.740325967403;0.740325981346;0.740325967403;0.000000013943;
0.740425957404;0.740425971374;0.740425957404;0.000000013970;
0.740525947405;0.740525961403;0.740525947405;0.000000013998;
0.740625937406;0.740625951432;0.740625937406;0.000000014026;
0.740725927407;0.740725941461;0.740725927407;0.000000014054;
0.740825917408;0.740825931490;0.740825917408;0.000000014082;
0.740925907409;0.740925921519;0.740925907409;0.000000014110;
0.741025897410;0.741025911548;0.741025897410;0.000000014138;
0.741125887411;0.741125901578;0.741125887411;0.000000014167;
0.741225877412;0.741225891607;0.741225877412;0.000000014195;
0.741325867413;0.741325881637;0.741325867413;0.000000014224;
0.741425857414;0.741425871667;0.741425857414;0.000000014253;
0.741525847415;0.741525861697;0.741525847415;0.000000014281;
0.741625837416;0.741625851727;0.741625837416;0.000000014310;
0.741725827417;0.741725841757;0.741725827417;0.000000014340;
0.741825817418;0.741825831787;0.741825817418;0.000000014369;
0.741925807419;0.741925821817;0.741925807419;0.000000014398;
0.742025797420;0.742025811848;0.742025797420;0.000000014428;
0.742125787421;0.742125801878;0.742125787421;0.000000014457;
0.742225777422;0.742225791909;0.742225777422;0.000000014487;
0.742325767423;0.742325781940;0.742325767423;0.000000014517;
0.742425757424;0.742425771971;0.742425757424;0.000000014547;
0.742525747425;0.742525762002;0.742525747425;0.000000014577;
0.742625737426;0.742625752033;0.742625737426;0.000000014607;
0.742725727427;0.742725742064;0.742725727427;0.000000014637;
0.742825717428;0.742825732096;0.742825717428;0.000000014667;
0.742925707429;0.742925722127;0.742925707429;0.000000014698;
0.743025697430;0.743025712159;0.743025697430;0.000000014728;
0.743125687431;0.743125702190;0.743125687431;0.000000014759;
0.743225677432;0.743225692222;0.743225677432;0.000000014790;
0.743325667433;0.743325682254;0.743325667433;0.000000014821;
0.743425657434;0.743425672286;0.743425657434;0.000000014852;
0.743525647435;0.743525662318;0.743525647435;0.000000014883;
0.743625637436;0.743625652350;0.743625637436;0.000000014914;
0.743725627437;0.743725642382;0.743725627437;0.000000014945;
0.743825617438;0.743825632415;0.743825617438;0.000000014976;
0.743925607439;0.743925622447;0.743925607439;0.000000015008;
0.744025597440;0.744025612480;0.744025597440;0.000000015039;
0.744125587441;0.744125602512;0.744125587441;0.000000015071;
0.744225577442;0.744225592545;0.744225577442;0.000000015103;
0.744325567443;0.744325582578;0.744325567443;0.000000015134;
0.744425557444;0.744425572611;0.744425557444;0.000000015166;
0.744525547445;0.744525562644;0.744525547445;0.000000015198;
0.744625537446;0.744625552677;0.744625537446;0.000000015231;
0.744725527447;0.744725542710;0.744725527447;0.000000015263;
0.744825517448;0.744825532743;0.744825517448;0.000000015295;
0.744925507449;0.744925522777;0.744925507449;0.000000015327;
0.745025497450;0.745025512810;0.745025497450;0.000000015360;
0.745125487451;0.745125502844;0.745125487451;0.000000015392;
0.745225477452;0.745225492877;0.745225477452;0.000000015425;
0.745325467453;0.745325482911;0.745325467453;0.000000015458;
0.745425457454;0.745425472945;0.745425457454;0.000000015491;
0.745525447455;0.745525462979;0.745525447455;0.000000015523;
0.745625437456;0.745625453013;0.745625437456;0.000000015556;
0.745725427457;0.745725443047;0.745725427457;0.000000015589;
0.745825417458;0.745825433081;0.745825417458;0.000000015623;
0.745925407459;0.745925423115;0.745925407459;0.000000015656;
0.746025397460;0.746025413149;0.746025397460;0.000000015689;
0.746125387461;0.746125403184;0.746125387461;0.000000015722;
0.746225377462;0.746225393218;0.746225377462;0.000000015756;
0.746325367463;0.746325383253;0.746325367463;0.000000015789;
0.746425357464;0.746425373287;0.746425357464;0.000000015823;
0.746525347465;0.746525363322;0.746525347465;0.000000015857;
0.746625337466;0.746625353357;0.746625337466;0.000000015891;
0.746725327467;0.746725343392;0.746725327467;0.000000015924;
0.746825317468;0.746825333427;0.746825317468;0.000000015958;
0.746925307469;0.746925323462;0.746925307469;0.000000015992;
0.747025297470;0.747025313497;0.747025297470;0.000000016026;
0.747125287471;0.747125303532;0.747125287471;0.000000016061;
0.747225277472;0.747225293567;0.747225277472;0.000000016095;
0.747325267473;0.747325283602;0.747325267473;0.000000016129;
0.747425257474;0.747425273638;0.747425257474;0.000000016163;
0.747525247475;0.747525263673;0.747525247475;0.000000016198;
0.747625237476;0.747625253709;0.747625237476;0.000000016232;
0.747725227477;0.747725243744;0.747725227477;0.000000016267;
0.747825217478;0.747825233780;0.747825217478;0.000000016302;
0.747925207479;0.747925223816;0.747925207479;0.000000016336;
0.748025197480;0.748025213851;0.748025197480;0.000000016371;
0.748125187481;0.748125203887;0.748125187481;0.000000016406;
0.748225177482;0.748225193923;0.748225177482;0.000000016441;
0.748325167483;0.748325183959;0.748325167483;0.000000016476;
0.748425157484;0.748425173995;0.748425157484;0.000000016511;
0.748525147485;0.748525164031;0.748525147485;0.000000016546;
0.748625137486;0.748625154067;0.748625137486;0.000000016581;
0.748725127487;0.748725144104;0.748725127487;0.000000016616;
0.748825117488;0.748825134140;0.748825117488;0.000000016652;
0.748925107489;0.748925124176;0.748925107489;0.000000016687;
0.749025097490;0.749025114213;0.749025097490;0.000000016722;
0.749125087491;0.749125104249;0.749125087491;0.000000016758;
0.749225077492;0.749225094286;0.749225077492;0.000000016793;
0.749325067493;0.749325084322;0.749325067493;0.000000016829;
0.749425057494;0.749425074359;0.749425057494;0.000000016865;
0.749525047495;0.749525064396;0.749525047495;0.000000016900;
0.749625037496;0.749625054432;0.749625037496;0.000000016936;
0.749725027497;0.749725044469;0.749725027497;0.000000016972;
0.749825017498;0.749825034506;0.749825017498;0.000000017008;
0.749925007499;0.749925024543;0.749925007499;0.000000017044;
0.750024997500;0.750025014580;0.750024997500;0.000000017080;
0.750124987501;0.750125004617;0.750124987501;0.000000017116;
0.750224977502;0.750224994654;0.750224977502;0.000000017152;
0.750324967503;0.750324984691;0.750324967503;0.000000017188;
0.750424957504;0.750424974729;0.750424957504;0.000000017224;
0.750524947505;0.750524964766;0.750524947505;0.000000017261;
0.750624937506;0.750624954803;0.750624937506;0.000000017297;
0.750724927507;0.750724944840;0.750724927507;0.000000017333;
0.750824917508;0.750824934878;0.750824917508;0.000000017370;
0.750924907509;0.750924924915;0.750924907509;0.000000017406;
0.751024897510;0.751024914953;0.751024897510;0.000000017443;
0.751124887511;0.751124904990;0.751124887511;0.000000017479;
0.751224877512;0.751224895028;0.751224877512;0.000000017516;
0.751324867513;0.751324885066;0.751324867513;0.000000017552;
0.751424857514;0.751424875103;0.751424857514;0.000000017589;
0.751524847515;0.751524865141;0.751524847515;0.000000017626;
0.751624837516;0.751624855179;0.751624837516;0.000000017663;
0.751724827517;0.751724845217;0.751724827517;0.000000017700;
0.751824817518;0.751824835255;0.751824817518;0.000000017736;
0.751924807519;0.751924825293;0.751924807519;0.000000017773;
0.752024797520;0.752024815331;0.752024797520;0.000000017810;
0.752124787521;0.752124805369;0.752124787521;0.000000017847;
0.752224777522;0.752224795407;0.752224777522;0.000000017885;
0.752324767523;0.752324785445;0.752324767523;0.000000017922;
0.752424757524;0.752424775483;0.752424757524;0.000000017959;
0.752524747525;0.752524765521;0.752524747525;0.000000017996;
0.752624737526;0.752624755559;0.752624737526;0.000000018033;
0.752724727527;0.752724745598;0.752724727527;0.000000018070;
0.752824717528;0.752824735636;0.752824717528;0.000000018108;
0.752924707529;0.752924725674;0.752924707529;0.000000018145;
0.753024697530;0.753024715713;0.753024697530;0.000000018183;
0.753124687531;0.753124705751;0.753124687531;0.000000018220;
0.753224677532;0.753224695790;0.753224677532;0.000000018257;
0.753324667533;0.753324685828;0.753324667533;0.000000018295;
0.753424657534;0.753424675867;0.753424657534;0.000000018333;
0.753524647535;0.753524665905;0.753524647535;0.000000018370;
0.753624637536;0.753624655944;0.753624637536;0.000000018408;
0.753724627537;0.753724645983;0.753724627537;0.000000018445;
0.753824617538;0.753824636021;0.753824617538;0.000000018483;
0.753924607539;0.753924626060;0.753924607539;0.000000018521;
0.754024597540;0.754024616099;0.754024597540;0.000000018559;
0.754124587541;0.754124606138;0.754124587541;0.000000018596;
0.754224577542;0.754224596176;0.754224577542;0.000000018634;
0.754324567543;0.754324586215;0.754324567543;0.000000018672;
0.754424557544;0.754424576254;0.754424557544;0.000000018710;
0.754524547545;0.754524566293;0.754524547545;0.000000018748;
0.754624537546;0.754624556332;0.754624537546;0.000000018786;
0.754724527547;0.754724546371;0.754724527547;0.000000018824;
0.754824517548;0.754824536410;0.754824517548;0.000000018862;
0.754924507549;0.754924526449;0.754924507549;0.000000018900;
0.755024497550;0.755024516488;0.755024497550;0.000000018938;
0.755124487551;0.755124506527;0.755124487551;0.000000018976;
0.755224477552;0.755224496567;0.755224477552;0.000000019014;
0.755324467553;0.755324486606;0.755324467553;0.000000019053;
0.755424457554;0.755424476645;0.755424457554;0.000000019091;
0.755524447555;0.755524466684;0.755524447555;0.000000019129;
0.755624437556;0.755624456723;0.755624437556;0.000000019167;
0.755724427557;0.755724446763;0.755724427557;0.000000019205;
0.755824417558;0.755824436802;0.755824417558;0.000000019244;
0.755924407559;0.755924426841;0.755924407559;0.000000019282;
0.756024397560;0.756024416881;0.756024397560;0.000000019321;
0.756124387561;0.756124406920;0.756124387561;0.000000019359;
0.756224377562;0.756224396960;0.756224377562;0.000000019397;
0.756324367563;0.756324386999;0.756324367563;0.000000019436;
0.756424357564;0.756424377038;0.756424357564;0.000000019474;
0.756524347565;0.756524367078;0.756524347565;0.000000019513;
0.756624337566;0.756624357117;0.756624337566;0.000000019551;
0.756724327567;0.756724347157;0.756724327567;0.000000019590;
0.756824317568;0.756824337197;0.756824317568;0.000000019628;
0.756924307569;0.756924327236;0.756924307569;0.000000019667;
0.757024297570;0.757024317276;0.757024297570;0.000000019706;
0.757124287571;0.757124307315;0.757124287571;0.000000019744;
0.757224277572;0.757224297355;0.757224277572;0.000000019783;
0.757324267573;0.757324287395;0.757324267573;0.000000019821;
0.757424257574;0.757424277434;0.757424257574;0.000000019860;
0.757524247575;0.757524267474;0.757524247575;0.000000019899;
0.757624237576;0.757624257514;0.757624237576;0.000000019938;
0.757724227577;0.757724247554;0.757724227577;0.000000019976;
0.757824217578;0.757824237593;0.757824217578;0.000000020015;
0.757924207579;0.757924227633;0.757924207579;0.000000020054;
0.758024197580;0.758024217673;0.758024197580;0.000000020093;
0.758124187581;0.758124207713;0.758124187581;0.000000020132;
0.758224177582;0.758224197753;0.758224177582;0.000000020170;
0.758324167583;0.758324187792;0.758324167583;0.000000020209;
0.758424157584;0.758424177832;0.758424157584;0.000000020248;
0.758524147585;0.758524167872;0.758524147585;0.000000020287;
0.758624137586;0.758624157912;0.758624137586;0.000000020326;
0.758724127587;0.758724147952;0.758724127587;0.000000020365;
0.758824117588;0.758824137992;0.758824117588;0.000000020404;
0.758924107589;0.758924128032;0.758924107589;0.000000020443;
0.759024097590;0.759024118072;0.759024097590;0.000000020482;
0.759124087591;0.759124108112;0.759124087591;0.000000020521;
0.759224077592;0.759224098152;0.759224077592;0.000000020560;
0.759324067593;0.759324088192;0.759324067593;0.000000020599;
0.759424057594;0.759424078232;0.759424057594;0.000000020638;
0.759524047595;0.759524068272;0.759524047595;0.000000020677;
0.759624037596;0.759624058312;0.759624037596;0.000000020716;
0.759724027597;0.759724048352;0.759724027597;0.000000020755;
0.759824017598;0.759824038392;0.759824017598;0.000000020794;
0.759924007599;0.759924028432;0.759924007599;0.000000020833;
0.760023997600;0.760024018472;0.760023997600;0.000000020872;
0.760123987601;0.760124008513;0.760123987601;0.000000020911;
0.760223977602;0.760223998553;0.760223977602;0.000000020951;
0.760323967603;0.760323988593;0.760323967603;0.000000020990;
0.760423957604;0.760423978633;0.760423957604;0.000000021029;
0.760523947605;0.760523968673;0.760523947605;0.000000021068;
0.760623937606;0.760623958713;0.760623937606;0.000000021107;
0.760723927607;0.760723948754;0.760723927607;0.000000021146;
0.760823917608;0.760823938794;0.760823917608;0.000000021186;
0.760923907609;0.760923928834;0.760923907609;0.000000021225;
0.761023897610;0.761023918874;0.761023897610;0.000000021264;
0.761123887611;0.761123908914;0.761123887611;0.000000021303;
0.761223877612;0.761223898955;0.761223877612;0.000000021342;
0.761323867613;0.761323888995;0.761323867613;0.000000021382;
0.761423857614;0.761423879035;0.761423857614;0.000000021421;
0.761523847615;0.761523869075;0.761523847615;0.000000021460;
0.761623837616;0.761623859116;0.761623837616;0.000000021499;
0.761723827617;0.761723849156;0.761723827617;0.000000021539;
0.761823817618;0.761823839196;0.761823817618;0.000000021578;
0.761923807619;0.761923829236;0.761923807619;0.000000021617;
0.762023797620;0.762023819277;0.762023797620;0.000000021657;
0.762123787621;0.762123809317;0.762123787621;0.000000021696;
0.762223777622;0.762223799357;0.762223777622;0.000000021735;
0.762323767623;0.762323789398;0.762323767623;0.000000021774;
0.762423757624;0.762423779438;0.762423757624;0.000000021814;
0.762523747625;0.762523769478;0.762523747625;0.000000021853;
0.762623737626;0.762623759519;0.762623737626;0.000000021892;
0.762723727627;0.762723749559;0.762723727627;0.000000021932;
0.762823717628;0.762823739599;0.762823717628;0.000000021971;
0.762923707629;0.762923729640;0.762923707629;0.000000022010;
0.763023697630;0.763023719680;0.763023697630;0.000000022050;
0.763123687631;0.763123709720;0.763123687631;0.000000022089;
0.763223677632;0.763223699761;0.763223677632;0.000000022128;
0.763323667633;0.763323689801;0.763323667633;0.000000022168;
0.763423657634;0.763423679841;0.763423657634;0.000000022207;
0.763523647635;0.763523669882;0.763523647635;0.000000022246;
0.763623637636;0.763623659922;0.763623637636;0.000000022286;
0.763723627637;0.763723649962;0.763723627637;0.000000022325;
0.763823617638;0.763823640003;0.763823617638;0.000000022365;
0.763923607639;0.763923630043;0.763923607639;0.000000022404;
0.764023597640;0.764023620084;0.764023597640;0.000000022443;
0.764123587641;0.764123610124;0.764123587641;0.000000022483;
0.764223577642;0.764223600164;0.764223577642;0.000000022522;
0.764323567643;0.764323590205;0.764323567643;0.000000022561;
0.764423557644;0.764423580245;0.764423557644;0.000000022601;
0.764523547645;0.764523570285;0.764523547645;0.000000022640;
0.764623537646;0.764623560326;0.764623537646;0.000000022680;
0.764723527647;0.764723550366;0.764723527647;0.000000022719;
0.764823517648;0.764823540407;0.764823517648;0.000000022758;
0.764923507649;0.764923530447;0.764923507649;0.000000022798;
0.765023497650;0.765023520487;0.765023497650;0.000000022837;
0.765123487651;0.765123510528;0.765123487651;0.000000022876;
0.765223477652;0.765223500568;0.765223477652;0.000000022916;
0.765323467653;0.765323490608;0.765323467653;0.000000022955;
0.765423457654;0.765423480649;0.765423457654;0.000000022995;
0.765523447655;0.765523470689;0.765523447655;0.000000023034;
0.765623437656;0.765623460729;0.765623437656;0.000000023073;
0.765723427657;0.765723450770;0.765723427657;0.000000023113;
0.765823417658;0.765823440810;0.765823417658;0.000000023152;
0.765923407659;0.765923430851;0.765923407659;0.000000023191;
0.766023397660;0.766023420891;0.766023397660;0.000000023231;
0.766123387661;0.766123410931;0.766123387661;0.000000023270;
0.766223377662;0.766223400972;0.766223377662;0.000000023309;
0.766323367663;0.766323391012;0.766323367663;0.000000023349;
0.766423357664;0.766423381052;0.766423357664;0.000000023388;
0.766523347665;0.766523371093;0.766523347665;0.000000023427;
0.766623337666;0.766623361133;0.766623337666;0.000000023467;
0.766723327667;0.766723351173;0.766723327667;0.000000023506;
0.766823317668;0.766823341214;0.766823317668;0.000000023545;
0.766923307669;0.766923331254;0.766923307669;0.000000023585;
0.767023297670;0.767023321294;0.767023297670;0.000000023624;
0.767123287671;0.767123311335;0.767123287671;0.000000023663;
0.767223277672;0.767223301375;0.767223277672;0.000000023703;
0.767323267673;0.767323291415;0.767323267673;0.000000023742;
0.767423257674;0.767423281456;0.767423257674;0.000000023781;
0.767523247675;0.767523271496;0.767523247675;0.000000023821;
0.767623237676;0.767623261536;0.767623237676;0.000000023860;
0.767723227677;0.767723251576;0.767723227677;0.000000023899;
0.767823217678;0.767823241617;0.767823217678;0.000000023939;
0.767923207679;0.767923231657;0.767923207679;0.000000023978;
0.768023197680;0.768023221697;0.768023197680;0.000000024017;
0.768123187681;0.768123211738;0.768123187681;0.000000024056;
0.768223177682;0.768223201778;0.768223177682;0.000000024096;
0.768323167683;0.768323191818;0.768323167683;0.000000024135;
0.768423157684;0.768423181858;0.768423157684;0.000000024174;
0.768523147685;0.768523171899;0.768523147685;0.000000024213;
0.768623137686;0.768623161939;0.768623137686;0.000000024253;
0.768723127687;0.768723151979;0.768723127687;0.000000024292;
0.768823117688;0.768823142019;0.768823117688;0.000000024331;
0.768923107689;0.768923132059;0.768923107689;0.000000024370;
0.769023097690;0.769023122100;0.769023097690;0.000000024409;
0.769123087691;0.769123112140;0.769123087691;0.000000024449;
0.769223077692;0.769223102180;0.769223077692;0.000000024488;
0.769323067693;0.769323092220;0.769323067693;0.000000024527;
0.769423057694;0.769423082260;0.769423057694;0.000000024566;
0.769523047695;0.769523072301;0.769523047695;0.000000024605;
0.769623037696;0.769623062341;0.769623037696;0.000000024644;
0.769723027697;0.769723052381;0.769723027697;0.000000024684;
0.769823017698;0.769823042421;0.769823017698;0.000000024723;
0.769923007699;0.769923032461;0.769923007699;0.000000024762;
0.770022997700;0.770023022501;0.770022997700;0.000000024801;
0.770122987701;0.770123012541;0.770122987701;0.000000024840;
0.770222977702;0.770223002581;0.770222977702;0.000000024879;
0.770322967703;0.770322992622;0.770322967703;0.000000024918;
0.770422957704;0.770422982662;0.770422957704;0.000000024957;
0.770522947705;0.770522972702;0.770522947705;0.000000024997;
0.770622937706;0.770622962742;0.770622937706;0.000000025036;
0.770722927707;0.770722952782;0.770722927707;0.000000025075;
0.770822917708;0.770822942822;0.770822917708;0.000000025114;
0.770922907709;0.770922932862;0.770922907709;0.000000025153;
0.771022897710;0.771022922902;0.771022897710;0.000000025192;
0.771122887711;0.771122912942;0.771122887711;0.000000025231;
0.771222877712;0.771222902982;0.771222877712;0.000000025270;
0.771322867713;0.771322893022;0.771322867713;0.000000025309;
0.771422857714;0.771422883062;0.771422857714;0.000000025348;
0.771522847715;0.771522873102;0.771522847715;0.000000025387;
0.771622837716;0.771622863142;0.771622837716;0.000000025426;
0.771722827717;0.771722853182;0.771722827717;0.000000025465;
0.771822817718;0.771822843222;0.771822817718;0.000000025504;
0.771922807719;0.771922833262;0.771922807719;0.000000025543;
0.772022797720;0.772022823302;0.772022797720;0.000000025582;
0.772122787721;0.772122813342;0.772122787721;0.000000025620;
0.772222777722;0.772222803382;0.772222777722;0.000000025659;
0.772322767723;0.772322793421;0.772322767723;0.000000025698;
0.772422757724;0.772422783461;0.772422757724;0.000000025737;
0.772522747725;0.772522773501;0.772522747725;0.000000025776;
0.772622737726;0.772622763541;0.772622737726;0.000000025815;
0.772722727727;0.772722753581;0.772722727727;0.000000025854;
0.772822717728;0.772822743621;0.772822717728;0.000000025893;
0.772922707729;0.772922733661;0.772922707729;0.000000025931;
0.773022697730;0.773022723700;0.773022697730;0.000000025970;
0.773122687731;0.773122713740;0.773122687731;0.000000026009;
0.773222677732;0.773222703780;0.773222677732;0.000000026048;
0.773322667733;0.773322693820;0.773322667733;0.000000026087;
0.773422657734;0.773422683860;0.773422657734;0.000000026125;
0.773522647735;0.773522673899;0.773522647735;0.000000026164;
0.773622637736;0.773622663939;0.773622637736;0.000000026203;
0.773722627737;0.773722653979;0.773722627737;0.000000026242;
0.773822617738;0.773822644018;0.773822617738;0.000000026280;
0.773922607739;0.773922634058;0.773922607739;0.000000026319;
0.774022597740;0.774022624098;0.774022597740;0.000000026358;
0.774122587741;0.774122614138;0.774122587741;0.000000026396;
0.774222577742;0.774222604177;0.774222577742;0.000000026435;
0.774322567743;0.774322594217;0.774322567743;0.000000026474;
0.774422557744;0.774422584256;0.774422557744;0.000000026512;
0.774522547745;0.774522574296;0.774522547745;0.000000026551;
0.774622537746;0.774622564336;0.774622537746;0.000000026589;
0.774722527747;0.774722554375;0.774722527747;0.000000026628;
0.774822517748;0.774822544415;0.774822517748;0.000000026667;
0.774922507749;0.774922534454;0.774922507749;0.000000026705;
0.775022497750;0.775022524494;0.775022497750;0.000000026744;
0.775122487751;0.775122514534;0.775122487751;0.000000026782;
0.775222477752;0.775222504573;0.775222477752;0.000000026821;
0.775322467753;0.775322494613;0.775322467753;0.000000026859;
0.775422457754;0.775422484652;0.775422457754;0.000000026898;
0.775522447755;0.775522474692;0.775522447755;0.000000026936;
0.775622437756;0.775622464731;0.775622437756;0.000000026975;
0.775722427757;0.775722454771;0.775722427757;0.000000027013;
0.775822417758;0.775822444810;0.775822417758;0.000000027052;
0.775922407759;0.775922434849;0.775922407759;0.000000027090;
0.776022397760;0.776022424889;0.776022397760;0.000000027129;
0.776122387761;0.776122414928;0.776122387761;0.000000027167;
0.776222377762;0.776222404968;0.776222377762;0.000000027205;
0.776322367763;0.776322395007;0.776322367763;0.000000027244;
0.776422357764;0.776422385046;0.776422357764;0.000000027282;
0.776522347765;0.776522375086;0.776522347765;0.000000027320;
0.776622337766;0.776622365125;0.776622337766;0.000000027359;
0.776722327767;0.776722355164;0.776722327767;0.000000027397;
0.776822317768;0.776822345204;0.776822317768;0.000000027435;
0.776922307769;0.776922335243;0.776922307769;0.000000027474;
0.777022297770;0.777022325282;0.777022297770;0.000000027512;
0.777122287771;0.777122315321;0.777122287771;0.000000027550;
0.777222277772;0.777222305361;0.777222277772;0.000000027588;
0.777322267773;0.777322295400;0.777322267773;0.000000027627;
0.777422257774;0.777422285439;0.777422257774;0.000000027665;
0.777522247775;0.777522275478;0.777522247775;0.000000027703;
0.777622237776;0.777622265518;0.777622237776;0.000000027741;
0.777722227777;0.777722255557;0.777722227777;0.000000027779;
0.777822217778;0.777822245596;0.777822217778;0.000000027818;
0.777922207779;0.777922235635;0.777922207779;0.000000027856;
0.778022197780;0.778022225674;0.778022197780;0.000000027894;
0.778122187781;0.778122215713;0.778122187781;0.000000027932;
0.778222177782;0.778222205752;0.778222177782;0.000000027970;
0.778322167783;0.778322195791;0.778322167783;0.000000028008;
0.778422157784;0.778422185830;0.778422157784;0.000000028046;
0.778522147785;0.778522175870;0.778522147785;0.000000028084;
0.778622137786;0.778622165909;0.778622137786;0.000000028122;
0.778722127787;0.778722155948;0.778722127787;0.000000028160;
0.778822117788;0.778822145987;0.778822117788;0.000000028198;
0.778922107789;0.778922136026;0.778922107789;0.000000028236;
0.779022097790;0.779022126065;0.779022097790;0.000000028274;
0.779122087791;0.779122116103;0.779122087791;0.000000028312;
0.779222077792;0.779222106142;0.779222077792;0.000000028350;
0.779322067793;0.779322096181;0.779322067793;0.000000028388;
0.779422057794;0.779422086220;0.779422057794;0.000000028426;
0.779522047795;0.779522076259;0.779522047795;0.000000028464;
0.779622037796;0.779622066298;0.779622037796;0.000000028502;
0.779722027797;0.779722056337;0.779722027797;0.000000028540;
0.779822017798;0.779822046376;0.779822017798;0.000000028577;
0.779922007799;0.779922036415;0.779922007799;0.000000028615;
0.780021997800;0.780022026453;0.780021997800;0.000000028653;
0.780121987801;0.780122016492;0.780121987801;0.000000028691;
0.780221977802;0.780222006531;0.780221977802;0.000000028729;
0.780321967803;0.780321996570;0.780321967803;0.000000028766;
0.780421957804;0.780421986608;0.780421957804;0.000000028804;
0.780521947805;0.780521976647;0.780521947805;0.000000028842;
0.780621937806;0.780621966686;0.780621937806;0.000000028880;
0.780721927807;0.780721956725;0.780721927807;0.000000028917;
0.780821917808;0.780821946763;0.780821917808;0.000000028955;
0.780921907809;0.780921936802;0.780921907809;0.000000028993;
0.781021897810;0.781021926841;0.781021897810;0.000000029030;
0.781121887811;0.781121916879;0.781121887811;0.000000029068;
0.781221877812;0.781221906918;0.781221877812;0.000000029106;
0.781321867813;0.781321896956;0.781321867813;0.000000029143;
0.781421857814;0.781421886995;0.781421857814;0.000000029181;
0.781521847815;0.781521877034;0.781521847815;0.000000029218;
0.781621837816;0.781621867072;0.781621837816;0.000000029256;
0.781721827817;0.781721857111;0.781721827817;0.000000029293;
0.781821817818;0.781821847149;0.781821817818;0.000000029331;
0.781921807819;0.781921837188;0.781921807819;0.000000029369;
0.782021797820;0.782021827226;0.782021797820;0.000000029406;
0.782121787821;0.782121817265;0.782121787821;0.000000029443;
0.782221777822;0.782221807303;0.782221777822;0.000000029481;
0.782321767823;0.782321797342;0.782321767823;0.000000029518;
0.782421757824;0.782421787380;0.782421757824;0.000000029556;
0.782521747825;0.782521777418;0.782521747825;0.000000029593;
0.782621737826;0.782621767457;0.782621737826;0.000000029631;
0.782721727827;0.782721757495;0.782721727827;0.000000029668;
0.782821717828;0.782821747534;0.782821717828;0.000000029705;
0.782921707829;0.782921737572;0.782921707829;0.000000029743;
0.783021697830;0.783021727610;0.783021697830;0.000000029780;
0.783121687831;0.783121717649;0.783121687831;0.000000029817;
0.783221677832;0.783221707687;0.783221677832;0.000000029855;
0.783321667833;0.783321697725;0.783321667833;0.000000029892;
0.783421657834;0.783421687763;0.783421657834;0.000000029929;
0.783521647835;0.783521677802;0.783521647835;0.000000029966;
0.783621637836;0.783621667840;0.783621637836;0.000000030004;
0.783721627837;0.783721657878;0.783721627837;0.000000030041;
0.783821617838;0.783821647916;0.783821617838;0.000000030078;
0.783921607839;0.783921637954;0.783921607839;0.000000030115;
0.784021597840;0.784021627993;0.784021597840;0.000000030152;
0.784121587841;0.784121618031;0.784121587841;0.000000030190;
0.784221577842;0.784221608069;0.784221577842;0.000000030227;
0.784321567843;0.784321598107;0.784321567843;0.000000030264;
0.784421557844;0.784421588145;0.784421557844;0.000000030301;
0.784521547845;0.784521578183;0.784521547845;0.000000030338;
0.784621537846;0.784621568221;0.784621537846;0.000000030375;
0.784721527847;0.784721558259;0.784721527847;0.000000030412;
0.784821517848;0.784821548297;0.784821517848;0.000000030449;
0.784921507849;0.784921538335;0.784921507849;0.000000030486;
0.785021497850;0.785021528373;0.785021497850;0.000000030523;
0.785121487851;0.785121518411;0.785121487851;0.000000030560;
0.785221477852;0.785221508449;0.785221477852;0.000000030597;
0.785321467853;0.785321498487;0.785321467853;0.000000030634;
0.785421457854;0.785421488525;0.785421457854;0.000000030671;
0.785521447855;0.785521478563;0.785521447855;0.000000030708;
0.785621437856;0.785621468601;0.785621437856;0.000000030745;
0.785721427857;0.785721458639;0.785721427857;0.000000030782;
0.785821417858;0.785821448677;0.785821417858;0.000000030818;
0.785921407859;0.785921438715;0.785921407859;0.000000030855;
0.786021397860;0.786021428752;0.786021397860;0.000000030892;
0.786121387861;0.786121418790;0.786121387861;0.000000030929;
0.786221377862;0.786221408828;0.786221377862;0.000000030966;
0.786321367863;0.786321398866;0.786321367863;0.000000031003;
0.786421357864;0.786421388904;0.786421357864;0.000000031039;
0.786521347865;0.786521378941;0.786521347865;0.000000031076;
0.786621337866;0.786621368979;0.786621337866;0.000000031113;
0.786721327867;0.786721359017;0.786721327867;0.000000031150;
0.786821317868;0.786821349054;0.786821317868;0.000000031186;
0.786921307869;0.786921339092;0.786921307869;0.000000031223;
0.787021297870;0.787021329130;0.787021297870;0.000000031260;
0.787121287871;0.787121319168;0.787121287871;0.000000031296;
0.787221277872;0.787221309205;0.787221277872;0.000000031333;
0.787321267873;0.787321299243;0.787321267873;0.000000031370;
0.787421257874;0.787421289280;0.787421257874;0.000000031406;
0.787521247875;0.787521279318;0.787521247875;0.000000031443;
0.787621237876;0.787621269356;0.787621237876;0.000000031479;
0.787721227877;0.787721259393;0.787721227877;0.000000031516;
0.787821217878;0.787821249431;0.787821217878;0.000000031552;
0.787921207879;0.787921239468;0.787921207879;0.000000031589;
0.788021197880;0.788021229506;0.788021197880;0.000000031625;
0.788121187881;0.788121219543;0.788121187881;0.000000031662;
0.788221177882;0.788221209581;0.788221177882;0.000000031698;
0.788321167883;0.788321199618;0.788321167883;0.000000031735;
0.788421157884;0.788421189656;0.788421157884;0.000000031771;
0.788521147885;0.788521179693;0.788521147885;0.000000031808;
0.788621137886;0.788621169730;0.788621137886;0.000000031844;
0.788721127887;0.788721159768;0.788721127887;0.000000031881;
0.788821117888;0.788821149805;0.788821117888;0.000000031917;
0.788921107889;0.788921139843;0.788921107889;0.000000031953;
0.789021097890;0.789021129880;0.789021097890;0.000000031990;
0.789121087891;0.789121119917;0.789121087891;0.000000032026;
0.789221077892;0.789221109955;0.789221077892;0.000000032062;
0.789321067893;0.789321099992;0.789321067893;0.000000032099;
0.789421057894;0.789421090029;0.789421057894;0.000000032135;
0.789521047895;0.789521080066;0.789521047895;0.000000032171;
0.789621037896;0.789621070104;0.789621037896;0.000000032207;
0.789721027897;0.789721060141;0.789721027897;0.000000032244;
0.789821017898;0.789821050178;0.789821017898;0.000000032280;
0.789921007899;0.789921040215;0.789921007899;0.000000032316;
0.790020997900;0.790021030253;0.790020997900;0.000000032352;
0.790120987901;0.790121020290;0.790120987901;0.000000032389;
0.790220977902;0.790221010327;0.790220977902;0.000000032425;
0.790320967903;0.790321000364;0.790320967903;0.000000032461;
0.790420957904;0.790420990401;0.790420957904;0.000000032497;
0.790520947905;0.790520980438;0.790520947905;0.000000032533;
0.790620937906;0.790620970475;0.790620937906;0.000000032569;
0.790720927907;0.790720960513;0.790720927907;0.000000032605;
0.790820917908;0.790820950550;0.790820917908;0.000000032641;
0.790920907909;0.790920940587;0.790920907909;0.000000032677;
0.791020897910;0.791020930624;0.791020897910;0.000000032713;
0.791120887911;0.791120920661;0.791120887911;0.000000032749;
0.791220877912;0.791220910698;0.791220877912;0.000000032786;
0.791320867913;0.791320900735;0.791320867913;0.000000032822;
0.791420857914;0.791420890772;0.791420857914;0.000000032857;
0.791520847915;0.791520880809;0.791520847915;0.000000032893;
0.791620837916;0.791620870846;0.791620837916;0.000000032929;
0.791720827917;0.791720860883;0.791720827917;0.000000032965;
0.791820817918;0.791820850919;0.791820817918;0.000000033001;
0.791920807919;0.791920840956;0.791920807919;0.000000033037;
0.792020797920;0.792020830993;0.792020797920;0.000000033073;
0.792120787921;0.792120821030;0.792120787921;0.000000033109;
0.792220777922;0.792220811067;0.792220777922;0.000000033145;
0.792320767923;0.792320801104;0.792320767923;0.000000033181;
0.792420757924;0.792420791141;0.792420757924;0.000000033216;
0.792520747925;0.792520781177;0.792520747925;0.000000033252;
0.792620737926;0.792620771214;0.792620737926;0.000000033288;
0.792720727927;0.792720761251;0.792720727927;0.000000033324;
0.792820717928;0.792820751288;0.792820717928;0.000000033360;
0.792920707929;0.792920741325;0.792920707929;0.000000033395;
0.793020697930;0.793020731361;0.793020697930;0.000000033431;
0.793120687931;0.793120721398;0.793120687931;0.000000033467;
0.793220677932;0.793220711435;0.793220677932;0.000000033503;
0.793320667933;0.793320701471;0.793320667933;0.000000033538;
0.793420657934;0.793420691508;0.793420657934;0.000000033574;
0.793520647935;0.793520681545;0.793520647935;0.000000033610;
0.793620637936;0.793620671581;0.793620637936;0.000000033645;
0.793720627937;0.793720661618;0.793720627937;0.000000033681;
0.793820617938;0.793820651655;0.793820617938;0.000000033717;
0.793920607939;0.793920641691;0.793920607939;0.000000033752;
0.794020597940;0.794020631728;0.794020597940;0.000000033788;
0.794120587941;0.794120621765;0.794120587941;0.000000033823;
0.794220577942;0.794220611801;0.794220577942;0.000000033859;
0.794320567943;0.794320601838;0.794320567943;0.000000033894;
0.794420557944;0.794420591874;0.794420557944;0.000000033930;
0.794520547945;0.794520581911;0.794520547945;0.000000033966;
0.794620537946;0.794620571947;0.794620537946;0.000000034001;
0.794720527947;0.794720561984;0.794720527947;0.000000034037;
0.794820517948;0.794820552020;0.794820517948;0.000000034072;
0.794920507949;0.794920542057;0.794920507949;0.000000034108;
0.795020497950;0.795020532093;0.795020497950;0.000000034143;
0.795120487951;0.795120522130;0.795120487951;0.000000034178;
0.795220477952;0.795220512166;0.795220477952;0.000000034214;
0.795320467953;0.795320502203;0.795320467953;0.000000034249;
0.795420457954;0.795420492239;0.795420457954;0.000000034285;
0.795520447955;0.795520482275;0.795520447955;0.000000034320;
0.795620437956;0.795620472312;0.795620437956;0.000000034356;
0.795720427957;0.795720462348;0.795720427957;0.000000034391;
0.795820417958;0.795820452384;0.795820417958;0.000000034426;
0.795920407959;0.795920442421;0.795920407959;0.000000034462;
0.796020397960;0.796020432457;0.796020397960;0.000000034497;
0.796120387961;0.796120422493;0.796120387961;0.000000034532;
0.796220377962;0.796220412530;0.796220377962;0.000000034568;
0.796320367963;0.796320402566;0.796320367963;0.000000034603;
0.796420357964;0.796420392602;0.796420357964;0.000000034638;
0.796520347965;0.796520382639;0.796520347965;0.000000034673;
0.796620337966;0.796620372675;0.796620337966;0.000000034709;
0.796720327967;0.796720362711;0.796720327967;0.000000034744;
0.796820317968;0.796820352747;0.796820317968;0.000000034779;
0.796920307969;0.796920342783;0.796920307969;0.000000034814;
0.797020297970;0.797020332820;0.797020297970;0.000000034849;
0.797120287971;0.797120322856;0.797120287971;0.000000034885;
0.797220277972;0.797220312892;0.797220277972;0.000000034920;
0.797320267973;0.797320302928;0.797320267973;0.000000034955;
0.797420257974;0.797420292964;0.797420257974;0.000000034990;
0.797520247975;0.797520283000;0.797520247975;0.000000035025;
0.797620237976;0.797620273037;0.797620237976;0.000000035060;
0.797720227977;0.797720263073;0.797720227977;0.000000035096;
0.797820217978;0.797820253109;0.797820217978;0.000000035131;
0.797920207979;0.797920243145;0.797920207979;0.000000035166;
0.798020197980;0.798020233181;0.798020197980;0.000000035201;
0.798120187981;0.798120223217;0.798120187981;0.000000035236;
0.798220177982;0.798220213253;0.798220177982;0.000000035271;
0.798320167983;0.798320203289;0.798320167983;0.000000035306;
0.798420157984;0.798420193325;0.798420157984;0.000000035341;
0.798520147985;0.798520183361;0.798520147985;0.000000035376;
0.798620137986;0.798620173397;0.798620137986;0.000000035411;
0.798720127987;0.798720163433;0.798720127987;0.000000035446;
0.798820117988;0.798820153469;0.798820117988;0.000000035481;
0.798920107989;0.798920143505;0.798920107989;0.000000035516;
0.799020097990;0.799020133541;0.799020097990;0.000000035551;
0.799120087991;0.799120123577;0.799120087991;0.000000035586;
0.799220077992;0.799220113613;0.799220077992;0.000000035621;
0.799320067993;0.799320103649;0.799320067993;0.000000035656;
0.799420057994;0.799420093685;0.799420057994;0.000000035691;
0.799520047995;0.799520083721;0.799520047995;0.000000035725;
0.799620037996;0.799620073757;0.799620037996;0.000000035760;
0.799720027997;0.799720063792;0.799720027997;0.000000035795;
0.799820017998;0.799820053828;0.799820017998;0.000000035830;
0.799920007999;0.799920043864;0.799920007999;0.000000035865;
0.800019998000;0.800020033900;0.800019998000;0.000000035900;
0.800119988001;0.800120023936;0.800119988001;0.000000035935;
0.800219978002;0.800220013972;0.800219978002;0.000000035969;
0.800319968003;0.800320004007;0.800319968003;0.000000036004;
0.800419958004;0.800419994043;0.800419958004;0.000000036039;
0.800519948005;0.800519984079;0.800519948005;0.000000036074;
0.800619938006;0.800619974115;0.800619938006;0.000000036109;
0.800719928007;0.800719964151;0.800719928007;0.000000036143;
0.800819918008;0.800819954186;0.800819918008;0.000000036178;
0.800919908009;0.800919944222;0.800919908009;0.000000036213;
0.801019898010;0.801019934258;0.801019898010;0.000000036248;
0.801119888011;0.801119924294;0.801119888011;0.000000036282;
0.801219878012;0.801219914329;0.801219878012;0.000000036317;
0.801319868013;0.801319904365;0.801319868013;0.000000036352;
0.801419858014;0.801419894401;0.801419858014;0.000000036386;
0.801519848015;0.801519884436;0.801519848015;0.000000036421;
0.801619838016;0.801619874472;0.801619838016;0.000000036456;
0.801719828017;0.801719864508;0.801719828017;0.000000036490;
0.801819818018;0.801819854543;0.801819818018;0.000000036525;
0.801919808019;0.801919844579;0.801919808019;0.000000036560;
0.802019798020;0.802019834615;0.802019798020;0.000000036594;
0.802119788021;0.802119824650;0.802119788021;0.000000036629;
0.802219778022;0.802219814686;0.802219778022;0.000000036664;
0.802319768023;0.802319804721;0.802319768023;0.000000036698;
0.802419758024;0.802419794757;0.802419758024;0.000000036733;
0.802519748025;0.802519784793;0.802519748025;0.000000036767;
0.802619738026;0.802619774828;0.802619738026;0.000000036802;
0.802719728027;0.802719764864;0.802719728027;0.000000036836;
0.802819718028;0.802819754899;0.802819718028;0.000000036871;
0.802919708029;0.802919744935;0.802919708029;0.000000036906;
0.803019698030;0.803019734970;0.803019698030;0.000000036940;
0.803119688031;0.803119725006;0.803119688031;0.000000036975;
0.803219678032;0.803219715041;0.803219678032;0.000000037009;
0.803319668033;0.803319705077;0.803319668033;0.000000037044;
0.803419658034;0.803419695112;0.803419658034;0.000000037078;
0.803519648035;0.803519685148;0.803519648035;0.000000037113;
0.803619638036;0.803619675183;0.803619638036;0.000000037147;
0.803719628037;0.803719665219;0.803719628037;0.000000037182;
0.803819618038;0.803819655254;0.803819618038;0.000000037216;
0.803919608039;0.803919645290;0.803919608039;0.000000037250;
0.804019598040;0.804019635325;0.804019598040;0.000000037285;
0.804119588041;0.804119625361;0.804119588041;0.000000037319;
0.804219578042;0.804219615396;0.804219578042;0.000000037354;
0.804319568043;0.804319605431;0.804319568043;0.000000037388;
0.804419558044;0.804419595467;0.804419558044;0.000000037423;
0.804519548045;0.804519585502;0.804519548045;0.000000037457;
0.804619538046;0.804619575538;0.804619538046;0.000000037491;
0.804719528047;0.804719565573;0.804719528047;0.000000037526;
0.804819518048;0.804819555608;0.804819518048;0.000000037560;
0.804919508049;0.804919545644;0.804919508049;0.000000037595;
0.805019498050;0.805019535679;0.805019498050;0.000000037629;
0.805119488051;0.805119525714;0.805119488051;0.000000037663;
0.805219478052;0.805219515750;0.805219478052;0.000000037698;
0.805319468053;0.805319505785;0.805319468053;0.000000037732;
0.805419458054;0.805419495820;0.805419458054;0.000000037766;
0.805519448055;0.805519485856;0.805519448055;0.000000037801;
0.805619438056;0.805619475891;0.805619438056;0.000000037835;
0.805719428057;0.805719465926;0.805719428057;0.000000037869;
0.805819418058;0.805819455962;0.805819418058;0.000000037903;
0.805919408059;0.805919445997;0.805919408059;0.000000037938;
0.806019398060;0.806019436032;0.806019398060;0.000000037972;
0.806119388061;0.806119426067;0.806119388061;0.000000038006;
0.806219378062;0.806219416103;0.806219378062;0.000000038041;
0.806319368063;0.806319406138;0.806319368063;0.000000038075;
0.806419358064;0.806419396173;0.806419358064;0.000000038109;
0.806519348065;0.806519386209;0.806519348065;0.000000038143;
0.806619338066;0.806619376244;0.806619338066;0.000000038178;
0.806719328067;0.806719366279;0.806719328067;0.000000038212;
0.806819318068;0.806819356314;0.806819318068;0.000000038246;
0.806919308069;0.806919346349;0.806919308069;0.000000038280;
0.807019298070;0.807019336385;0.807019298070;0.000000038314;
0.807119288071;0.807119326420;0.807119288071;0.000000038349;
0.807219278072;0.807219316455;0.807219278072;0.000000038383;
0.807319268073;0.807319306490;0.807319268073;0.000000038417;
0.807419258074;0.807419296525;0.807419258074;0.000000038451;
0.807519248075;0.807519286561;0.807519248075;0.000000038485;
0.807619238076;0.807619276596;0.807619238076;0.000000038520;
0.807719228077;0.807719266631;0.807719228077;0.000000038554;
0.807819218078;0.807819256666;0.807819218078;0.000000038588;
0.807919208079;0.807919246701;0.807919208079;0.000000038622;
0.808019198080;0.808019236736;0.808019198080;0.000000038656;
0.808119188081;0.808119226771;0.808119188081;0.000000038690;
0.808219178082;0.808219216807;0.808219178082;0.000000038724;
0.808319168083;0.808319206842;0.808319168083;0.000000038759;
0.808419158084;0.808419196877;0.808419158084;0.000000038793;
0.808519148085;0.808519186912;0.808519148085;0.000000038827;
0.808619138086;0.808619176947;0.808619138086;0.000000038861;
0.808719128087;0.808719166982;0.808719128087;0.000000038895;
0.808819118088;0.808819157017;0.808819118088;0.000000038929;
0.808919108089;0.808919147052;0.808919108089;0.000000038963;
0.809019098090;0.809019137087;0.809019098090;0.000000038997;
0.809119088091;0.809119127123;0.809119088091;0.000000039031;
0.809219078092;0.809219117158;0.809219078092;0.000000039065;
0.809319068093;0.809319107193;0.809319068093;0.000000039099;
0.809419058094;0.809419097228;0.809419058094;0.000000039134;
0.809519048095;0.809519087263;0.809519048095;0.000000039168;
0.809619038096;0.809619077298;0.809619038096;0.000000039202;
0.809719028097;0.809719067333;0.809719028097;0.000000039236;
0.809819018098;0.809819057368;0.809819018098;0.000000039270;
0.809919008099;0.809919047403;0.809919008099;0.000000039304;
0.810018998100;0.810019037438;0.810018998100;0.000000039338;
0.810118988101;0.810119027473;0.810118988101;0.000000039372;
0.810218978102;0.810219017508;0.810218978102;0.000000039406;
0.810318968103;0.810319007543;0.810318968103;0.000000039440;
0.810418958104;0.810418997578;0.810418958104;0.000000039474;
0.810518948105;0.810518987613;0.810518948105;0.000000039508;
0.810618938106;0.810618977648;0.810618938106;0.000000039542;
0.810718928107;0.810718967683;0.810718928107;0.000000039576;
0.810818918108;0.810818957718;0.810818918108;0.000000039610;
0.810918908109;0.810918947753;0.810918908109;0.000000039644;
0.811018898110;0.811018937788;0.811018898110;0.000000039678;
0.811118888111;0.811118927823;0.811118888111;0.000000039712;
0.811218878112;0.811218917858;0.811218878112;0.000000039746;
0.811318868113;0.811318907893;0.811318868113;0.000000039780;
0.811418858114;0.811418897928;0.811418858114;0.000000039814;
0.811518848115;0.811518887963;0.811518848115;0.000000039848;
0.811618838116;0.811618877998;0.811618838116;0.000000039882;
0.811718828117;0.811718868033;0.811718828117;0.000000039916;
0.811818818118;0.811818858068;0.811818818118;0.000000039950;
0.811918808119;0.811918848103;0.811918808119;0.000000039984;
0.812018798120;0.812018838138;0.812018798120;0.000000040018;
0.812118788121;0.812118828173;0.812118788121;0.000000040052;
0.812218778122;0.812218818208;0.812218778122;0.000000040085;
0.812318768123;0.812318808243;0.812318768123;0.000000040119;
0.812418758124;0.812418798278;0.812418758124;0.000000040153;
0.812518748125;0.812518788312;0.812518748125;0.000000040187;
0.812618738126;0.812618778347;0.812618738126;0.000000040221;
0.812718728127;0.812718768382;0.812718728127;0.000000040255;
0.812818718128;0.812818758417;0.812818718128;0.000000040289;
0.812918708129;0.812918748452;0.812918708129;0.000000040323;
0.813018698130;0.813018738487;0.813018698130;0.000000040357;
0.813118688131;0.813118728522;0.813118688131;0.000000040391;
0.813218678132;0.813218718557;0.813218678132;0.000000040425;
0.813318668133;0.813318708592;0.813318668133;0.000000040459;
0.813418658134;0.813418698627;0.813418658134;0.000000040493;
0.813518648135;0.813518688662;0.813518648135;0.000000040526;
0.813618638136;0.813618678697;0.813618638136;0.000000040560;
0.813718628137;0.813718668731;0.813718628137;0.000000040594;
0.813818618138;0.813818658766;0.813818618138;0.000000040628;
0.813918608139;0.813918648801;0.813918608139;0.000000040662;
0.814018598140;0.814018638836;0.814018598140;0.000000040696;
0.814118588141;0.814118628871;0.814118588141;0.000000040730;
0.814218578142;0.814218618906;0.814218578142;0.000000040764;
0.814318568143;0.814318608941;0.814318568143;0.000000040798;
0.814418558144;0.814418598976;0.814418558144;0.000000040832;
0.814518548145;0.814518589011;0.814518548145;0.000000040865;
0.814618538146;0.814618579045;0.814618538146;0.000000040899;
0.814718528147;0.814718569080;0.814718528147;0.000000040933;
0.814818518148;0.814818559115;0.814818518148;0.000000040967;
0.814918508149;0.814918549150;0.814918508149;0.000000041001;
0.815018498150;0.815018539185;0.815018498150;0.000000041035;
0.815118488151;0.815118529220;0.815118488151;0.000000041069;
0.815218478152;0.815218519255;0.815218478152;0.000000041103;
0.815318468153;0.815318509290;0.815318468153;0.000000041136;
0.815418458154;0.815418499325;0.815418458154;0.000000041170;
0.815518448155;0.815518489359;0.815518448155;0.000000041204;
0.815618438156;0.815618479394;0.815618438156;0.000000041238;
0.815718428157;0.815718469429;0.815718428157;0.000000041272;
0.815818418158;0.815818459464;0.815818418158;0.000000041306;
0.815918408159;0.815918449499;0.815918408159;0.000000041340;
0.816018398160;0.816018439534;0.816018398160;0.000000041374;
0.816118388161;0.816118429569;0.816118388161;0.000000041407;
0.816218378162;0.816218419603;0.816218378162;0.000000041441;
0.816318368163;0.816318409638;0.816318368163;0.000000041475;
0.816418358164;0.816418399673;0.816418358164;0.000000041509;
0.816518348165;0.816518389708;0.816518348165;0.000000041543;
0.816618338166;0.816618379743;0.816618338166;0.000000041577;
0.816718328167;0.816718369778;0.816718328167;0.000000041611;
0.816818318168;0.816818359813;0.816818318168;0.000000041645;
0.816918308169;0.816918349848;0.816918308169;0.000000041678;
0.817018298170;0.817018339882;0.817018298170;0.000000041712;
0.817118288171;0.817118329917;0.817118288171;0.000000041746;
0.817218278172;0.817218319952;0.817218278172;0.000000041780;
0.817318268173;0.817318309987;0.817318268173;0.000000041814;
0.817418258174;0.817418300022;0.817418258174;0.000000041848;
0.817518248175;0.817518290057;0.817518248175;0.000000041882;
0.817618238176;0.817618280092;0.817618238176;0.000000041915;
0.817718228177;0.817718270126;0.817718228177;0.000000041949;
0.817818218178;0.817818260161;0.817818218178;0.000000041983;
0.817918208179;0.817918250196;0.817918208179;0.000000042017;
0.818018198180;0.818018240231;0.818018198180;0.000000042051;
0.818118188181;0.818118230266;0.818118188181;0.000000042085;
0.818218178182;0.818218220301;0.818218178182;0.000000042119;
0.818318168183;0.818318210336;0.818318168183;0.000000042153;
0.818418158184;0.818418200371;0.818418158184;0.000000042186;
0.818518148185;0.818518190405;0.818518148185;0.000000042220;
0.818618138186;0.818618180440;0.818618138186;0.000000042254;
0.818718128187;0.818718170475;0.818718128187;0.000000042288;
0.818818118188;0.818818160510;0.818818118188;0.000000042322;
0.818918108189;0.818918150545;0.818918108189;0.000000042356;
0.819018098190;0.819018140580;0.819018098190;0.000000042390;
0.819118088191;0.819118130615;0.819118088191;0.000000042424;
0.819218078192;0.819218120650;0.819218078192;0.000000042457;
0.819318068193;0.819318110685;0.819318068193;0.000000042491;
0.819418058194;0.819418100719;0.819418058194;0.000000042525;
0.819518048195;0.819518090754;0.819518048195;0.000000042559;
0.819618038196;0.819618080789;0.819618038196;0.000000042593;
0.819718028197;0.819718070824;0.819718028197;0.000000042627;
0.819818018198;0.819818060859;0.819818018198;0.000000042661;
0.819918008199;0.819918050894;0.819918008199;0.000000042695;
0.820017998200;0.820018040929;0.820017998200;0.000000042729;
0.820117988201;0.820118030964;0.820117988201;0.000000042762;
0.820217978202;0.820218020999;0.820217978202;0.000000042796;
0.820317968203;0.820318011033;0.820317968203;0.000000042830;
0.820417958204;0.820418001068;0.820417958204;0.000000042864;
0.820517948205;0.820517991103;0.820517948205;0.000000042898;
0.820617938206;0.820617981138;0.820617938206;0.000000042932;
0.820717928207;0.820717971173;0.820717928207;0.000000042966;
0.820817918208;0.820817961208;0.820817918208;0.000000043000;
0.820917908209;0.820917951243;0.820917908209;0.000000043034;
0.821017898210;0.821017941278;0.821017898210;0.000000043068;
0.821117888211;0.821117931313;0.821117888211;0.000000043102;
0.821217878212;0.821217921348;0.821217878212;0.000000043136;
0.821317868213;0.821317911383;0.821317868213;0.000000043170;
0.821417858214;0.821417901418;0.821417858214;0.000000043203;
0.821517848215;0.821517891453;0.821517848215;0.000000043237;
0.821617838216;0.821617881488;0.821617838216;0.000000043271;
0.821717828217;0.821717871522;0.821717828217;0.000000043305;
0.821817818218;0.821817861557;0.821817818218;0.000000043339;
0.821917808219;0.821917851592;0.821917808219;0.000000043373;
0.822017798220;0.822017841627;0.822017798220;0.000000043407;
0.822117788221;0.822117831662;0.822117788221;0.000000043441;
0.822217778222;0.822217821697;0.822217778222;0.000000043475;
0.822317768223;0.822317811732;0.822317768223;0.000000043509;
0.822417758224;0.822417801767;0.822417758224;0.000000043543;
0.822517748225;0.822517791802;0.822517748225;0.000000043577;
0.822617738226;0.822617781837;0.822617738226;0.000000043611;
0.822717728227;0.822717771872;0.822717728227;0.000000043645;
0.822817718228;0.822817761907;0.822817718228;0.000000043679;
0.822917708229;0.822917751942;0.822917708229;0.000000043713;
0.823017698230;0.823017741977;0.823017698230;0.000000043747;
0.823117688231;0.823117732012;0.823117688231;0.000000043781;
0.823217678232;0.823217722047;0.823217678232;0.000000043815;
0.823317668233;0.823317712082;0.823317668233;0.000000043849;
0.823417658234;0.823417702117;0.823417658234;0.000000043883;
0.823517648235;0.823517692152;0.823517648235;0.000000043917;
0.823617638236;0.823617682187;0.823617638236;0.000000043951;
0.823717628237;0.823717672222;0.823717628237;0.000000043985;
0.823817618238;0.823817662257;0.823817618238;0.000000044019;
0.823917608239;0.823917652292;0.823917608239;0.000000044053;
0.824017598240;0.824017642327;0.824017598240;0.000000044087;
0.824117588241;0.824117632362;0.824117588241;0.000000044121;
0.824217578242;0.824217622397;0.824217578242;0.000000044155;
0.824317568243;0.824317612432;0.824317568243;0.000000044189;
0.824417558244;0.824417602468;0.824417558244;0.000000044223;
0.824517548245;0.824517592503;0.824517548245;0.000000044257;
0.824617538246;0.824617582538;0.824617538246;0.000000044292;
0.824717528247;0.824717572573;0.824717528247;0.000000044326;
0.824817518248;0.824817562608;0.824817518248;0.000000044360;
0.824917508249;0.824917552643;0.824917508249;0.000000044394;
0.825017498250;0.825017542678;0.825017498250;0.000000044428;
0.825117488251;0.825117532713;0.825117488251;0.000000044462;
0.825217478252;0.825217522748;0.825217478252;0.000000044496;
0.825317468253;0.825317512783;0.825317468253;0.000000044530;
0.825417458254;0.825417502818;0.825417458254;0.000000044564;
0.825517448255;0.825517492854;0.825517448255;0.000000044598;
0.825617438256;0.825617482889;0.825617438256;0.000000044633;
0.825717428257;0.825717472924;0.825717428257;0.000000044667;
0.825817418258;0.825817462959;0.825817418258;0.000000044701;
0.825917408259;0.825917452994;0.825917408259;0.000000044735;
0.826017398260;0.826017443029;0.826017398260;0.000000044769;
0.826117388261;0.826117433064;0.826117388261;0.000000044803;
0.826217378262;0.826217423100;0.826217378262;0.000000044837;
0.826317368263;0.826317413135;0.826317368263;0.000000044872;
0.826417358264;0.826417403170;0.826417358264;0.000000044906;
0.826517348265;0.826517393205;0.826517348265;0.000000044940;
0.826617338266;0.826617383240;0.826617338266;0.000000044974;
0.826717328267;0.826717373276;0.826717328267;0.000000045008;
0.826817318268;0.826817363311;0.826817318268;0.000000045043;
0.826917308269;0.826917353346;0.826917308269;0.000000045077;
0.827017298270;0.827017343381;0.827017298270;0.000000045111;
0.827117288271;0.827117333416;0.827117288271;0.000000045145;
0.827217278272;0.827217323452;0.827217278272;0.000000045179;
0.827317268273;0.827317313487;0.827317268273;0.000000045214;
0.827417258274;0.827417303522;0.827417258274;0.000000045248;
0.827517248275;0.827517293557;0.827517248275;0.000000045282;
0.827617238276;0.827617283593;0.827617238276;0.000000045317;
0.827717228277;0.827717273628;0.827717228277;0.000000045351;
0.827817218278;0.827817263663;0.827817218278;0.000000045385;
0.827917208279;0.827917253699;0.827917208279;0.000000045419;
0.828017198280;0.828017243734;0.828017198280;0.000000045454;
0.828117188281;0.828117233769;0.828117188281;0.000000045488;
0.828217178282;0.828217223804;0.828217178282;0.000000045522;
0.828317168283;0.828317213840;0.828317168283;0.000000045557;
0.828417158284;0.828417203875;0.828417158284;0.000000045591;
0.828517148285;0.828517193910;0.828517148285;0.000000045625;
0.828617138286;0.828617183946;0.828617138286;0.000000045660;
0.828717128287;0.828717173981;0.828717128287;0.000000045694;
0.828817118288;0.828817164016;0.828817118288;0.000000045728;
0.828917108289;0.828917154052;0.828917108289;0.000000045763;
0.829017098290;0.829017144087;0.829017098290;0.000000045797;
0.829117088291;0.829117134123;0.829117088291;0.000000045831;
0.829217078292;0.829217124158;0.829217078292;0.000000045866;
0.829317068293;0.829317114193;0.829317068293;0.000000045900;
0.829417058294;0.829417104229;0.829417058294;0.000000045935;
0.829517048295;0.829517094264;0.829517048295;0.000000045969;
0.829617038296;0.829617084300;0.829617038296;0.000000046003;
0.829717028297;0.829717074335;0.829717028297;0.000000046038;
0.829817018298;0.829817064370;0.829817018298;0.000000046072;
0.829917008299;0.829917054406;0.829917008299;0.000000046107;
0.830016998300;0.830017044441;0.830016998300;0.000000046141;
0.830116988301;0.830117034477;0.830116988301;0.000000046176;
0.830216978302;0.830217024512;0.830216978302;0.000000046210;
0.830316968303;0.830317014548;0.830316968303;0.000000046245;
0.830416958304;0.830417004583;0.830416958304;0.000000046279;
0.830516948305;0.830516994619;0.830516948305;0.000000046314;
0.830616938306;0.830616984654;0.830616938306;0.000000046348;
0.830716928307;0.830716974690;0.830716928307;0.000000046383;
0.830816918308;0.830816964725;0.830816918308;0.000000046417;
0.830916908309;0.830916954761;0.830916908309;0.000000046452;
0.831016898310;0.831016944796;0.831016898310;0.000000046486;
0.831116888311;0.831116934832;0.831116888311;0.000000046521;
0.831216878312;0.831216924868;0.831216878312;0.000000046555;
0.831316868313;0.831316914903;0.831316868313;0.000000046590;
0.831416858314;0.831416904939;0.831416858314;0.000000046625;
0.831516848315;0.831516894974;0.831516848315;0.000000046659;
0.831616838316;0.831616885010;0.831616838316;0.000000046694;
0.831716828317;0.831716875046;0.831716828317;0.000000046728;
0.831816818318;0.831816865081;0.831816818318;0.000000046763;
0.831916808319;0.831916855117;0.831916808319;0.000000046798;
0.832016798320;0.832016845152;0.832016798320;0.000000046832;
0.832116788321;0.832116835188;0.832116788321;0.000000046867;
0.832216778322;0.832216825224;0.832216778322;0.000000046902;
0.832316768323;0.832316815260;0.832316768323;0.000000046936;
0.832416758324;0.832416805295;0.832416758324;0.000000046971;
0.832516748325;0.832516795331;0.832516748325;0.000000047006;
0.832616738326;0.832616785367;0.832616738326;0.000000047040;
0.832716728327;0.832716775402;0.832716728327;0.000000047075;
0.832816718328;0.832816765438;0.832816718328;0.000000047110;
0.832916708329;0.832916755474;0.832916708329;0.000000047145;
0.833016698330;0.833016745510;0.833016698330;0.000000047179;
0.833116688331;0.833116735545;0.833116688331;0.000000047214;
0.833216678332;0.833216725581;0.833216678332;0.000000047249;
0.833316668333;0.833316715617;0.833316668333;0.000000047284;
0.833416658334;0.833416705653;0.833416658334;0.000000047318;
0.833516648335;0.833516695688;0.833516648335;0.000000047353;
0.833616638336;0.833616685724;0.833616638336;0.000000047388;
0.833716628337;0.833716675760;0.833716628337;0.000000047423;
0.833816618338;0.833816665796;0.833816618338;0.000000047458;
0.833916608339;0.833916655832;0.833916608339;0.000000047493;
0.834016598340;0.834016645868;0.834016598340;0.000000047527;
0.834116588341;0.834116635904;0.834116588341;0.000000047562;
0.834216578342;0.834216625939;0.834216578342;0.000000047597;
0.834316568343;0.834316615975;0.834316568343;0.000000047632;
0.834416558344;0.834416606011;0.834416558344;0.000000047667;
0.834516548345;0.834516596047;0.834516548345;0.000000047702;
0.834616538346;0.834616586083;0.834616538346;0.000000047737;
0.834716528347;0.834716576119;0.834716528347;0.000000047772;
0.834816518348;0.834816566155;0.834816518348;0.000000047807;
0.834916508349;0.834916556191;0.834916508349;0.000000047842;
0.835016498350;0.835016546227;0.835016498350;0.000000047877;
0.835116488351;0.835116536263;0.835116488351;0.000000047912;
0.835216478352;0.835216526299;0.835216478352;0.000000047947;
0.835316468353;0.835316516335;0.835316468353;0.000000047982;
0.835416458354;0.835416506371;0.835416458354;0.000000048017;
0.835516448355;0.835516496407;0.835516448355;0.000000048052;
0.835616438356;0.835616486443;0.835616438356;0.000000048087;
0.835716428357;0.835716476479;0.835716428357;0.000000048122;
0.835816418358;0.835816466515;0.835816418358;0.000000048157;
0.835916408359;0.835916456551;0.835916408359;0.000000048192;
0.836016398360;0.836016446587;0.836016398360;0.000000048227;
0.836116388361;0.836116436623;0.836116388361;0.000000048262;
0.836216378362;0.836216426660;0.836216378362;0.000000048297;
0.836316368363;0.836316416696;0.836316368363;0.000000048332;
0.836416358364;0.836416406732;0.836416358364;0.000000048368;
0.836516348365;0.836516396768;0.836516348365;0.000000048403;
0.836616338366;0.836616386804;0.836616338366;0.000000048438;
0.836716328367;0.836716376840;0.836716328367;0.000000048473;
0.836816318368;0.836816366876;0.836816318368;0.000000048508;
0.836916308369;0.836916356913;0.836916308369;0.000000048544;
0.837016298370;0.837016346949;0.837016298370;0.000000048579;
0.837116288371;0.837116336985;0.837116288371;0.000000048614;
0.837216278372;0.837216327021;0.837216278372;0.000000048649;
0.837316268373;0.837316317058;0.837316268373;0.000000048684;
0.837416258374;0.837416307094;0.837416258374;0.000000048720;
0.837516248375;0.837516297130;0.837516248375;0.000000048755;
0.837616238376;0.837616287167;0.837616238376;0.000000048790;
0.837716228377;0.837716277203;0.837716228377;0.000000048826;
0.837816218378;0.837816267239;0.837816218378;0.000000048861;
0.837916208379;0.837916257275;0.837916208379;0.000000048896;
0.838016198380;0.838016247312;0.838016198380;0.000000048932;
0.838116188381;0.838116237348;0.838116188381;0.000000048967;
0.838216178382;0.838216227385;0.838216178382;0.000000049002;
0.838316168383;0.838316217421;0.838316168383;0.000000049038;
0.838416158384;0.838416207457;0.838416158384;0.000000049073;
0.838516148385;0.838516197494;0.838516148385;0.000000049109;
0.838616138386;0.838616187530;0.838616138386;0.000000049144;
0.838716128387;0.838716177567;0.838716128387;0.000000049180;
0.838816118388;0.838816167603;0.838816118388;0.000000049215;
0.838916108389;0.838916157640;0.838916108389;0.000000049250;
0.839016098390;0.839016147676;0.839016098390;0.000000049286;
0.839116088391;0.839116137713;0.839116088391;0.000000049321;
0.839216078392;0.839216127749;0.839216078392;0.000000049357;
0.839316068393;0.839316117786;0.839316068393;0.000000049392;
0.839416058394;0.839416107822;0.839416058394;0.000000049428;
0.839516048395;0.839516097859;0.839516048395;0.000000049464;
0.839616038396;0.839616087895;0.839616038396;0.000000049499;
0.839716028397;0.839716077932;0.839716028397;0.000000049535;
0.839816018398;0.839816067969;0.839816018398;0.000000049570;
0.839916008399;0.839916058005;0.839916008399;0.000000049606;
0.840015998400;0.840016048042;0.840015998400;0.000000049642;
0.840115988401;0.840116038078;0.840115988401;0.000000049677;
0.840215978402;0.840216028115;0.840215978402;0.000000049713;
0.840315968403;0.840316018152;0.840315968403;0.000000049749;
0.840415958404;0.840416008188;0.840415958404;0.000000049784;
0.840515948405;0.840515998225;0.840515948405;0.000000049820;
0.840615938406;0.840615988262;0.840615938406;0.000000049856;
0.840715928407;0.840715978299;0.840715928407;0.000000049891;
0.840815918408;0.840815968335;0.840815918408;0.000000049927;
0.840915908409;0.840915958372;0.840915908409;0.000000049963;
0.841015898410;0.841015948409;0.841015898410;0.000000049999;
0.841115888411;0.841115938446;0.841115888411;0.000000050034;
0.841215878412;0.841215928482;0.841215878412;0.000000050070;
0.841315868413;0.841315918519;0.841315868413;0.000000050106;
0.841415858414;0.841415908556;0.841415858414;0.000000050142;
0.841515848415;0.841515898593;0.841515848415;0.000000050178;
0.841615838416;0.841615888630;0.841615838416;0.000000050214;
0.841715828417;0.841715878667;0.841715828417;0.000000050249;
0.841815818418;0.841815868703;0.841815818418;0.000000050285;
0.841915808419;0.841915858740;0.841915808419;0.000000050321;
0.842015798420;0.842015848777;0.842015798420;0.000000050357;
0.842115788421;0.842115838814;0.842115788421;0.000000050393;
0.842215778422;0.842215828851;0.842215778422;0.000000050429;
0.842315768423;0.842315818888;0.842315768423;0.000000050465;
0.842415758424;0.842415808925;0.842415758424;0.000000050501;
0.842515748425;0.842515798962;0.842515748425;0.000000050537;
0.842615738426;0.842615788999;0.842615738426;0.000000050573;
0.842715728427;0.842715779036;0.842715728427;0.000000050609;
0.842815718428;0.842815769073;0.842815718428;0.000000050645;
0.842915708429;0.842915759110;0.842915708429;0.000000050681;
0.843015698430;0.843015749147;0.843015698430;0.000000050717;
0.843115688431;0.843115739184;0.843115688431;0.000000050753;
0.843215678432;0.843215729222;0.843215678432;0.000000050789;
0.843315668433;0.843315719259;0.843315668433;0.000000050825;
0.843415658434;0.843415709296;0.843415658434;0.000000050862;
0.843515648435;0.843515699333;0.843515648435;0.000000050898;
0.843615638436;0.843615689370;0.843615638436;0.000000050934;
0.843715628437;0.843715679407;0.843715628437;0.000000050970;
0.843815618438;0.843815669444;0.843815618438;0.000000051006;
0.843915608439;0.843915659482;0.843915608439;0.000000051042;
0.844015598440;0.844015649519;0.844015598440;0.000000051079;
0.844115588441;0.844115639556;0.844115588441;0.000000051115;
0.844215578442;0.844215629593;0.844215578442;0.000000051151;
0.844315568443;0.844315619631;0.844315568443;0.000000051187;
0.844415558444;0.844415609668;0.844415558444;0.000000051224;
0.844515548445;0.844515599705;0.844515548445;0.000000051260;
0.844615538446;0.844615589743;0.844615538446;0.000000051296;
0.844715528447;0.844715579780;0.844715528447;0.000000051333;
0.844815518448;0.844815569817;0.844815518448;0.000000051369;
0.844915508449;0.844915559855;0.844915508449;0.000000051405;
0.845015498450;0.845015549892;0.845015498450;0.000000051442;
0.845115488451;0.845115539929;0.845115488451;0.000000051478;
0.845215478452;0.845215529967;0.845215478452;0.000000051515;
0.845315468453;0.845315520004;0.845315468453;0.000000051551;
0.845415458454;0.845415510042;0.845415458454;0.000000051587;
0.845515448455;0.845515500079;0.845515448455;0.000000051624;
0.845615438456;0.845615490117;0.845615438456;0.000000051660;
0.845715428457;0.845715480154;0.845715428457;0.000000051697;
0.845815418458;0.845815470192;0.845815418458;0.000000051733;
0.845915408459;0.845915460229;0.845915408459;0.000000051770;
0.846015398460;0.846015450267;0.846015398460;0.000000051806;
0.846115388461;0.846115440304;0.846115388461;0.000000051843;
0.846215378462;0.846215430342;0.846215378462;0.000000051880;
0.846315368463;0.846315420379;0.846315368463;0.000000051916;
0.846415358464;0.846415410417;0.846415358464;0.000000051953;
0.846515348465;0.846515400455;0.846515348465;0.000000051989;
0.846615338466;0.846615390492;0.846615338466;0.000000052026;
0.846715328467;0.846715380530;0.846715328467;0.000000052063;
0.846815318468;0.846815370568;0.846815318468;0.000000052099;
0.846915308469;0.846915360605;0.846915308469;0.000000052136;
0.847015298470;0.847015350643;0.847015298470;0.000000052173;
0.847115288471;0.847115340681;0.847115288471;0.000000052209;
0.847215278472;0.847215330718;0.847215278472;0.000000052246;
0.847315268473;0.847315320756;0.847315268473;0.000000052283;
0.847415258474;0.847415310794;0.847415258474;0.000000052320;
0.847515248475;0.847515300832;0.847515248475;0.000000052356;
0.847615238476;0.847615290869;0.847615238476;0.000000052393;
0.847715228477;0.847715280907;0.847715228477;0.000000052430;
0.847815218478;0.847815270945;0.847815218478;0.000000052467;
0.847915208479;0.847915260983;0.847915208479;0.000000052504;
0.848015198480;0.848015251021;0.848015198480;0.000000052541;
0.848115188481;0.848115241059;0.848115188481;0.000000052578;
0.848215178482;0.848215231097;0.848215178482;0.000000052614;
0.848315168483;0.848315221134;0.848315168483;0.000000052651;
0.848415158484;0.848415211172;0.848415158484;0.000000052688;
0.848515148485;0.848515201210;0.848515148485;0.000000052725;
0.848615138486;0.848615191248;0.848615138486;0.000000052762;
0.848715128487;0.848715181286;0.848715128487;0.000000052799;
0.848815118488;0.848815171324;0.848815118488;0.000000052836;
0.848915108489;0.848915161362;0.848915108489;0.000000052873;
0.849015098490;0.849015151400;0.849015098490;0.000000052910;
0.849115088491;0.849115141438;0.849115088491;0.000000052947;
0.849215078492;0.849215131476;0.849215078492;0.000000052984;
0.849315068493;0.849315121515;0.849315068493;0.000000053021;
0.849415058494;0.849415111553;0.849415058494;0.000000053058;
0.849515048495;0.849515101591;0.849515048495;0.000000053096;
0.849615038496;0.849615091629;0.849615038496;0.000000053133;
0.849715028497;0.849715081667;0.849715028497;0.000000053170;
0.849815018498;0.849815071705;0.849815018498;0.000000053207;
0.849915008499;0.849915061743;0.849915008499;0.000000053244;
0.850014998500;0.850015051782;0.850014998500;0.000000053281;
0.850114988501;0.850115041820;0.850114988501;0.000000053319;
0.850214978502;0.850215031858;0.850214978502;0.000000053356;
0.850314968503;0.850315021896;0.850314968503;0.000000053393;
0.850414958504;0.850415011934;0.850414958504;0.000000053430;
0.850514948505;0.850515001973;0.850514948505;0.000000053468;
0.850614938506;0.850614992011;0.850614938506;0.000000053505;
0.850714928507;0.850714982049;0.850714928507;0.000000053542;
0.850814918508;0.850814972088;0.850814918508;0.000000053579;
0.850914908509;0.850914962126;0.850914908509;0.000000053617;
0.851014898510;0.851014952164;0.851014898510;0.000000053654;
0.851114888511;0.851114942203;0.851114888511;0.000000053692;
0.851214878512;0.851214932241;0.851214878512;0.000000053729;
0.851314868513;0.851314922279;0.851314868513;0.000000053766;
0.851414858514;0.851414912318;0.851414858514;0.000000053804;
0.851514848515;0.851514902356;0.851514848515;0.000000053841;
0.851614838516;0.851614892395;0.851614838516;0.000000053879;
0.851714828517;0.851714882433;0.851714828517;0.000000053916;
0.851814818518;0.851814872472;0.851814818518;0.000000053954;
0.851914808519;0.851914862510;0.851914808519;0.000000053991;
0.852014798520;0.852014852549;0.852014798520;0.000000054029;
0.852114788521;0.852114842587;0.852114788521;0.000000054066;
0.852214778522;0.852214832626;0.852214778522;0.000000054104;
0.852314768523;0.852314822664;0.852314768523;0.000000054141;
0.852414758524;0.852414812703;0.852414758524;0.000000054179;
0.852514748525;0.852514802742;0.852514748525;0.000000054216;
0.852614738526;0.852614792780;0.852614738526;0.000000054254;
0.852714728527;0.852714782819;0.852714728527;0.000000054292;
0.852814718528;0.852814772858;0.852814718528;0.000000054329;
0.852914708529;0.852914762896;0.852914708529;0.000000054367;
0.853014698530;0.853014752935;0.853014698530;0.000000054405;
0.853114688531;0.853114742974;0.853114688531;0.000000054442;
0.853214678532;0.853214733012;0.853214678532;0.000000054480;
0.853314668533;0.853314723051;0.853314668533;0.000000054518;
0.853414658534;0.853414713090;0.853414658534;0.000000054556;
0.853514648535;0.853514703128;0.853514648535;0.000000054593;
0.853614638536;0.853614693167;0.853614638536;0.000000054631;
0.853714628537;0.853714683206;0.853714628537;0.000000054669;
0.853814618538;0.853814673245;0.853814618538;0.000000054707;
0.853914608539;0.853914663284;0.853914608539;0.000000054745;
0.854014598540;0.854014653323;0.854014598540;0.000000054782;
0.854114588541;0.854114643361;0.854114588541;0.000000054820;
0.854214578542;0.854214633400;0.854214578542;0.000000054858;
0.854314568543;0.854314623439;0.854314568543;0.000000054896;
0.854414558544;0.854414613478;0.854414558544;0.000000054934;
0.854514548545;0.854514603517;0.854514548545;0.000000054972;
0.854614538546;0.854614593556;0.854614538546;0.000000055010;
0.854714528547;0.854714583595;0.854714528547;0.000000055048;
0.854814518548;0.854814573634;0.854814518548;0.000000055086;
0.854914508549;0.854914563673;0.854914508549;0.000000055124;
0.855014498550;0.855014553712;0.855014498550;0.000000055162;
0.855114488551;0.855114543751;0.855114488551;0.000000055200;
0.855214478552;0.855214533790;0.855214478552;0.000000055238;
0.855314468553;0.855314523829;0.855314468553;0.000000055276;
0.855414458554;0.855414513868;0.855414458554;0.000000055314;
0.855514448555;0.855514503907;0.855514448555;0.000000055352;
0.855614438556;0.855614493946;0.855614438556;0.000000055390;
0.855714428557;0.855714483985;0.855714428557;0.000000055428;
0.855814418558;0.855814474024;0.855814418558;0.000000055466;
0.855914408559;0.855914464063;0.855914408559;0.000000055504;
0.856014398560;0.856014454103;0.856014398560;0.000000055542;
0.856114388561;0.856114444142;0.856114388561;0.000000055581;
0.856214378562;0.856214434181;0.856214378562;0.000000055619;
0.856314368563;0.856314424220;0.856314368563;0.000000055657;
0.856414358564;0.856414414259;0.856414358564;0.000000055695;
0.856514348565;0.856514404299;0.856514348565;0.000000055733;
0.856614338566;0.856614394338;0.856614338566;0.000000055772;
0.856714328567;0.856714384377;0.856714328567;0.000000055810;
0.856814318568;0.856814374416;0.856814318568;0.000000055848;
0.856914308569;0.856914364456;0.856914308569;0.000000055886;
0.857014298570;0.857014354495;0.857014298570;0.000000055925;
0.857114288571;0.857114344534;0.857114288571;0.000000055963;
0.857214278572;0.857214334574;0.857214278572;0.000000056001;
0.857314268573;0.857314324613;0.857314268573;0.000000056040;
0.857414258574;0.857414314652;0.857414258574;0.000000056078;
0.857514248575;0.857514304692;0.857514248575;0.000000056116;
0.857614238576;0.857614294731;0.857614238576;0.000000056155;
0.857714228577;0.857714284770;0.857714228577;0.000000056193;
0.857814218578;0.857814274810;0.857814218578;0.000000056232;
0.857914208579;0.857914264849;0.857914208579;0.000000056270;
0.858014198580;0.858014254889;0.858014198580;0.000000056309;
0.858114188581;0.858114244928;0.858114188581;0.000000056347;
0.858214178582;0.858214234968;0.858214178582;0.000000056385;
0.858314168583;0.858314225007;0.858314168583;0.000000056424;
0.858414158584;0.858414215047;0.858414158584;0.000000056462;
0.858514148585;0.858514205086;0.858514148585;0.000000056501;
0.858614138586;0.858614195126;0.858614138586;0.000000056540;
0.858714128587;0.858714185165;0.858714128587;0.000000056578;
0.858814118588;0.858814175205;0.858814118588;0.000000056617;
0.858914108589;0.858914165244;0.858914108589;0.000000056655;
0.859014098590;0.859014155284;0.859014098590;0.000000056694;
0.859114088591;0.859114145323;0.859114088591;0.000000056732;
0.859214078592;0.859214135363;0.859214078592;0.000000056771;
0.859314068593;0.859314125403;0.859314068593;0.000000056810;
0.859414058594;0.859414115442;0.859414058594;0.000000056848;
0.859514048595;0.859514105482;0.859514048595;0.000000056887;
0.859614038596;0.859614095522;0.859614038596;0.000000056926;
0.859714028597;0.859714085561;0.859714028597;0.000000056964;
0.859814018598;0.859814075601;0.859814018598;0.000000057003;
0.859914008599;0.859914065641;0.859914008599;0.000000057042;
0.860013998600;0.860014055680;0.860013998600;0.000000057080;
0.860113988601;0.860114045720;0.860113988601;0.000000057119;
0.860213978602;0.860214035760;0.860213978602;0.000000057158;
0.860313968603;0.860314025800;0.860313968603;0.000000057196;
0.860413958604;0.860414015839;0.860413958604;0.000000057235;
0.860513948605;0.860514005879;0.860513948605;0.000000057274;
0.860613938606;0.860613995919;0.860613938606;0.000000057313;
0.860713928607;0.860713985959;0.860713928607;0.000000057352;
0.860813918608;0.860813975999;0.860813918608;0.000000057390;
0.860913908609;0.860913966038;0.860913908609;0.000000057429;
0.861013898610;0.861013956078;0.861013898610;0.000000057468;
0.861113888611;0.861113946118;0.861113888611;0.000000057507;
0.861213878612;0.861213936158;0.861213878612;0.000000057546;
0.861313868613;0.861313926198;0.861313868613;0.000000057585;
0.861413858614;0.861413916238;0.861413858614;0.000000057623;
0.861513848615;0.861513906278;0.861513848615;0.000000057662;
0.861613838616;0.861613896317;0.861613838616;0.000000057701;
0.861713828617;0.861713886357;0.861713828617;0.000000057740;
0.861813818618;0.861813876397;0.861813818618;0.000000057779;
0.861913808619;0.861913866437;0.861913808619;0.000000057818;
0.862013798620;0.862013856477;0.862013798620;0.000000057857;
0.862113788621;0.862113846517;0.862113788621;0.000000057896;
0.862213778622;0.862213836557;0.862213778622;0.000000057935;
0.862313768623;0.862313826597;0.862313768623;0.000000057974;
0.862413758624;0.862413816637;0.862413758624;0.000000058013;
0.862513748625;0.862513806677;0.862513748625;0.000000058052;
0.862613738626;0.862613796717;0.862613738626;0.000000058091;
0.862713728627;0.862713786757;0.862713728627;0.000000058130;
0.862813718628;0.862813776797;0.862813718628;0.000000058169;
0.862913708629;0.862913766837;0.862913708629;0.000000058208;
0.863013698630;0.863013756877;0.863013698630;0.000000058247;
0.863113688631;0.863113746917;0.863113688631;0.000000058286;
0.863213678632;0.863213736957;0.863213678632;0.000000058325;
0.863313668633;0.863313726997;0.863313668633;0.000000058364;
0.863413658634;0.863413717037;0.863413658634;0.000000058403;
0.863513648635;0.863513707078;0.863513648635;0.000000058442;
0.863613638636;0.863613697118;0.863613638636;0.000000058482;
0.863713628637;0.863713687158;0.863713628637;0.000000058521;
0.863813618638;0.863813677198;0.863813618638;0.000000058560;
0.863913608639;0.863913667238;0.863913608639;0.000000058599;
0.864013598640;0.864013657278;0.864013598640;0.000000058638;
0.864113588641;0.864113647318;0.864113588641;0.000000058677;
0.864213578642;0.864213637358;0.864213578642;0.000000058716;
0.864313568643;0.864313627399;0.864313568643;0.000000058755;
0.864413558644;0.864413617439;0.864413558644;0.000000058795;
0.864513548645;0.864513607479;0.864513548645;0.000000058834;
0.864613538646;0.864613597519;0.864613538646;0.000000058873;
0.864713528647;0.864713587559;0.864713528647;0.000000058912;
0.864813518648;0.864813577600;0.864813518648;0.000000058951;
0.864913508649;0.864913567640;0.864913508649;0.000000058991;
0.865013498650;0.865013557680;0.865013498650;0.000000059030;
0.865113488651;0.865113547720;0.865113488651;0.000000059069;
0.865213478652;0.865213537760;0.865213478652;0.000000059108;
0.865313468653;0.865313527801;0.865313468653;0.000000059147;
0.865413458654;0.865413517841;0.865413458654;0.000000059187;
0.865513448655;0.865513507881;0.865513448655;0.000000059226;
0.865613438656;0.865613497921;0.865613438656;0.000000059265;
0.865713428657;0.865713487962;0.865713428657;0.000000059305;
0.865813418658;0.865813478002;0.865813418658;0.000000059344;
0.865913408659;0.865913468042;0.865913408659;0.000000059383;
0.866013398660;0.866013458082;0.866013398660;0.000000059422;
0.866113388661;0.866113448123;0.866113388661;0.000000059462;
0.866213378662;0.866213438163;0.866213378662;0.000000059501;
0.866313368663;0.866313428203;0.866313368663;0.000000059540;
0.866413358664;0.866413418244;0.866413358664;0.000000059579;
0.866513348665;0.866513408284;0.866513348665;0.000000059619;
0.866613338666;0.866613398324;0.866613338666;0.000000059658;
0.866713328667;0.866713388365;0.866713328667;0.000000059697;
0.866813318668;0.866813378405;0.866813318668;0.000000059737;
0.866913308669;0.866913368445;0.866913308669;0.000000059776;
0.867013298670;0.867013358485;0.867013298670;0.000000059815;
0.867113288671;0.867113348526;0.867113288671;0.000000059855;
0.867213278672;0.867213338566;0.867213278672;0.000000059894;
0.867313268673;0.867313328606;0.867313268673;0.000000059933;
0.867413258674;0.867413318647;0.867413258674;0.000000059973;
0.867513248675;0.867513308687;0.867513248675;0.000000060012;
0.867613238676;0.867613298728;0.867613238676;0.000000060051;
0.867713228677;0.867713288768;0.867713228677;0.000000060091;
0.867813218678;0.867813278808;0.867813218678;0.000000060130;
0.867913208679;0.867913268849;0.867913208679;0.000000060169;
0.868013198680;0.868013258889;0.868013198680;0.000000060209;
0.868113188681;0.868113248929;0.868113188681;0.000000060248;
0.868213178682;0.868213238970;0.868213178682;0.000000060287;
0.868313168683;0.868313229010;0.868313168683;0.000000060327;
0.868413158684;0.868413219050;0.868413158684;0.000000060366;
0.868513148685;0.868513209091;0.868513148685;0.000000060406;
0.868613138686;0.868613199131;0.868613138686;0.000000060445;
0.868713128687;0.868713189171;0.868713128687;0.000000060484;
0.868813118688;0.868813179212;0.868813118688;0.000000060524;
0.868913108689;0.868913169252;0.868913108689;0.000000060563;
0.869013098690;0.869013159293;0.869013098690;0.000000060602;
0.869113088691;0.869113149333;0.869113088691;0.000000060642;
0.869213078692;0.869213139373;0.869213078692;0.000000060681;
0.869313068693;0.869313129414;0.869313068693;0.000000060721;
0.869413058694;0.869413119454;0.869413058694;0.000000060760;
0.869513048695;0.869513109494;0.869513048695;0.000000060799;
0.869613038696;0.869613099535;0.869613038696;0.000000060839;
0.869713028697;0.869713089575;0.869713028697;0.000000060878;
0.869813018698;0.869813079615;0.869813018698;0.000000060917;
0.869913008699;0.869913069656;0.869913008699;0.000000060957;
0.870012998700;0.870013059696;0.870012998700;0.000000060996;
0.870112988701;0.870113049737;0.870112988701;0.000000061035;
0.870212978702;0.870213039777;0.870212978702;0.000000061075;
0.870312968703;0.870313029817;0.870312968703;0.000000061114;
0.870412958704;0.870413019858;0.870412958704;0.000000061153;
0.870512948705;0.870513009898;0.870512948705;0.000000061193;
0.870612938706;0.870612999938;0.870612938706;0.000000061232;
0.870712928707;0.870712989979;0.870712928707;0.000000061271;
0.870812918708;0.870812980019;0.870812918708;0.000000061311;
0.870912908709;0.870912970059;0.870912908709;0.000000061350;
0.871012898710;0.871012960100;0.871012898710;0.000000061389;
0.871112888711;0.871112950140;0.871112888711;0.000000061429;
0.871212878712;0.871212940180;0.871212878712;0.000000061468;
0.871312868713;0.871312930220;0.871312868713;0.000000061507;
0.871412858714;0.871412920261;0.871412858714;0.000000061547;
0.871512848715;0.871512910301;0.871512848715;0.000000061586;
0.871612838716;0.871612900341;0.871612838716;0.000000061625;
0.871712828717;0.871712890382;0.871712828717;0.000000061665;
0.871812818718;0.871812880422;0.871812818718;0.000000061704;
0.871912808719;0.871912870462;0.871912808719;0.000000061743;
0.872012798720;0.872012860502;0.872012798720;0.000000061782;
0.872112788721;0.872112850543;0.872112788721;0.000000061822;
0.872212778722;0.872212840583;0.872212778722;0.000000061861;
0.872312768723;0.872312830623;0.872312768723;0.000000061900;
0.872412758724;0.872412820663;0.872412758724;0.000000061939;
0.872512748725;0.872512810704;0.872512748725;0.000000061979;
0.872612738726;0.872612800744;0.872612738726;0.000000062018;
0.872712728727;0.872712790784;0.872712728727;0.000000062057;
0.872812718728;0.872812780824;0.872812718728;0.000000062096;
0.872912708729;0.872912770865;0.872912708729;0.000000062135;
0.873012698730;0.873012760905;0.873012698730;0.000000062175;
0.873112688731;0.873112750945;0.873112688731;0.000000062214;
0.873212678732;0.873212740985;0.873212678732;0.000000062253;
0.873312668733;0.873312731025;0.873312668733;0.000000062292;
0.873412658734;0.873412721065;0.873412658734;0.000000062331;
0.873512648735;0.873512711105;0.873512648735;0.000000062370;
0.873612638736;0.873612701146;0.873612638736;0.000000062409;
0.873712628737;0.873712691186;0.873712628737;0.000000062449;
0.873812618738;0.873812681226;0.873812618738;0.000000062488;
0.873912608739;0.873912671266;0.873912608739;0.000000062527;
0.874012598740;0.874012661306;0.874012598740;0.000000062566;
0.874112588741;0.874112651346;0.874112588741;0.000000062605;
0.874212578742;0.874212641386;0.874212578742;0.000000062644;
0.874312568743;0.874312631426;0.874312568743;0.000000062683;
0.874412558744;0.874412621466;0.874412558744;0.000000062722;
0.874512548745;0.874512611506;0.874512548745;0.000000062761;
0.874612538746;0.874612601546;0.874612538746;0.000000062800;
0.874712528747;0.874712591586;0.874712528747;0.000000062839;
0.874812518748;0.874812581626;0.874812518748;0.000000062878;
0.874912508749;0.874912571666;0.874912508749;0.000000062917;
0.875012498750;0.875012561706;0.875012498750;0.000000062956;
0.875112488751;0.875112551746;0.875112488751;0.000000062995;
0.875212478752;0.875212541786;0.875212478752;0.000000063034;
0.875312468753;0.875312531826;0.875312468753;0.000000063073;
0.875412458754;0.875412521865;0.875412458754;0.000000063111;
0.875512448755;0.875512511905;0.875512448755;0.000000063150;
0.875612438756;0.875612501945;0.875612438756;0.000000063189;
0.875712428757;0.875712491985;0.875712428757;0.000000063228;
0.875812418758;0.875812482025;0.875812418758;0.000000063267;
0.875912408759;0.875912472065;0.875912408759;0.000000063305;
0.876012398760;0.876012462104;0.876012398760;0.000000063344;
0.876112388761;0.876112452144;0.876112388761;0.000000063383;
0.876212378762;0.876212442184;0.876212378762;0.000000063422;
0.876312368763;0.876312432223;0.876312368763;0.000000063460;
0.876412358764;0.876412422263;0.876412358764;0.000000063499;
0.876512348765;0.876512412303;0.876512348765;0.000000063538;
0.876612338766;0.876612402342;0.876612338766;0.000000063576;
0.876712328767;0.876712392382;0.876712328767;0.000000063615;
0.876812318768;0.876812382422;0.876812318768;0.000000063653;
0.876912308769;0.876912372461;0.876912308769;0.000000063692;
0.877012298770;0.877012362501;0.877012298770;0.000000063731;
0.877112288771;0.877112352540;0.877112288771;0.000000063769;
0.877212278772;0.877212342580;0.877212278772;0.000000063808;
0.877312268773;0.877312332619;0.877312268773;0.000000063846;
0.877412258774;0.877412322659;0.877412258774;0.000000063885;
0.877512248775;0.877512312698;0.877512248775;0.000000063923;
0.877612238776;0.877612302738;0.877612238776;0.000000063961;
0.877712228777;0.877712292777;0.877712228777;0.000000064000;
0.877812218778;0.877812282816;0.877812218778;0.000000064038;
0.877912208779;0.877912272856;0.877912208779;0.000000064076;
0.878012198780;0.878012262895;0.878012198780;0.000000064115;
0.878112188781;0.878112252934;0.878112188781;0.000000064153;
0.878212178782;0.878212242973;0.878212178782;0.000000064191;
0.878312168783;0.878312233013;0.878312168783;0.000000064229;
0.878412158784;0.878412223052;0.878412158784;0.000000064268;
0.878512148785;0.878512213091;0.878512148785;0.000000064306;
0.878612138786;0.878612203130;0.878612138786;0.000000064344;
0.878712128787;0.878712193169;0.878712128787;0.000000064382;
0.878812118788;0.878812183208;0.878812118788;0.000000064420;
0.878912108789;0.878912173247;0.878912108789;0.000000064458;
0.879012098790;0.879012163286;0.879012098790;0.000000064496;
0.879112088791;0.879112153325;0.879112088791;0.000000064534;
0.879212078792;0.879212143364;0.879212078792;0.000000064572;
0.879312068793;0.879312133403;0.879312068793;0.000000064610;
0.879412058794;0.879412123442;0.879412058794;0.000000064648;
0.879512048795;0.879512113481;0.879512048795;0.000000064686;
0.879612038796;0.879612103520;0.879612038796;0.000000064724;
0.879712028797;0.879712093558;0.879712028797;0.000000064761;
0.879812018798;0.879812083597;0.879812018798;0.000000064799;
0.879912008799;0.879912073636;0.879912008799;0.000000064837;
0.880011998800;0.880012063675;0.880011998800;0.000000064874;
0.880111988801;0.880112053713;0.880111988801;0.000000064912;
0.880211978802;0.880212043752;0.880211978802;0.000000064950;
0.880311968803;0.880312033790;0.880311968803;0.000000064987;
0.880411958804;0.880412023829;0.880411958804;0.000000065025;
0.880511948805;0.880512013867;0.880511948805;0.000000065062;
0.880611938806;0.880612003906;0.880611938806;0.000000065100;
0.880711928807;0.880711993944;0.880711928807;0.000000065137;
0.880811918808;0.880811983983;0.880811918808;0.000000065175;
0.880911908809;0.880911974021;0.880911908809;0.000000065212;
0.881011898810;0.881011964059;0.881011898810;0.000000065249;
0.881111888811;0.881111954098;0.881111888811;0.000000065286;
0.881211878812;0.881211944136;0.881211878812;0.000000065324;
0.881311868813;0.881311934174;0.881311868813;0.000000065361;
0.881411858814;0.881411924212;0.881411858814;0.000000065398;
0.881511848815;0.881511914250;0.881511848815;0.000000065435;
0.881611838816;0.881611904288;0.881611838816;0.000000065472;
0.881711828817;0.881711894326;0.881711828817;0.000000065509;
0.881811818818;0.881811884364;0.881811818818;0.000000065546;
0.881911808819;0.881911874402;0.881911808819;0.000000065583;
0.882011798820;0.882011864440;0.882011798820;0.000000065620;
0.882111788821;0.882111854478;0.882111788821;0.000000065657;
0.882211778822;0.882211844516;0.882211778822;0.000000065694;
0.882311768823;0.882311834553;0.882311768823;0.000000065730;
0.882411758824;0.882411824591;0.882411758824;0.000000065767;
0.882511748825;0.882511814629;0.882511748825;0.000000065804;
0.882611738826;0.882611804666;0.882611738826;0.000000065840;
0.882711728827;0.882711794704;0.882711728827;0.000000065877;
0.882811718828;0.882811784741;0.882811718828;0.000000065913;
0.882911708829;0.882911774779;0.882911708829;0.000000065950;
0.883011698830;0.883011764816;0.883011698830;0.000000065986;
0.883111688831;0.883111754854;0.883111688831;0.000000066022;
0.883211678832;0.883211744891;0.883211678832;0.000000066059;
0.883311668833;0.883311734928;0.883311668833;0.000000066095;
0.883411658834;0.883411724965;0.883411658834;0.000000066131;
0.883511648835;0.883511715002;0.883511648835;0.000000066167;
0.883611638836;0.883611705040;0.883611638836;0.000000066203;
0.883711628837;0.883711695077;0.883711628837;0.000000066239;
0.883811618838;0.883811685114;0.883811618838;0.000000066275;
0.883911608839;0.883911675150;0.883911608839;0.000000066311;
0.884011598840;0.884011665187;0.884011598840;0.000000066347;
0.884111588841;0.884111655224;0.884111588841;0.000000066383;
0.884211578842;0.884211645261;0.884211578842;0.000000066419;
0.884311568843;0.884311635298;0.884311568843;0.000000066454;
0.884411558844;0.884411625334;0.884411558844;0.000000066490;
0.884511548845;0.884511615371;0.884511548845;0.000000066526;
0.884611538846;0.884611605407;0.884611538846;0.000000066561;
0.884711528847;0.884711595444;0.884711528847;0.000000066597;
0.884811518848;0.884811585480;0.884811518848;0.000000066632;
0.884911508849;0.884911575517;0.884911508849;0.000000066667;
0.885011498850;0.885011565553;0.885011498850;0.000000066703;
0.885111488851;0.885111555589;0.885111488851;0.000000066738;
0.885211478852;0.885211545625;0.885211478852;0.000000066773;
0.885311468853;0.885311535661;0.885311468853;0.000000066808;
0.885411458854;0.885411525697;0.885411458854;0.000000066843;
0.885511448855;0.885511515733;0.885511448855;0.000000066878;
0.885611438856;0.885611505769;0.885611438856;0.000000066913;
0.885711428857;0.885711495805;0.885711428857;0.000000066948;
0.885811418858;0.885811485841;0.885811418858;0.000000066983;
0.885911408859;0.885911475876;0.885911408859;0.000000067017;
0.886011398860;0.886011465912;0.886011398860;0.000000067052;
0.886111388861;0.886111455948;0.886111388861;0.000000067086;
0.886211378862;0.886211445983;0.886211378862;0.000000067121;
0.886311368863;0.886311436018;0.886311368863;0.000000067155;
0.886411358864;0.886411426054;0.886411358864;0.000000067190;
0.886511348865;0.886511416089;0.886511348865;0.000000067224;
0.886611338866;0.886611406124;0.886611338866;0.000000067258;
0.886711328867;0.886711396159;0.886711328867;0.000000067292;
0.886811318868;0.886811386194;0.886811318868;0.000000067326;
0.886911308869;0.886911376229;0.886911308869;0.000000067360;
0.887011298870;0.887011366264;0.887011298870;0.000000067394;
0.887111288871;0.887111356299;0.887111288871;0.000000067428;
0.887211278872;0.887211346334;0.887211278872;0.000000067462;
0.887311268873;0.887311336369;0.887311268873;0.000000067495;
0.887411258874;0.887411326403;0.887411258874;0.000000067529;
0.887511248875;0.887511316438;0.887511248875;0.000000067563;
0.887611238876;0.887611306472;0.887611238876;0.000000067596;
0.887711228877;0.887711296507;0.887711228877;0.000000067629;
0.887811218878;0.887811286541;0.887811218878;0.000000067663;
0.887911208879;0.887911276575;0.887911208879;0.000000067696;
0.888011198880;0.888011266609;0.888011198880;0.000000067729;
0.888111188881;0.888111256643;0.888111188881;0.000000067762;
0.888211178882;0.888211246677;0.888211178882;0.000000067795;
0.888311168883;0.888311236711;0.888311168883;0.000000067828;
0.888411158884;0.888411226745;0.888411158884;0.000000067861;
0.888511148885;0.888511216778;0.888511148885;0.000000067893;
0.888611138886;0.888611206812;0.888611138886;0.000000067926;
0.888711128887;0.888711196846;0.888711128887;0.000000067958;
0.888811118888;0.888811186879;0.888811118888;0.000000067991;
0.888911108889;0.888911176912;0.888911108889;0.000000068023;
0.889011098890;0.889011166946;0.889011098890;0.000000068056;
0.889111088891;0.889111156979;0.889111088891;0.000000068088;
0.889211078892;0.889211147012;0.889211078892;0.000000068120;
0.889311068893;0.889311137045;0.889311068893;0.000000068152;
0.889411058894;0.889411127078;0.889411058894;0.000000068184;
0.889511048895;0.889511117111;0.889511048895;0.000000068215;
0.889611038896;0.889611107143;0.889611038896;0.000000068247;
0.889711028897;0.889711097176;0.889711028897;0.000000068279;
0.889811018898;0.889811087208;0.889811018898;0.000000068310;
0.889911008899;0.889911077241;0.889911008899;0.000000068342;
0.890010998900;0.890011067273;0.890010998900;0.000000068373;
0.890110988901;0.890111057305;0.890110988901;0.000000068404;
0.890210978902;0.890211047338;0.890210978902;0.000000068435;
0.890310968903;0.890311037370;0.890310968903;0.000000068466;
0.890410958904;0.890411027402;0.890410958904;0.000000068497;
0.890510948905;0.890511017433;0.890510948905;0.000000068528;
0.890610938906;0.890611007465;0.890610938906;0.000000068559;
0.890710928907;0.890710997497;0.890710928907;0.000000068590;
0.890810918908;0.890810987528;0.890810918908;0.000000068620;
0.890910908909;0.890910977560;0.890910908909;0.000000068651;
0.891010898910;0.891010967591;0.891010898910;0.000000068681;
0.891110888911;0.891110957622;0.891110888911;0.000000068711;
0.891210878912;0.891210947653;0.891210878912;0.000000068741;
0.891310868913;0.891310937684;0.891310868913;0.000000068771;
0.891410858914;0.891410927715;0.891410858914;0.000000068801;
0.891510848915;0.891510917746;0.891510848915;0.000000068831;
0.891610838916;0.891610907777;0.891610838916;0.000000068860;
0.891710828917;0.891710897807;0.891710828917;0.000000068890;
0.891810818918;0.891810887838;0.891810818918;0.000000068919;
0.891910808919;0.891910877868;0.891910808919;0.000000068949;
0.892010798920;0.892010867898;0.892010798920;0.000000068978;
0.892110788921;0.892110857928;0.892110788921;0.000000069007;
0.892210778922;0.892210847958;0.892210778922;0.000000069036;
0.892310768923;0.892310837988;0.892310768923;0.000000069065;
0.892410758924;0.892410828018;0.892410758924;0.000000069094;
0.892510748925;0.892510818047;0.892510748925;0.000000069122;
0.892610738926;0.892610808077;0.892610738926;0.000000069151;
0.892710728927;0.892710798106;0.892710728927;0.000000069179;
0.892810718928;0.892810788136;0.892810718928;0.000000069208;
0.892910708929;0.892910778165;0.892910708929;0.000000069236;
0.893010698930;0.893010768194;0.893010698930;0.000000069264;
0.893110688931;0.893110758223;0.893110688931;0.000000069292;
0.893210678932;0.893210748252;0.893210678932;0.000000069319;
0.893310668933;0.893310738280;0.893310668933;0.000000069347;
0.893410658934;0.893410728309;0.893410658934;0.000000069375;
0.893510648935;0.893510718337;0.893510648935;0.000000069402;
0.893610638936;0.893610708365;0.893610638936;0.000000069429;
0.893710628937;0.893710698394;0.893710628937;0.000000069457;
0.893810618938;0.893810688422;0.893810618938;0.000000069484;
0.893910608939;0.893910678450;0.893910608939;0.000000069510;
0.894010598940;0.894010668477;0.894010598940;0.000000069537;
0.894110588941;0.894110658505;0.894110588941;0.000000069564;
0.894210578942;0.894210648532;0.894210578942;0.000000069590;
0.894310568943;0.894310638560;0.894310568943;0.000000069617;
0.894410558944;0.894410628587;0.894410558944;0.000000069643;
0.894510548945;0.894510618614;0.894510548945;0.000000069669;
0.894610538946;0.894610608641;0.894610538946;0.000000069695;
0.894710528947;0.894710598668;0.894710528947;0.000000069721;
0.894810518948;0.894810588695;0.894810518948;0.000000069746;
0.894910508949;0.894910578721;0.894910508949;0.000000069772;
0.895010498950;0.895010568747;0.895010498950;0.000000069797;
0.895110488951;0.895110558774;0.895110488951;0.000000069823;
0.895210478952;0.895210548800;0.895210478952;0.000000069848;
0.895310468953;0.895310538826;0.895310468953;0.000000069873;
0.895410458954;0.895410528852;0.895410458954;0.000000069897;
0.895510448955;0.895510518877;0.895510448955;0.000000069922;
0.895610438956;0.895610508903;0.895610438956;0.000000069947;
0.895710428957;0.895710498928;0.895710428957;0.000000069971;
0.895810418958;0.895810488953;0.895810418958;0.000000069995;
0.895910408959;0.895910478978;0.895910408959;0.000000070019;
0.896010398960;0.896010469003;0.896010398960;0.000000070043;
0.896110388961;0.896110459028;0.896110388961;0.000000070067;
0.896210378962;0.896210449053;0.896210378962;0.000000070091;
0.896310368963;0.896310439077;0.896310368963;0.000000070114;
0.896410358964;0.896410429102;0.896410358964;0.000000070137;
0.896510348965;0.896510419126;0.896510348965;0.000000070161;
0.896610338966;0.896610409150;0.896610338966;0.000000070184;
0.896710328967;0.896710399173;0.896710328967;0.000000070206;
0.896810318968;0.896810389197;0.896810318968;0.000000070229;
0.896910308969;0.896910379221;0.896910308969;0.000000070252;
0.897010298970;0.897010369244;0.897010298970;0.000000070274;
0.897110288971;0.897110359267;0.897110288971;0.000000070296;
0.897210278972;0.897210349290;0.897210278972;0.000000070318;
0.897310268973;0.897310339313;0.897310268973;0.000000070340;
0.897410258974;0.897410329336;0.897410258974;0.000000070362;
0.897510248975;0.897510319358;0.897510248975;0.000000070383;
0.897610238976;0.897610309381;0.897610238976;0.000000070405;
0.897710228977;0.897710299403;0.897710228977;0.000000070426;
0.897810218978;0.897810289425;0.897810218978;0.000000070447;
0.897910208979;0.897910279447;0.897910208979;0.000000070468;
0.898010198980;0.898010269468;0.898010198980;0.000000070488;
0.898110188981;0.898110259490;0.898110188981;0.000000070509;
0.898210178982;0.898210249511;0.898210178982;0.000000070529;
0.898310168983;0.898310239532;0.898310168983;0.000000070549;
0.898410158984;0.898410229553;0.898410158984;0.000000070569;
0.898510148985;0.898510219574;0.898510148985;0.000000070589;
0.898610138986;0.898610209595;0.898610138986;0.000000070609;
0.898710128987;0.898710199615;0.898710128987;0.000000070628;
0.898810118988;0.898810189636;0.898810118988;0.000000070647;
0.898910108989;0.898910179656;0.898910108989;0.000000070667;
0.899010098990;0.899010169676;0.899010098990;0.000000070685;
0.899110088991;0.899110159695;0.899110088991;0.000000070704;
0.899210078992;0.899210149715;0.899210078992;0.000000070723;
0.899310068993;0.899310139734;0.899310068993;0.000000070741;
0.899410058994;0.899410129753;0.899410058994;0.000000070759;
0.899510048995;0.899510119772;0.899510048995;0.000000070777;
0.899610038996;0.899610109791;0.899610038996;0.000000070795;
0.899710028997;0.899710099810;0.899710028997;0.000000070813;
0.899810018998;0.899810089828;0.899810018998;0.000000070830;
0.899910008999;0.899910079846;0.899910008999;0.000000070847;
0.900009999000;0.900010069864;0.900009999000;0.000000070864;
0.900109989001;0.900110059882;0.900109989001;0.000000070881;
0.900209979002;0.900210049900;0.900209979002;0.000000070898;
0.900309969003;0.900310039917;0.900309969003;0.000000070914;
0.900409959004;0.900410029934;0.900409959004;0.000000070930;
0.900509949005;0.900510019951;0.900509949005;0.000000070946;
0.900609939006;0.900610009968;0.900609939006;0.000000070962;
0.900709929007;0.900709999985;0.900709929007;0.000000070978;
0.900809919008;0.900809990001;0.900809919008;0.000000070993;
0.900909909009;0.900909980017;0.900909909009;0.000000071008;
0.901009899010;0.901009970033;0.901009899010;0.000000071023;
0.901109889011;0.901109960049;0.901109889011;0.000000071038;
0.901209879012;0.901209950065;0.901209879012;0.000000071053;
0.901309869013;0.901309940080;0.901309869013;0.000000071067;
0.901409859014;0.901409930095;0.901409859014;0.000000071081;
0.901509849015;0.901509920110;0.901509849015;0.000000071095;
0.901609839016;0.901609910125;0.901609839016;0.000000071109;
0.901709829017;0.901709900139;0.901709829017;0.000000071122;
0.901809819018;0.901809890154;0.901809819018;0.000000071136;
0.901909809019;0.901909880168;0.901909809019;0.000000071149;
0.902009799020;0.902009870182;0.902009799020;0.000000071162;
0.902109789021;0.902109860195;0.902109789021;0.000000071174;
0.902209779022;0.902209850209;0.902209779022;0.000000071187;
0.902309769023;0.902309840222;0.902309769023;0.000000071199;
0.902409759024;0.902409830235;0.902409759024;0.000000071211;
0.902509749025;0.902509820248;0.902509749025;0.000000071223;
0.902609739026;0.902609810260;0.902609739026;0.000000071234;
0.902709729027;0.902709800273;0.902709729027;0.000000071245;
0.902809719028;0.902809790285;0.902809719028;0.000000071257;
0.902909709029;0.902909780297;0.902909709029;0.000000071267;
0.903009699030;0.903009770308;0.903009699030;0.000000071278;
0.903109689031;0.903109760320;0.903109689031;0.000000071288;
0.903209679032;0.903209750331;0.903209679032;0.000000071299;
0.903309669033;0.903309740342;0.903309669033;0.000000071309;
0.903409659034;0.903409730352;0.903409659034;0.000000071318;
0.903509649035;0.903509720363;0.903509649035;0.000000071328;
0.903609639036;0.903609710373;0.903609639036;0.000000071337;
0.903709629037;0.903709700383;0.903709629037;0.000000071346;
0.903809619038;0.903809690393;0.903809619038;0.000000071355;
0.903909609039;0.903909680402;0.903909609039;0.000000071363;
0.904009599040;0.904009670411;0.904009599040;0.000000071371;
0.904109589041;0.904109660421;0.904109589041;0.000000071379;
0.904209579042;0.904209650429;0.904209579042;0.000000071387;
0.904309569043;0.904309640438;0.904309569043;0.000000071395;
0.904409559044;0.904409630446;0.904409559044;0.000000071402;
0.904509549045;0.904509620454;0.904509549045;0.000000071409;
0.904609539046;0.904609610462;0.904609539046;0.000000071416;
0.904709529047;0.904709600469;0.904709529047;0.000000071422;
0.904809519048;0.904809590477;0.904809519048;0.000000071429;
0.904909509049;0.904909580484;0.904909509049;0.000000071435;
0.905009499050;0.905009570491;0.905009499050;0.000000071440;
0.905109489051;0.905109560497;0.905109489051;0.000000071446;
0.905209479052;0.905209550503;0.905209479052;0.000000071451;
0.905309469053;0.905309540509;0.905309469053;0.000000071456;
0.905409459054;0.905409530515;0.905409459054;0.000000071461;
0.905509449055;0.905509520521;0.905509449055;0.000000071465;
0.905609439056;0.905609510526;0.905609439056;0.000000071470;
0.905709429057;0.905709500531;0.905709429057;0.000000071474;
0.905809419058;0.905809490535;0.905809419058;0.000000071477;
0.905909409059;0.905909480540;0.905909409059;0.000000071481;
0.906009399060;0.906009470544;0.906009399060;0.000000071484;
0.906109389061;0.906109460548;0.906109389061;0.000000071487;
0.906209379062;0.906209450552;0.906209379062;0.000000071489;
0.906309369063;0.906309440555;0.906309369063;0.000000071492;
0.906409359064;0.906409430558;0.906409359064;0.000000071494;
0.906509349065;0.906509420561;0.906509349065;0.000000071496;
0.906609339066;0.906609410563;0.906609339066;0.000000071497;
0.906709329067;0.906709400566;0.906709329067;0.000000071499;
0.906809319068;0.906809390568;0.906809319068;0.000000071500;
0.906909309069;0.906909380569;0.906909309069;0.000000071500;
0.907009299070;0.907009370571;0.907009299070;0.000000071501;
0.907109289071;0.907109360572;0.907109289071;0.000000071501;
0.907209279072;0.907209350573;0.907209279072;0.000000071501;
0.907309269073;0.907309340573;0.907309269073;0.000000071500;
0.907409259074;0.907409330574;0.907409259074;0.000000071500;
0.907509249075;0.907509320574;0.907509249075;0.000000071499;
0.907609239076;0.907609310573;0.907609239076;0.000000071497;
0.907709229077;0.907709300573;0.907709229077;0.000000071496;
0.907809219078;0.907809290572;0.907809219078;0.000000071494;
0.907909209079;0.907909280571;0.907909209079;0.000000071492;
0.908009199080;0.908009270570;0.908009199080;0.000000071489;
0.908109189081;0.908109260568;0.908109189081;0.000000071487;
0.908209179082;0.908209250566;0.908209179082;0.000000071484;
0.908309169083;0.908309240563;0.908309169083;0.000000071480;
0.908409159084;0.908409230561;0.908409159084;0.000000071477;
0.908509149085;0.908509220558;0.908509149085;0.000000071473;
0.908609139086;0.908609210555;0.908609139086;0.000000071469;
0.908709129087;0.908709200551;0.908709129087;0.000000071464;
0.908809119088;0.908809190548;0.908809119088;0.000000071459;
0.908909109089;0.908909180543;0.908909109089;0.000000071454;
0.909009099090;0.909009170539;0.909009099090;0.000000071449;
0.909109089091;0.909109160534;0.909109089091;0.000000071443;
0.909209079092;0.909209150529;0.909209079092;0.000000071437;
0.909309069093;0.909309140524;0.909309069093;0.000000071431;
0.909409059094;0.909409130518;0.909409059094;0.000000071424;
0.909509049095;0.909509120512;0.909509049095;0.000000071417;
0.909609039096;0.909609110506;0.909609039096;0.000000071410;
0.909709029097;0.909709100500;0.909709029097;0.000000071403;
0.909809019098;0.909809090493;0.909809019098;0.000000071395;
0.909909009099;0.909909080486;0.909909009099;0.000000071387;
0.910008999100;0.910009070478;0.910008999100;0.000000071378;
0.910108989101;0.910109060470;0.910108989101;0.000000071369;
0.910208979102;0.910209050462;0.910208979102;0.000000071360;
0.910308969103;0.910309040454;0.910308969103;0.000000071351;
0.910408959104;0.910409030445;0.910408959104;0.000000071341;
0.910508949105;0.910509020436;0.910508949105;0.000000071331;
0.910608939106;0.910609010426;0.910608939106;0.000000071320;
0.910708929107;0.910709000417;0.910708929107;0.000000071310;
0.910808919108;0.910808990407;0.910808919108;0.000000071299;
0.910908909109;0.910908980396;0.910908909109;0.000000071287;
0.911008899110;0.911008970386;0.911008899110;0.000000071276;
0.911108889111;0.911108960375;0.911108889111;0.000000071263;
0.911208879112;0.911208950363;0.911208879112;0.000000071251;
0.911308869113;0.911308940351;0.911308869113;0.000000071238;
0.911408859114;0.911408930339;0.911408859114;0.000000071225;
0.911508849115;0.911508920327;0.911508849115;0.000000071212;
0.911608839116;0.911608910314;0.911608839116;0.000000071198;
0.911708829117;0.911708900301;0.911708829117;0.000000071184;
0.911808819118;0.911808890288;0.911808819118;0.000000071170;
0.911908809119;0.911908880274;0.911908809119;0.000000071155;
0.912008799120;0.912008870260;0.912008799120;0.000000071140;
0.912108789121;0.912108860246;0.912108789121;0.000000071125;
0.912208779122;0.912208850231;0.912208779122;0.000000071109;
0.912308769123;0.912308840216;0.912308769123;0.000000071093;
0.912408759124;0.912408830201;0.912408759124;0.000000071077;
0.912508749125;0.912508820185;0.912508749125;0.000000071060;
0.912608739126;0.912608810169;0.912608739126;0.000000071043;
0.912708729127;0.912708800153;0.912708729127;0.000000071025;
0.912808719128;0.912808790136;0.912808719128;0.000000071008;
0.912908709129;0.912908780119;0.912908709129;0.000000070990;
0.913008699130;0.913008770101;0.913008699130;0.000000070971;
0.913108689131;0.913108760083;0.913108689131;0.000000070952;
0.913208679132;0.913208750065;0.913208679132;0.000000070933;
0.913308669133;0.913308740047;0.913308669133;0.000000070914;
0.913408659134;0.913408730028;0.913408659134;0.000000070894;
0.913508649135;0.913508720009;0.913508649135;0.000000070873;
0.913608639136;0.913608709989;0.913608639136;0.000000070853;
0.913708629137;0.913708699969;0.913708629137;0.000000070832;
0.913808619138;0.913808689949;0.913808619138;0.000000070811;
0.913908609139;0.913908679928;0.913908609139;0.000000070789;
0.914008599140;0.914008669907;0.914008599140;0.000000070767;
0.914108589141;0.914108659886;0.914108589141;0.000000070745;
0.914208579142;0.914208649864;0.914208579142;0.000000070722;
0.914308569143;0.914308639842;0.914308569143;0.000000070699;
0.914408559144;0.914408629819;0.914408559144;0.000000070675;
0.914508549145;0.914508619797;0.914508549145;0.000000070652;
0.914608539146;0.914608609773;0.914608539146;0.000000070627;
0.914708529147;0.914708599750;0.914708529147;0.000000070603;
0.914808519148;0.914808589726;0.914808519148;0.000000070578;
0.914908509149;0.914908579702;0.914908509149;0.000000070553;
0.915008499150;0.915008569677;0.915008499150;0.000000070527;
0.915108489151;0.915108559652;0.915108489151;0.000000070501;
0.915208479152;0.915208549627;0.915208479152;0.000000070475;
0.915308469153;0.915308539601;0.915308469153;0.000000070448;
0.915408459154;0.915408529575;0.915408459154;0.000000070421;
0.915508449155;0.915508519548;0.915508449155;0.000000070393;
0.915608439156;0.915608509522;0.915608439156;0.000000070365;
0.915708429157;0.915708499494;0.915708429157;0.000000070337;
0.915808419158;0.915808489467;0.915808419158;0.000000070309;
0.915908409159;0.915908479439;0.915908409159;0.000000070280;
0.916008399160;0.916008469410;0.916008399160;0.000000070250;
0.916108389161;0.916108459382;0.916108389161;0.000000070221;
0.916208379162;0.916208449352;0.916208379162;0.000000070190;
0.916308369163;0.916308439323;0.916308369163;0.000000070160;
0.916408359164;0.916408429293;0.916408359164;0.000000070129;
0.916508349165;0.916508419263;0.916508349165;0.000000070098;
0.916608339166;0.916608409232;0.916608339166;0.000000070066;
0.916708329167;0.916708399201;0.916708329167;0.000000070034;
0.916808319168;0.916808389170;0.916808319168;0.000000070002;
0.916908309169;0.916908379138;0.916908309169;0.000000069969;
0.917008299170;0.917008369106;0.917008299170;0.000000069936;
0.917108289171;0.917108359073;0.917108289171;0.000000069902;
0.917208279172;0.917208349040;0.917208279172;0.000000069868;
0.917308269173;0.917308339007;0.917308269173;0.000000069834;
0.917408259174;0.917408328973;0.917408259174;0.000000069799;
0.917508249175;0.917508318939;0.917508249175;0.000000069764;
0.917608239176;0.917608308905;0.917608239176;0.000000069729;
0.917708229177;0.917708298870;0.917708229177;0.000000069693;
0.917808219178;0.917808288835;0.917808219178;0.000000069657;
0.917908209179;0.917908278799;0.917908209179;0.000000069620;
0.918008199180;0.918008268763;0.918008199180;0.000000069583;
0.918108189181;0.918108258727;0.918108189181;0.000000069546;
0.918208179182;0.918208248690;0.918208179182;0.000000069508;
0.918308169183;0.918308238653;0.918308169183;0.000000069470;
0.918408159184;0.918408228615;0.918408159184;0.000000069431;
0.918508149185;0.918508218577;0.918508149185;0.000000069392;
0.918608139186;0.918608208539;0.918608139186;0.000000069353;
0.918708129187;0.918708198500;0.918708129187;0.000000069313;
0.918808119188;0.918808188461;0.918808119188;0.000000069273;
0.918908109189;0.918908178421;0.918908109189;0.000000069232;
0.919008099190;0.919008168381;0.919008099190;0.000000069191;
0.919108089191;0.919108158341;0.919108089191;0.000000069150;
0.919208079192;0.919208148300;0.919208079192;0.000000069108;
0.919308069193;0.919308138259;0.919308069193;0.000000069066;
0.919408059194;0.919408128217;0.919408059194;0.000000069023;
0.919508049195;0.919508118176;0.919508049195;0.000000068980;
0.919608039196;0.919608108133;0.919608039196;0.000000068937;
0.919708029197;0.919708098091;0.919708029197;0.000000068893;
0.919808019198;0.919808088047;0.919808019198;0.000000068849;
0.919908009199;0.919908078004;0.919908009199;0.000000068805;
0.920007999200;0.920008067960;0.920007999200;0.000000068760;
0.920107989201;0.920108057916;0.920107989201;0.000000068715;
0.920207979202;0.920208047871;0.920207979202;0.000000068669;
0.920307969203;0.920308037826;0.920307969203;0.000000068623;
0.920407959204;0.920408027780;0.920407959204;0.000000068576;
0.920507949205;0.920508017734;0.920507949205;0.000000068529;
0.920607939206;0.920608007688;0.920607939206;0.000000068482;
0.920707929207;0.920707997641;0.920707929207;0.000000068434;
0.920807919208;0.920807987594;0.920807919208;0.000000068386;
0.920907909209;0.920907977547;0.920907909209;0.000000068338;
0.921007899210;0.921007967499;0.921007899210;0.000000068289;
0.921107889211;0.921107957451;0.921107889211;0.000000068239;
0.921207879212;0.921207947402;0.921207879212;0.000000068190;
0.921307869213;0.921307937353;0.921307869213;0.000000068140;
0.921407859214;0.921407927303;0.921407859214;0.000000068089;
0.921507849215;0.921507917253;0.921507849215;0.000000068038;
0.921607839216;0.921607907203;0.921607839216;0.000000067987;
0.921707829217;0.921707897152;0.921707829217;0.000000067935;
0.921807819218;0.921807887101;0.921807819218;0.000000067883;
0.921907809219;0.921907877050;0.921907809219;0.000000067831;
0.922007799220;0.922007866998;0.922007799220;0.000000067778;
0.922107789221;0.922107856945;0.922107789221;0.000000067724;
0.922207779222;0.922207846893;0.922207779222;0.000000067671;
0.922307769223;0.922307836839;0.922307769223;0.000000067616;
0.922407759224;0.922407826786;0.922407759224;0.000000067562;
0.922507749225;0.922507816732;0.922507749225;0.000000067507;
0.922607739226;0.922607806678;0.922607739226;0.000000067452;
0.922707729227;0.922707796623;0.922707729227;0.000000067396;
0.922807719228;0.922807786568;0.922807719228;0.000000067340;
0.922907709229;0.922907776512;0.922907709229;0.000000067283;
0.923007699230;0.923007766456;0.923007699230;0.000000067226;
0.923107689231;0.923107756400;0.923107689231;0.000000067169;
0.923207679232;0.923207746343;0.923207679232;0.000000067111;
0.923307669233;0.923307736286;0.923307669233;0.000000067053;
0.923407659234;0.923407726229;0.923407659234;0.000000066995;
0.923507649235;0.923507716171;0.923507649235;0.000000066936;
0.923607639236;0.923607706112;0.923607639236;0.000000066876;
0.923707629237;0.923707696054;0.923707629237;0.000000066817;
0.923807619238;0.923807685995;0.923807619238;0.000000066757;
0.923907609239;0.923907675935;0.923907609239;0.000000066696;
0.924007599240;0.924007665875;0.924007599240;0.000000066635;
0.924107589241;0.924107655815;0.924107589241;0.000000066574;
0.924207579242;0.924207645754;0.924207579242;0.000000066512;
0.924307569243;0.924307635693;0.924307569243;0.000000066450;
0.924407559244;0.924407625632;0.924407559244;0.000000066388;
0.924507549245;0.924507615570;0.924507549245;0.000000066325;
0.924607539246;0.924607605507;0.924607539246;0.000000066261;
0.924707529247;0.924707595445;0.924707529247;0.000000066198;
0.924807519248;0.924807585382;0.924807519248;0.000000066134;
0.924907509249;0.924907575318;0.924907509249;0.000000066069;
0.925007499250;0.925007565254;0.925007499250;0.000000066004;
0.925107489251;0.925107555190;0.925107489251;0.000000065939;
0.925207479252;0.925207545125;0.925207479252;0.000000065873;
0.925307469253;0.925307535060;0.925307469253;0.000000065807;
0.925407459254;0.925407524995;0.925407459254;0.000000065741;
0.925507449255;0.925507514929;0.925507449255;0.000000065674;
0.925607439256;0.925607504863;0.925607439256;0.000000065607;
0.925707429257;0.925707494796;0.925707429257;0.000000065539;
0.925807419258;0.925807484729;0.925807419258;0.000000065471;
0.925907409259;0.925907474662;0.925907409259;0.000000065403;
0.926007399260;0.926007464594;0.926007399260;0.000000065334;
0.926107389261;0.926107454526;0.926107389261;0.000000065265;
0.926207379262;0.926207444458;0.926207379262;0.000000065196;
0.926307369263;0.926307434389;0.926307369263;0.000000065126;
0.926407359264;0.926407424320;0.926407359264;0.000000065055;
0.926507349265;0.926507414250;0.926507349265;0.000000064985;
0.926607339266;0.926607404180;0.926607339266;0.000000064914;
0.926707329267;0.926707394109;0.926707329267;0.000000064842;
0.926807319268;0.926807384039;0.926807319268;0.000000064771;
0.926907309269;0.926907373967;0.926907309269;0.000000064698;
0.927007299270;0.927007363896;0.927007299270;0.000000064626;
0.927107289271;0.927107353824;0.927107289271;0.000000064553;
0.927207279272;0.927207343752;0.927207279272;0.000000064480;
0.927307269273;0.927307333679;0.927307269273;0.000000064406;
0.927407259274;0.927407323606;0.927407259274;0.000000064332;
0.927507249275;0.927507313533;0.927507249275;0.000000064258;
0.927607239276;0.927607303459;0.927607239276;0.000000064183;
0.927707229277;0.927707293385;0.927707229277;0.000000064108;
0.927807219278;0.927807283310;0.927807219278;0.000000064032;
0.927907209279;0.927907273235;0.927907209279;0.000000063956;
0.928007199280;0.928007263160;0.928007199280;0.000000063880;
0.928107189281;0.928107253084;0.928107189281;0.000000063803;
0.928207179282;0.928207243008;0.928207179282;0.000000063726;
0.928307169283;0.928307232932;0.928307169283;0.000000063649;
0.928407159284;0.928407222855;0.928407159284;0.000000063571;
0.928507149285;0.928507212778;0.928507149285;0.000000063493;
0.928607139286;0.928607202701;0.928607139286;0.000000063415;
0.928707129287;0.928707192623;0.928707129287;0.000000063336;
0.928807119288;0.928807182545;0.928807119288;0.000000063257;
0.928907109289;0.928907172466;0.928907109289;0.000000063177;
0.929007099290;0.929007162388;0.929007099290;0.000000063098;
0.929107089291;0.929107152308;0.929107089291;0.000000063017;
0.929207079292;0.929207142229;0.929207079292;0.000000062937;
0.929307069293;0.929307132149;0.929307069293;0.000000062856;
0.929407059294;0.929407122069;0.929407059294;0.000000062775;
0.929507049295;0.929507111988;0.929507049295;0.000000062693;
0.929607039296;0.929607101907;0.929607039296;0.000000062611;
0.929707029297;0.929707091826;0.929707029297;0.000000062529;
0.929807019298;0.929807081744;0.929807019298;0.000000062446;
0.929907009299;0.929907071662;0.929907009299;0.000000062363;
0.930006999300;0.930007061580;0.930006999300;0.000000062280;
0.930106989301;0.930107051497;0.930106989301;0.000000062196;
0.930206979302;0.930207041415;0.930206979302;0.000000062112;
0.930306969303;0.930307031331;0.930306969303;0.000000062028;
0.930406959304;0.930407021248;0.930406959304;0.000000061944;
0.930506949305;0.930507011164;0.930506949305;0.000000061859;
0.930606939306;0.930607001079;0.930606939306;0.000000061773;
0.930706929307;0.930706990995;0.930706929307;0.000000061688;
0.930806919308;0.930806980910;0.930806919308;0.000000061602;
0.930906909309;0.930906970825;0.930906909309;0.000000061516;
0.931006899310;0.931006960739;0.931006899310;0.000000061429;
0.931106889311;0.931106950653;0.931106889311;0.000000061342;
0.931206879312;0.931206940567;0.931206879312;0.000000061255;
0.931306869313;0.931306930480;0.931306869313;0.000000061167;
0.931406859314;0.931406920394;0.931406859314;0.000000061080;
0.931506849315;0.931506910306;0.931506849315;0.000000060991;
0.931606839316;0.931606900219;0.931606839316;0.000000060903;
0.931706829317;0.931706890131;0.931706829317;0.000000060814;
0.931806819318;0.931806880043;0.931806819318;0.000000060725;
0.931906809319;0.931906869955;0.931906809319;0.000000060636;
0.932006799320;0.932006859866;0.932006799320;0.000000060546;
0.932106789321;0.932106849777;0.932106789321;0.000000060456;
0.932206779322;0.932206839688;0.932206779322;0.000000060366;
0.932306769323;0.932306829598;0.932306769323;0.000000060275;
0.932406759324;0.932406819509;0.932406759324;0.000000060184;
0.932506749325;0.932506809418;0.932506749325;0.000000060093;
0.932606739326;0.932606799328;0.932606739326;0.000000060002;
0.932706729327;0.932706789237;0.932706729327;0.000000059910;
0.932806719328;0.932806779146;0.932806719328;0.000000059818;
0.932906709329;0.932906769055;0.932906709329;0.000000059726;
0.933006699330;0.933006758963;0.933006699330;0.000000059633;
0.933106689331;0.933106748872;0.933106689331;0.000000059540;
0.933206679332;0.933206738779;0.933206679332;0.000000059447;
0.933306669333;0.933306728687;0.933306669333;0.000000059354;
0.933406659334;0.933406718594;0.933406659334;0.000000059260;
0.933506649335;0.933506708501;0.933506649335;0.000000059166;
0.933606639336;0.933606698408;0.933606639336;0.000000059072;
0.933706629337;0.933706688315;0.933706629337;0.000000058978;
0.933806619338;0.933806678221;0.933806619338;0.000000058883;
0.933906609339;0.933906668127;0.933906609339;0.000000058788;
0.934006599340;0.934006658033;0.934006599340;0.000000058693;
0.934106589341;0.934106647938;0.934106589341;0.000000058597;
0.934206579342;0.934206637844;0.934206579342;0.000000058502;
0.934306569343;0.934306627749;0.934306569343;0.000000058406;
0.934406559344;0.934406617653;0.934406559344;0.000000058309;
0.934506549345;0.934506607558;0.934506549345;0.000000058213;
0.934606539346;0.934606597462;0.934606539346;0.000000058116;
0.934706529347;0.934706587366;0.934706529347;0.000000058019;
0.934806519348;0.934806577270;0.934806519348;0.000000057922;
0.934906509349;0.934906567174;0.934906509349;0.000000057825;
0.935006499350;0.935006557077;0.935006499350;0.000000057727;
0.935106489351;0.935106546980;0.935106489351;0.000000057629;
0.935206479352;0.935206536883;0.935206479352;0.000000057531;
0.935306469353;0.935306526786;0.935306469353;0.000000057433;
0.935406459354;0.935406516688;0.935406459354;0.000000057334;
0.935506449355;0.935506506590;0.935506449355;0.000000057235;
0.935606439356;0.935606496492;0.935606439356;0.000000057136;
0.935706429357;0.935706486394;0.935706429357;0.000000057037;
0.935806419358;0.935806476296;0.935806419358;0.000000056938;
0.935906409359;0.935906466197;0.935906409359;0.000000056838;
0.936006399360;0.936006456098;0.936006399360;0.000000056738;
0.936106389361;0.936106445999;0.936106389361;0.000000056638;
0.936206379362;0.936206435900;0.936206379362;0.000000056538;
0.936306369363;0.936306425801;0.936306369363;0.000000056438;
0.936406359364;0.936406415701;0.936406359364;0.000000056337;
0.936506349365;0.936506405601;0.936506349365;0.000000056236;
0.936606339366;0.936606395501;0.936606339366;0.000000056135;
0.936706329367;0.936706385401;0.936706329367;0.000000056034;
0.936806319368;0.936806375301;0.936806319368;0.000000055933;
0.936906309369;0.936906365200;0.936906309369;0.000000055831;
0.937006299370;0.937006355099;0.937006299370;0.000000055729;
0.937106289371;0.937106344999;0.937106289371;0.000000055627;
0.937206279372;0.937206334897;0.937206279372;0.000000055525;
0.937306269373;0.937306324796;0.937306269373;0.000000055423;
0.937406259374;0.937406314695;0.937406259374;0.000000055321;
0.937506249375;0.937506304593;0.937506249375;0.000000055218;
0.937606239376;0.937606294492;0.937606239376;0.000000055115;
0.937706229377;0.937706284390;0.937706229377;0.000000055013;
0.937806219378;0.937806274288;0.937806219378;0.000000054910;
0.937906209379;0.937906264185;0.937906209379;0.000000054806;
0.938006199380;0.938006254083;0.938006199380;0.000000054703;
0.938106189381;0.938106243981;0.938106189381;0.000000054600;
0.938206179382;0.938206233878;0.938206179382;0.000000054496;
0.938306169383;0.938306223775;0.938306169383;0.000000054392;
0.938406159384;0.938406213672;0.938406159384;0.000000054288;
0.938506149385;0.938506203569;0.938506149385;0.000000054184;
0.938606139386;0.938606193466;0.938606139386;0.000000054080;
0.938706129387;0.938706183363;0.938706129387;0.000000053976;
0.938806119388;0.938806173260;0.938806119388;0.000000053872;
0.938906109389;0.938906163156;0.938906109389;0.000000053767;
0.939006099390;0.939006153052;0.939006099390;0.000000053662;
0.939106089391;0.939106142949;0.939106089391;0.000000053558;
0.939206079392;0.939206132845;0.939206079392;0.000000053453;
0.939306069393;0.939306122741;0.939306069393;0.000000053348;
0.939406059394;0.939406112637;0.939406059394;0.000000053243;
0.939506049395;0.939506102533;0.939506049395;0.000000053138;
0.939606039396;0.939606092428;0.939606039396;0.000000053032;
0.939706029397;0.939706082324;0.939706029397;0.000000052927;
0.939806019398;0.939806072220;0.939806019398;0.000000052822;
0.939906009399;0.939906062115;0.939906009399;0.000000052716;
0.940005999400;0.940006052010;0.940005999400;0.000000052610;
0.940105989401;0.940106041906;0.940105989401;0.000000052505;
0.940205979402;0.940206031801;0.940205979402;0.000000052399;
0.940305969403;0.940306021696;0.940305969403;0.000000052293;
0.940405959404;0.940406011591;0.940405959404;0.000000052187;
0.940505949405;0.940506001486;0.940505949405;0.000000052081;
0.940605939406;0.940605991381;0.940605939406;0.000000051975;
0.940705929407;0.940705981276;0.940705929407;0.000000051869;
0.940805919408;0.940805971171;0.940805919408;0.000000051763;
0.940905909409;0.940905961066;0.940905909409;0.000000051657;
0.941005899410;0.941005950960;0.941005899410;0.000000051550;
0.941105889411;0.941105940855;0.941105889411;0.000000051444;
0.941205879412;0.941205930750;0.941205879412;0.000000051338;
0.941305869413;0.941305920644;0.941305869413;0.000000051231;
0.941405859414;0.941405910539;0.941405859414;0.000000051125;
0.941505849415;0.941505900433;0.941505849415;0.000000051018;
0.941605839416;0.941605890328;0.941605839416;0.000000050912;
0.941705829417;0.941705880222;0.941705829417;0.000000050805;
0.941805819418;0.941805870116;0.941805819418;0.000000050698;
0.941905809419;0.941905860011;0.941905809419;0.000000050592;
0.942005799420;0.942005849905;0.942005799420;0.000000050485;
0.942105789421;0.942105839800;0.942105789421;0.000000050378;
0.942205779422;0.942205829694;0.942205779422;0.000000050272;
0.942305769423;0.942305819588;0.942305769423;0.000000050165;
0.942405759424;0.942405809483;0.942405759424;0.000000050058;
0.942505749425;0.942505799377;0.942505749425;0.000000049952;
0.942605739426;0.942605789271;0.942605739426;0.000000049845;
0.942705729427;0.942705779165;0.942705729427;0.000000049738;
0.942805719428;0.942805769060;0.942805719428;0.000000049632;
0.942905709429;0.942905758954;0.942905709429;0.000000049525;
0.943005699430;0.943005748848;0.943005699430;0.000000049418;
0.943105689431;0.943105738743;0.943105689431;0.000000049312;
0.943205679432;0.943205728637;0.943205679432;0.000000049205;
0.943305669433;0.943305718531;0.943305669433;0.000000049098;
0.943405659434;0.943405708426;0.943405659434;0.000000048992;
0.943505649435;0.943505698320;0.943505649435;0.000000048885;
0.943605639436;0.943605688215;0.943605639436;0.000000048779;
0.943705629437;0.943705678109;0.943705629437;0.000000048672;
0.943805619438;0.943805668004;0.943805619438;0.000000048566;
0.943905609439;0.943905657898;0.943905609439;0.000000048459;
0.944005599440;0.944005647793;0.944005599440;0.000000048353;
0.944105589441;0.944105637688;0.944105589441;0.000000048247;
0.944205579442;0.944205627583;0.944205579442;0.000000048140;
0.944305569443;0.944305617477;0.944305569443;0.000000048034;
0.944405559444;0.944405607372;0.944405559444;0.000000047928;
0.944505549445;0.944505597267;0.944505549445;0.000000047822;
0.944605539446;0.944605587162;0.944605539446;0.000000047716;
0.944705529447;0.944705577057;0.944705529447;0.000000047610;
0.944805519448;0.944805566952;0.944805519448;0.000000047504;
0.944905509449;0.944905556847;0.944905509449;0.000000047398;
0.945005499450;0.945005546743;0.945005499450;0.000000047293;
0.945105489451;0.945105536638;0.945105489451;0.000000047187;
0.945205479452;0.945205526533;0.945205479452;0.000000047081;
0.945305469453;0.945305516429;0.945305469453;0.000000046976;
0.945405459454;0.945405506325;0.945405459454;0.000000046871;
0.945505449455;0.945505496220;0.945505449455;0.000000046765;
0.945605439456;0.945605486116;0.945605439456;0.000000046660;
0.945705429457;0.945705476012;0.945705429457;0.000000046555;
0.945805419458;0.945805465908;0.945805419458;0.000000046450;
0.945905409459;0.945905455804;0.945905409459;0.000000046345;
0.946005399460;0.946005445700;0.946005399460;0.000000046240;
0.946105389461;0.946105435597;0.946105389461;0.000000046136;
0.946205379462;0.946205425493;0.946205379462;0.000000046031;
0.946305369463;0.946305415390;0.946305369463;0.000000045927;
0.946405359464;0.946405405286;0.946405359464;0.000000045822;
0.946505349465;0.946505395183;0.946505349465;0.000000045718;
0.946605339466;0.946605385080;0.946605339466;0.000000045614;
0.946705329467;0.946705374977;0.946705329467;0.000000045510;
0.946805319468;0.946805364874;0.946805319468;0.000000045406;
0.946905309469;0.946905354772;0.946905309469;0.000000045303;
0.947005299470;0.947005344669;0.947005299470;0.000000045199;
0.947105289471;0.947105334567;0.947105289471;0.000000045096;
0.947205279472;0.947205324464;0.947205279472;0.000000044992;
0.947305269473;0.947305314362;0.947305269473;0.000000044889;
0.947405259474;0.947405304260;0.947405259474;0.000000044786;
0.947505249475;0.947505294159;0.947505249475;0.000000044684;
0.947605239476;0.947605284057;0.947605239476;0.000000044581;
0.947705229477;0.947705273956;0.947705229477;0.000000044478;
0.947805219478;0.947805263854;0.947805219478;0.000000044376;
0.947905209479;0.947905253753;0.947905209479;0.000000044274;
0.948005199480;0.948005243652;0.948005199480;0.000000044172;
0.948105189481;0.948105233551;0.948105189481;0.000000044070;
0.948205179482;0.948205223451;0.948205179482;0.000000043969;
0.948305169483;0.948305213350;0.948305169483;0.000000043867;
0.948405159484;0.948405203250;0.948405159484;0.000000043766;
0.948505149485;0.948505193150;0.948505149485;0.000000043665;
0.948605139486;0.948605183050;0.948605139486;0.000000043564;
0.948705129487;0.948705172950;0.948705129487;0.000000043463;
0.948805119488;0.948805162851;0.948805119488;0.000000043363;
0.948905109489;0.948905152751;0.948905109489;0.000000043262;
0.949005099490;0.949005142652;0.949005099490;0.000000043162;
0.949105089491;0.949105132553;0.949105089491;0.000000043062;
0.949205079492;0.949205122455;0.949205079492;0.000000042963;
0.949305069493;0.949305112356;0.949305069493;0.000000042863;
0.949405059494;0.949405102258;0.949405059494;0.000000042764;
0.949505049495;0.949505092160;0.949505049495;0.000000042665;
0.949605039496;0.949605082062;0.949605039496;0.000000042566;
0.949705029497;0.949705071964;0.949705029497;0.000000042467;
0.949805019498;0.949805061867;0.949805019498;0.000000042369;
0.949905009499;0.949905051770;0.949905009499;0.000000042271;
0.950004999500;0.950005041673;0.950004999500;0.000000042173;
0.950104989501;0.950105031576;0.950104989501;0.000000042075;
0.950204979502;0.950205021479;0.950204979502;0.000000041977;
0.950304969503;0.950305011383;0.950304969503;0.000000041880;
0.950404959504;0.950405001287;0.950404959504;0.000000041783;
0.950504949505;0.950504991191;0.950504949505;0.000000041686;
0.950604939506;0.950604981096;0.950604939506;0.000000041590;
0.950704929507;0.950704971000;0.950704929507;0.000000041493;
0.950804919508;0.950804960905;0.950804919508;0.000000041397;
0.950904909509;0.950904950810;0.950904909509;0.000000041301;
0.951004899510;0.951004940716;0.951004899510;0.000000041206;
0.951104889511;0.951104930621;0.951104889511;0.000000041110;
0.951204879512;0.951204920527;0.951204879512;0.000000041015;
0.951304869513;0.951304910434;0.951304869513;0.000000040920;
0.951404859514;0.951404900340;0.951404859514;0.000000040826;
0.951504849515;0.951504890247;0.951504849515;0.000000040732;
0.951604839516;0.951604880154;0.951604839516;0.000000040638;
0.951704829517;0.951704870061;0.951704829517;0.000000040544;
0.951804819518;0.951804859968;0.951804819518;0.000000040450;
0.951904809519;0.951904849876;0.951904809519;0.000000040357;
0.952004799520;0.952004839784;0.952004799520;0.000000040264;
0.952104789521;0.952104829692;0.952104789521;0.000000040171;
0.952204779522;0.952204819601;0.952204779522;0.000000040079;
0.952304769523;0.952304809510;0.952304769523;0.000000039987;
0.952404759524;0.952404799419;0.952404759524;0.000000039895;
0.952504749525;0.952504789329;0.952504749525;0.000000039803;
0.952604739526;0.952604779238;0.952604739526;0.000000039712;
0.952704729527;0.952704769148;0.952704729527;0.000000039621;
0.952804719528;0.952804759059;0.952804719528;0.000000039531;
0.952904709529;0.952904748969;0.952904709529;0.000000039440;
0.953004699530;0.953004738880;0.953004699530;0.000000039350;
0.953104689531;0.953104728791;0.953104689531;0.000000039260;
0.953204679532;0.953204718703;0.953204679532;0.000000039171;
0.953304669533;0.953304708615;0.953304669533;0.000000039082;
0.953404659534;0.953404698527;0.953404659534;0.000000038993;
0.953504649535;0.953504688439;0.953504649535;0.000000038904;
0.953604639536;0.953604678352;0.953604639536;0.000000038816;
0.953704629537;0.953704668265;0.953704629537;0.000000038728;
0.953804619538;0.953804658178;0.953804619538;0.000000038640;
0.953904609539;0.953904648092;0.953904609539;0.000000038553;
0.954004599540;0.954004638006;0.954004599540;0.000000038466;
0.954104589541;0.954104627920;0.954104589541;0.000000038379;
0.954204579542;0.954204617835;0.954204579542;0.000000038293;
0.954304569543;0.954304607750;0.954304569543;0.000000038207;
0.954404559544;0.954404597665;0.954404559544;0.000000038121;
0.954504549545;0.954504587580;0.954504549545;0.000000038035;
0.954604539546;0.954604577496;0.954604539546;0.000000037950;
0.954704529547;0.954704567413;0.954704529547;0.000000037866;
0.954804519548;0.954804557329;0.954804519548;0.000000037781;
0.954904509549;0.954904547246;0.954904509549;0.000000037697;
0.955004499550;0.955004537163;0.955004499550;0.000000037613;
0.955104489551;0.955104527081;0.955104489551;0.000000037530;
0.955204479552;0.955204516999;0.955204479552;0.000000037447;
0.955304469553;0.955304506917;0.955304469553;0.000000037364;
0.955404459554;0.955404496836;0.955404459554;0.000000037282;
0.955504449555;0.955504486755;0.955504449555;0.000000037199;
0.955604439556;0.955604476674;0.955604439556;0.000000037118;
0.955704429557;0.955704466593;0.955704429557;0.000000037036;
0.955804419558;0.955804456513;0.955804419558;0.000000036955;
0.955904409559;0.955904446434;0.955904409559;0.000000036875;
0.956004399560;0.956004436354;0.956004399560;0.000000036794;
0.956104389561;0.956104426275;0.956104389561;0.000000036714;
0.956204379562;0.956204416197;0.956204379562;0.000000036635;
0.956304369563;0.956304406118;0.956304369563;0.000000036555;
0.956404359564;0.956404396040;0.956404359564;0.000000036476;
0.956504349565;0.956504385963;0.956504349565;0.000000036398;
0.956604339566;0.956604375886;0.956604339566;0.000000036320;
0.956704329567;0.956704365809;0.956704329567;0.000000036242;
0.956804319568;0.956804355732;0.956804319568;0.000000036164;
0.956904309569;0.956904345656;0.956904309569;0.000000036087;
0.957004299570;0.957004335580;0.957004299570;0.000000036010;
0.957104289571;0.957104325505;0.957104289571;0.000000035934;
0.957204279572;0.957204315430;0.957204279572;0.000000035858;
0.957304269573;0.957304305355;0.957304269573;0.000000035782;
0.957404259574;0.957404295281;0.957404259574;0.000000035707;
0.957504249575;0.957504285207;0.957504249575;0.000000035632;
0.957604239576;0.957604275133;0.957604239576;0.000000035557;
0.957704229577;0.957704265060;0.957704229577;0.000000035483;
0.957804219578;0.957804254987;0.957804219578;0.000000035409;
0.957904209579;0.957904244915;0.957904209579;0.000000035336;
0.958004199580;0.958004234843;0.958004199580;0.000000035263;
0.958104189581;0.958104224771;0.958104189581;0.000000035190;
0.958204179582;0.958204214700;0.958204179582;0.000000035118;
0.958304169583;0.958304204629;0.958304169583;0.000000035046;
0.958404159584;0.958404194558;0.958404159584;0.000000034974;
0.958504149585;0.958504184488;0.958504149585;0.000000034903;
0.958604139586;0.958604174418;0.958604139586;0.000000034832;
0.958704129587;0.958704164349;0.958704129587;0.000000034762;
0.958804119588;0.958804154280;0.958804119588;0.000000034692;
0.958904109589;0.958904144211;0.958904109589;0.000000034622;
0.959004099590;0.959004134143;0.959004099590;0.000000034553;
0.959104089591;0.959104124075;0.959104089591;0.000000034484;
0.959204079592;0.959204114007;0.959204079592;0.000000034415;
0.959304069593;0.959304103940;0.959304069593;0.000000034347;
0.959404059594;0.959404093873;0.959404059594;0.000000034279;
0.959504049595;0.959504083807;0.959504049595;0.000000034212;
0.959604039596;0.959604073741;0.959604039596;0.000000034145;
0.959704029597;0.959704063675;0.959704029597;0.000000034078;
0.959804019598;0.959804053610;0.959804019598;0.000000034012;
0.959904009599;0.959904043545;0.959904009599;0.000000033946;
0.960003999600;0.960004033481;0.960003999600;0.000000033881;
0.960103989601;0.960104023417;0.960103989601;0.000000033816;
0.960203979602;0.960204013353;0.960203979602;0.000000033751;
0.960303969603;0.960304003290;0.960303969603;0.000000033687;
0.960403959604;0.960403993227;0.960403959604;0.000000033623;
0.960503949605;0.960503983165;0.960503949605;0.000000033560;
0.960603939606;0.960603973103;0.960603939606;0.000000033497;
0.960703929607;0.960703963041;0.960703929607;0.000000033434;
0.960803919608;0.960803952980;0.960803919608;0.000000033372;
0.960903909609;0.960903942919;0.960903909609;0.000000033310;
0.961003899610;0.961003932859;0.961003899610;0.000000033248;
0.961103889611;0.961103922798;0.961103889611;0.000000033187;
0.961203879612;0.961203912739;0.961203879612;0.000000033127;
0.961303869613;0.961303902679;0.961303869613;0.000000033066;
0.961403859614;0.961403892621;0.961403859614;0.000000033007;
0.961503849615;0.961503882562;0.961503849615;0.000000032947;
0.961603839616;0.961603872504;0.961603839616;0.000000032888;
0.961703829617;0.961703862446;0.961703829617;0.000000032829;
0.961803819618;0.961803852389;0.961803819618;0.000000032771;
0.961903809619;0.961903842332;0.961903809619;0.000000032713;
0.962003799620;0.962003832276;0.962003799620;0.000000032656;
0.962103789621;0.962103822219;0.962103789621;0.000000032598;
0.962203779622;0.962203812164;0.962203779622;0.000000032542;
0.962303769623;0.962303802108;0.962303769623;0.000000032485;
0.962403759624;0.962403792054;0.962403759624;0.000000032430;
0.962503749625;0.962503781999;0.962503749625;0.000000032374;
0.962603739626;0.962603771945;0.962603739626;0.000000032319;
0.962703729627;0.962703761891;0.962703729627;0.000000032264;
0.962803719628;0.962803751838;0.962803719628;0.000000032210;
0.962903709629;0.962903741785;0.962903709629;0.000000032156;
0.963003699630;0.963003731733;0.963003699630;0.000000032103;
0.963103689631;0.963103721681;0.963103689631;0.000000032049;
0.963203679632;0.963203711629;0.963203679632;0.000000031997;
0.963303669633;0.963303701578;0.963303669633;0.000000031944;
0.963403659634;0.963403691527;0.963403659634;0.000000031893;
0.963503649635;0.963503681476;0.963503649635;0.000000031841;
0.963603639636;0.963603671426;0.963603639636;0.000000031790;
0.963703629637;0.963703661376;0.963703629637;0.000000031739;
0.963803619638;0.963803651327;0.963803619638;0.000000031689;
0.963903609639;0.963903641278;0.963903609639;0.000000031639;
0.964003599640;0.964003631230;0.964003599640;0.000000031590;
0.964103589641;0.964103621182;0.964103589641;0.000000031541;
0.964203579642;0.964203611134;0.964203579642;0.000000031492;
0.964303569643;0.964303601087;0.964303569643;0.000000031444;
0.964403559644;0.964403591040;0.964403559644;0.000000031396;
0.964503549645;0.964503580993;0.964503549645;0.000000031348;
0.964603539646;0.964603570947;0.964603539646;0.000000031301;
0.964703529647;0.964703560902;0.964703529647;0.000000031254;
0.964803519648;0.964803550856;0.964803519648;0.000000031208;
0.964903509649;0.964903540811;0.964903509649;0.000000031162;
0.965003499650;0.965003530767;0.965003499650;0.000000031117;
0.965103489651;0.965103520723;0.965103489651;0.000000031072;
0.965203479652;0.965203510679;0.965203479652;0.000000031027;
0.965303469653;0.965303500636;0.965303469653;0.000000030983;
0.965403459654;0.965403490593;0.965403459654;0.000000030939;
0.965503449655;0.965503480550;0.965503449655;0.000000030895;
0.965603439656;0.965603470508;0.965603439656;0.000000030852;
0.965703429657;0.965703460467;0.965703429657;0.000000030810;
0.965803419658;0.965803450425;0.965803419658;0.000000030767;
0.965903409659;0.965903440384;0.965903409659;0.000000030725;
0.966003399660;0.966003430344;0.966003399660;0.000000030684;
0.966103389661;0.966103420304;0.966103389661;0.000000030643;
0.966203379662;0.966203410264;0.966203379662;0.000000030602;
0.966303369663;0.966303400225;0.966303369663;0.000000030562;
0.966403359664;0.966403390186;0.966403359664;0.000000030522;
0.966503349665;0.966503380147;0.966503349665;0.000000030482;
0.966603339666;0.966603370109;0.966603339666;0.000000030443;
0.966703329667;0.966703360071;0.966703329667;0.000000030404;
0.966803319668;0.966803350034;0.966803319668;0.000000030366;
0.966903309669;0.966903339997;0.966903309669;0.000000030328;
0.967003299670;0.967003329960;0.967003299670;0.000000030290;
0.967103289671;0.967103319924;0.967103289671;0.000000030253;
0.967203279672;0.967203309888;0.967203279672;0.000000030216;
0.967303269673;0.967303299853;0.967303269673;0.000000030180;
0.967403259674;0.967403289818;0.967403259674;0.000000030144;
0.967503249675;0.967503279783;0.967503249675;0.000000030108;
0.967603239676;0.967603269749;0.967603239676;0.000000030073;
0.967703229677;0.967703259715;0.967703229677;0.000000030038;
0.967803219678;0.967803249682;0.967803219678;0.000000030004;
0.967903209679;0.967903239649;0.967903209679;0.000000029969;
0.968003199680;0.968003229616;0.968003199680;0.000000029936;
0.968103189681;0.968103219583;0.968103189681;0.000000029902;
0.968203179682;0.968203209552;0.968203179682;0.000000029869;
0.968303169683;0.968303199520;0.968303169683;0.000000029837;
0.968403159684;0.968403189489;0.968403159684;0.000000029805;
0.968503149685;0.968503179458;0.968503149685;0.000000029773;
0.968603139686;0.968603169428;0.968603139686;0.000000029742;
0.968703129687;0.968703159398;0.968703129687;0.000000029711;
0.968803119688;0.968803149368;0.968803119688;0.000000029680;
0.968903109689;0.968903139339;0.968903109689;0.000000029650;
0.969003099690;0.969003129310;0.969003099690;0.000000029620;
0.969103089691;0.969103119281;0.969103089691;0.000000029590;
0.969203079692;0.969203109253;0.969203079692;0.000000029561;
0.969303069693;0.969303099225;0.969303069693;0.000000029532;
0.969403059694;0.969403089198;0.969403059694;0.000000029504;
0.969503049695;0.969503079171;0.969503049695;0.000000029476;
0.969603039696;0.969603069144;0.969603039696;0.000000029448;
0.969703029697;0.969703059118;0.969703029697;0.000000029421;
0.969803019698;0.969803049092;0.969803019698;0.000000029394;
0.969903009699;0.969903039066;0.969903009699;0.000000029367;
0.970002999700;0.970003029041;0.970002999700;0.000000029341;
0.970102989701;0.970103019016;0.970102989701;0.000000029315;
0.970202979702;0.970203008992;0.970202979702;0.000000029290;
0.970302969703;0.970302998968;0.970302969703;0.000000029265;
0.970402959704;0.970402988944;0.970402959704;0.000000029240;
0.970502949705;0.970502978921;0.970502949705;0.000000029216;
0.970602939706;0.970602968898;0.970602939706;0.000000029192;
0.970702929707;0.970702958875;0.970702929707;0.000000029168;
0.970802919708;0.970802948853;0.970802919708;0.000000029145;
0.970902909709;0.970902938831;0.970902909709;0.000000029122;
0.971002899710;0.971002928810;0.971002899710;0.000000029100;
0.971102889711;0.971102918789;0.971102889711;0.000000029078;
0.971202879712;0.971202908768;0.971202879712;0.000000029056;
0.971302869713;0.971302898747;0.971302869713;0.000000029034;
0.971402859714;0.971402888727;0.971402859714;0.000000029013;
0.971502849715;0.971502878707;0.971502849715;0.000000028992;
0.971602839716;0.971602868688;0.971602839716;0.000000028972;
0.971702829717;0.971702858669;0.971702829717;0.000000028952;
0.971802819718;0.971802848650;0.971802819718;0.000000028932;
0.971902809719;0.971902838632;0.971902809719;0.000000028913;
0.972002799720;0.972002828614;0.972002799720;0.000000028894;
0.972102789721;0.972102818596;0.972102789721;0.000000028875;
0.972202779722;0.972202808579;0.972202779722;0.000000028857;
0.972302769723;0.972302798562;0.972302769723;0.000000028839;
0.972402759724;0.972402788546;0.972402759724;0.000000028822;
0.972502749725;0.972502778529;0.972502749725;0.000000028804;
0.972602739726;0.972602768514;0.972602739726;0.000000028788;
0.972702729727;0.972702758498;0.972702729727;0.000000028771;
0.972802719728;0.972802748483;0.972802719728;0.000000028755;
0.972902709729;0.972902738468;0.972902709729;0.000000028739;
0.973002699730;0.973002728453;0.973002699730;0.000000028723;
0.973102689731;0.973102718439;0.973102689731;0.000000028708;
0.973202679732;0.973202708425;0.973202679732;0.000000028693;
0.973302669733;0.973302698412;0.973302669733;0.000000028679;
0.973402659734;0.973402688399;0.973402659734;0.000000028665;
0.973502649735;0.973502678386;0.973502649735;0.000000028651;
0.973602639736;0.973602668373;0.973602639736;0.000000028637;
0.973702629737;0.973702658361;0.973702629737;0.000000028624;
0.973802619738;0.973802648349;0.973802619738;0.000000028611;
0.973902609739;0.973902638338;0.973902609739;0.000000028599;
0.974002599740;0.974002628327;0.974002599740;0.000000028587;
0.974102589741;0.974102618316;0.974102589741;0.000000028575;
0.974202579742;0.974202608305;0.974202579742;0.000000028563;
0.974302569743;0.974302598295;0.974302569743;0.000000028552;
0.974402559744;0.974402588285;0.974402559744;0.000000028541;
0.974502549745;0.974502578276;0.974502549745;0.000000028531;
0.974602539746;0.974602568266;0.974602539746;0.000000028520;
0.974702529747;0.974702558258;0.974702529747;0.000000028510;
0.974802519748;0.974802548249;0.974802519748;0.000000028501;
0.974902509749;0.974902538241;0.974902509749;0.000000028492;
0.975002499750;0.975002528233;0.975002499750;0.000000028483;
0.975102489751;0.975102518225;0.975102489751;0.000000028474;
0.975202479752;0.975202508218;0.975202479752;0.000000028466;
0.975302469753;0.975302498211;0.975302469753;0.000000028458;
0.975402459754;0.975402488204;0.975402459754;0.000000028450;
0.975502449755;0.975502478198;0.975502449755;0.000000028443;
0.975602439756;0.975602468192;0.975602439756;0.000000028436;
0.975702429757;0.975702458186;0.975702429757;0.000000028429;
0.975802419758;0.975802448180;0.975802419758;0.000000028422;
0.975902409759;0.975902438175;0.975902409759;0.000000028416;
0.976002399760;0.976002428170;0.976002399760;0.000000028410;
0.976102389761;0.976102418166;0.976102389761;0.000000028405;
0.976202379762;0.976202408162;0.976202379762;0.000000028400;
0.976302369763;0.976302398158;0.976302369763;0.000000028395;
0.976402359764;0.976402388154;0.976402359764;0.000000028390;
0.976502349765;0.976502378151;0.976502349765;0.000000028386;
0.976602339766;0.976602368148;0.976602339766;0.000000028382;
0.976702329767;0.976702358145;0.976702329767;0.000000028378;
0.976802319768;0.976802348143;0.976802319768;0.000000028375;
0.976902309769;0.976902338140;0.976902309769;0.000000028371;
0.977002299770;0.977002328139;0.977002299770;0.000000028369;
0.977102289771;0.977102318137;0.977102289771;0.000000028366;
0.977202279772;0.977202308136;0.977202279772;0.000000028364;
0.977302269773;0.977302298135;0.977302269773;0.000000028362;
0.977402259774;0.977402288134;0.977402259774;0.000000028360;
0.977502249775;0.977502278134;0.977502249775;0.000000028359;
0.977602239776;0.977602268134;0.977602239776;0.000000028358;
0.977702229777;0.977702258134;0.977702229777;0.000000028357;
0.977802219778;0.977802248134;0.977802219778;0.000000028356;
0.977902209779;0.977902238135;0.977902209779;0.000000028356;
0.978002199780;0.978002228136;0.978002199780;0.000000028356;
0.978102189781;0.978102218137;0.978102189781;0.000000028356;
0.978202179782;0.978202208139;0.978202179782;0.000000028357;
0.978302169783;0.978302198141;0.978302169783;0.000000028358;
0.978402159784;0.978402188143;0.978402159784;0.000000028359;
0.978502149785;0.978502178145;0.978502149785;0.000000028360;
0.978602139786;0.978602168148;0.978602139786;0.000000028362;
0.978702129787;0.978702158151;0.978702129787;0.000000028364;
0.978802119788;0.978802148154;0.978802119788;0.000000028366;
0.978902109789;0.978902138158;0.978902109789;0.000000028369;
0.979002099790;0.979002128162;0.979002099790;0.000000028372;
0.979102089791;0.979102118166;0.979102089791;0.000000028375;
0.979202079792;0.979202108170;0.979202079792;0.000000028378;
0.979302069793;0.979302098175;0.979302069793;0.000000028382;
0.979402059794;0.979402088179;0.979402059794;0.000000028385;
0.979502049795;0.979502078185;0.979502049795;0.000000028390;
0.979602039796;0.979602068190;0.979602039796;0.000000028394;
0.979702029797;0.979702058196;0.979702029797;0.000000028399;
0.979802019798;0.979802048201;0.979802019798;0.000000028403;
0.979902009799;0.979902038208;0.979902009799;0.000000028409;
0.980001999800;0.980002028214;0.980001999800;0.000000028414;
0.980101989801;0.980102018221;0.980101989801;0.000000028420;
0.980201979802;0.980202008228;0.980201979802;0.000000028426;
0.980301969803;0.980301998235;0.980301969803;0.000000028432;
0.980401959804;0.980401988242;0.980401959804;0.000000028438;
0.980501949805;0.980501978250;0.980501949805;0.000000028445;
0.980601939806;0.980601968258;0.980601939806;0.000000028452;
0.980701929807;0.980701958266;0.980701929807;0.000000028459;
0.980801919808;0.980801948274;0.980801919808;0.000000028466;
0.980901909809;0.980901938283;0.980901909809;0.000000028474;
0.981001899810;0.981001928292;0.981001899810;0.000000028482;
0.981101889811;0.981101918301;0.981101889811;0.000000028490;
0.981201879812;0.981201908311;0.981201879812;0.000000028499;
0.981301869813;0.981301898320;0.981301869813;0.000000028507;
0.981401859814;0.981401888330;0.981401859814;0.000000028516;
0.981501849815;0.981501878340;0.981501849815;0.000000028525;
0.981601839816;0.981601868351;0.981601839816;0.000000028535;
0.981701829817;0.981701858361;0.981701829817;0.000000028544;
0.981801819818;0.981801848372;0.981801819818;0.000000028554;
0.981901809819;0.981901838383;0.981901809819;0.000000028564;
0.982001799820;0.982001828394;0.982001799820;0.000000028574;
0.982101789821;0.982101818406;0.982101789821;0.000000028585;
0.982201779822;0.982201808418;0.982201779822;0.000000028596;
0.982301769823;0.982301798430;0.982301769823;0.000000028607;
0.982401759824;0.982401788442;0.982401759824;0.000000028618;
0.982501749825;0.982501778454;0.982501749825;0.000000028629;
0.982601739826;0.982601768467;0.982601739826;0.000000028641;
0.982701729827;0.982701758480;0.982701729827;0.000000028653;
0.982801719828;0.982801748493;0.982801719828;0.000000028665;
0.982901709829;0.982901738506;0.982901709829;0.000000028677;
0.983001699830;0.983001728520;0.983001699830;0.000000028690;
0.983101689831;0.983101718534;0.983101689831;0.000000028703;
0.983201679832;0.983201708548;0.983201679832;0.000000028716;
0.983301669833;0.983301698562;0.983301669833;0.000000028729;
0.983401659834;0.983401688576;0.983401659834;0.000000028742;
0.983501649835;0.983501678591;0.983501649835;0.000000028756;
0.983601639836;0.983601668606;0.983601639836;0.000000028770;
0.983701629837;0.983701658621;0.983701629837;0.000000028784;
0.983801619838;0.983801648636;0.983801619838;0.000000028798;
0.983901609839;0.983901638652;0.983901609839;0.000000028813;
0.984001599840;0.984001628667;0.984001599840;0.000000028827;
0.984101589841;0.984101618683;0.984101589841;0.000000028842;
0.984201579842;0.984201608699;0.984201579842;0.000000028857;
0.984301569843;0.984301598716;0.984301569843;0.000000028873;
0.984401559844;0.984401588732;0.984401559844;0.000000028888;
0.984501549845;0.984501578749;0.984501549845;0.000000028904;
0.984601539846;0.984601568766;0.984601539846;0.000000028920;
0.984701529847;0.984701558783;0.984701529847;0.000000028936;
0.984801519848;0.984801548800;0.984801519848;0.000000028952;
0.984901509849;0.984901538818;0.984901509849;0.000000028969;
0.985001499850;0.985001528835;0.985001499850;0.000000028985;
0.985101489851;0.985101518853;0.985101489851;0.000000029002;
0.985201479852;0.985201508871;0.985201479852;0.000000029019;
0.985301469853;0.985301498890;0.985301469853;0.000000029037;
0.985401459854;0.985401488908;0.985401459854;0.000000029054;
0.985501449855;0.985501478927;0.985501449855;0.000000029072;
0.985601439856;0.985601468946;0.985601439856;0.000000029090;
0.985701429857;0.985701458965;0.985701429857;0.000000029108;
0.985801419858;0.985801448984;0.985801419858;0.000000029126;
0.985901409859;0.985901439004;0.985901409859;0.000000029145;
0.986001399860;0.986001429023;0.986001399860;0.000000029163;
0.986101389861;0.986101419043;0.986101389861;0.000000029182;
0.986201379862;0.986201409063;0.986201379862;0.000000029201;
0.986301369863;0.986301399083;0.986301369863;0.000000029220;
0.986401359864;0.986401389104;0.986401359864;0.000000029240;
0.986501349865;0.986501379124;0.986501349865;0.000000029259;
0.986601339866;0.986601369145;0.986601339866;0.000000029279;
0.986701329867;0.986701359166;0.986701329867;0.000000029299;
0.986801319868;0.986801349187;0.986801319868;0.000000029319;
0.986901309869;0.986901339208;0.986901309869;0.000000029339;
0.987001299870;0.987001329230;0.987001299870;0.000000029360;
0.987101289871;0.987101319251;0.987101289871;0.000000029380;
0.987201279872;0.987201309273;0.987201279872;0.000000029401;
0.987301269873;0.987301299295;0.987301269873;0.000000029422;
0.987401259874;0.987401289317;0.987401259874;0.000000029443;
0.987501249875;0.987501279339;0.987501249875;0.000000029464;
0.987601239876;0.987601269362;0.987601239876;0.000000029486;
0.987701229877;0.987701259384;0.987701229877;0.000000029507;
0.987801219878;0.987801249407;0.987801219878;0.000000029529;
0.987901209879;0.987901239430;0.987901209879;0.000000029551;
0.988001199880;0.988001229453;0.988001199880;0.000000029573;
0.988101189881;0.988101219476;0.988101189881;0.000000029595;
0.988201179882;0.988201209500;0.988201179882;0.000000029618;
0.988301169883;0.988301199524;0.988301169883;0.000000029641;
0.988401159884;0.988401189547;0.988401159884;0.000000029663;
0.988501149885;0.988501179571;0.988501149885;0.000000029686;
0.988601139886;0.988601169595;0.988601139886;0.000000029709;
0.988701129887;0.988701159620;0.988701129887;0.000000029733;
0.988801119888;0.988801149644;0.988801119888;0.000000029756;
0.988901109889;0.988901139668;0.988901109889;0.000000029779;
0.989001099890;0.989001129693;0.989001099890;0.000000029803;
0.989101089891;0.989101119718;0.989101089891;0.000000029827;
0.989201079892;0.989201109743;0.989201079892;0.000000029851;
0.989301069893;0.989301099768;0.989301069893;0.000000029875;
0.989401059894;0.989401089794;0.989401059894;0.000000029899;
0.989501049895;0.989501079819;0.989501049895;0.000000029924;
0.989601039896;0.989601069845;0.989601039896;0.000000029949;
0.989701029897;0.989701059870;0.989701029897;0.000000029973;
0.989801019898;0.989801049896;0.989801019898;0.000000029998;
0.989901009899;0.989901039922;0.989901009899;0.000000030023;
0.990000999900;0.990001029948;0.990000999900;0.000000030048;
0.990100989901;0.990101019975;0.990100989901;0.000000030074;
0.990200979902;0.990201010001;0.990200979902;0.000000030099;
0.990300969903;0.990301000028;0.990300969903;0.000000030125;
0.990400959904;0.990400990055;0.990400959904;0.000000030151;
0.990500949905;0.990500980081;0.990500949905;0.000000030176;
0.990600939906;0.990600970108;0.990600939906;0.000000030202;
0.990700929907;0.990700960136;0.990700929907;0.000000030229;
0.990800919908;0.990800950163;0.990800919908;0.000000030255;
0.990900909909;0.990900940190;0.990900909909;0.000000030281;
0.991000899910;0.991000930218;0.991000899910;0.000000030308;
0.991100889911;0.991100920246;0.991100889911;0.000000030335;
0.991200879912;0.991200910273;0.991200879912;0.000000030361;
0.991300869913;0.991300900301;0.991300869913;0.000000030388;
0.991400859914;0.991400890330;0.991400859914;0.000000030416;
0.991500849915;0.991500880358;0.991500849915;0.000000030443;
0.991600839916;0.991600870386;0.991600839916;0.000000030470;
0.991700829917;0.991700860415;0.991700829917;0.000000030498;
0.991800819918;0.991800850443;0.991800819918;0.000000030525;
0.991900809919;0.991900840472;0.991900809919;0.000000030553;
0.992000799920;0.992000830501;0.992000799920;0.000000030581;
0.992100789921;0.992100820530;0.992100789921;0.000000030609;
0.992200779922;0.992200810559;0.992200779922;0.000000030637;
0.992300769923;0.992300800588;0.992300769923;0.000000030665;
0.992400759924;0.992400790617;0.992400759924;0.000000030693;
0.992500749925;0.992500780647;0.992500749925;0.000000030722;
0.992600739926;0.992600770676;0.992600739926;0.000000030750;
0.992700729927;0.992700760706;0.992700729927;0.000000030779;
0.992800719928;0.992800750736;0.992800719928;0.000000030808;
0.992900709929;0.992900740766;0.992900709929;0.000000030837;
0.993000699930;0.993000730796;0.993000699930;0.000000030866;
0.993100689931;0.993100720826;0.993100689931;0.000000030895;
0.993200679932;0.993200710856;0.993200679932;0.000000030924;
0.993300669933;0.993300700887;0.993300669933;0.000000030954;
0.993400659934;0.993400690917;0.993400659934;0.000000030983;
0.993500649935;0.993500680948;0.993500649935;0.000000031013;
0.993600639936;0.993600670979;0.993600639936;0.000000031043;
0.993700629937;0.993700661010;0.993700629937;0.000000031073;
0.993800619938;0.993800651040;0.993800619938;0.000000031102;
0.993900609939;0.993900641072;0.993900609939;0.000000031133;
0.994000599940;0.994000631103;0.994000599940;0.000000031163;
0.994100589941;0.994100621134;0.994100589941;0.000000031193;
0.994200579942;0.994200611165;0.994200579942;0.000000031223;
0.994300569943;0.994300601197;0.994300569943;0.000000031254;
0.994400559944;0.994400591228;0.994400559944;0.000000031284;
0.994500549945;0.994500581260;0.994500549945;0.000000031315;
0.994600539946;0.994600571292;0.994600539946;0.000000031346;
0.994700529947;0.994700561324;0.994700529947;0.000000031377;
0.994800519948;0.994800551356;0.994800519948;0.000000031408;
0.994900509949;0.994900541388;0.994900509949;0.000000031439;
0.995000499950;0.995000531420;0.995000499950;0.000000031470;
0.995100489951;0.995100521452;0.995100489951;0.000000031501;
0.995200479952;0.995200511485;0.995200479952;0.000000031533;
0.995300469953;0.995300501517;0.995300469953;0.000000031564;
0.995400459954;0.995400491550;0.995400459954;0.000000031596;
0.995500449955;0.995500481582;0.995500449955;0.000000031627;
0.995600439956;0.995600471615;0.995600439956;0.000000031659;
0.995700429957;0.995700461648;0.995700429957;0.000000031691;
0.995800419958;0.995800451681;0.995800419958;0.000000031723;
0.995900409959;0.995900441714;0.995900409959;0.000000031755;
0.996000399960;0.996000431747;0.996000399960;0.000000031787;
0.996100389961;0.996100421780;0.996100389961;0.000000031819;
0.996200379962;0.996200411814;0.996200379962;0.000000031852;
0.996300369963;0.996300401847;0.996300369963;0.000000031884;
0.996400359964;0.996400391881;0.996400359964;0.000000031917;
0.996500349965;0.996500381914;0.996500349965;0.000000031949;
0.996600339966;0.996600371948;0.996600339966;0.000000031982;
0.996700329967;0.996700361982;0.996700329967;0.000000032015;
0.996800319968;0.996800352015;0.996800319968;0.000000032047;
0.996900309969;0.996900342049;0.996900309969;0.000000032080;
0.997000299970;0.997000332083;0.997000299970;0.000000032113;
0.997100289971;0.997100322117;0.997100289971;0.000000032146;
0.997200279972;0.997200312152;0.997200279972;0.000000032180;
0.997300269973;0.997300302186;0.997300269973;0.000000032213;
0.997400259974;0.997400292220;0.997400259974;0.000000032246;
0.997500249975;0.997500282255;0.997500249975;0.000000032280;
0.997600239976;0.997600272289;0.997600239976;0.000000032313;
0.997700229977;0.997700262324;0.997700229977;0.000000032347;
0.997800219978;0.997800252358;0.997800219978;0.000000032380;
0.997900209979;0.997900242393;0.997900209979;0.000000032414;
0.998000199980;0.998000232428;0.998000199980;0.000000032448;
0.998100189981;0.998100222463;0.998100189981;0.000000032482;
0.998200179982;0.998200212498;0.998200179982;0.000000032516;
0.998300169983;0.998300202533;0.998300169983;0.000000032550;
0.998400159984;0.998400192568;0.998400159984;0.000000032584;
0.998500149985;0.998500182603;0.998500149985;0.000000032618;
0.998600139986;0.998600172638;0.998600139986;0.000000032652;
0.998700129987;0.998700162673;0.998700129987;0.000000032686;
0.998800119988;0.998800152709;0.998800119988;0.000000032721;
0.998900109989;0.998900142744;0.998900109989;0.000000032755;
0.999000099990;0.999000132780;0.999000099990;0.000000032790;
0.999100089991;0.999100122815;0.999100089991;0.000000032824;
0.999200079992;0.999200112851;0.999200079992;0.000000032859;
0.999300069993;0.999300102887;0.999300069993;0.000000032894;
0.999400059994;0.999400092923;0.999400059994;0.000000032929;
0.999500049995;0.999500082958;0.999500049995;0.000000032963;
0.999600039996;0.999600072994;0.999600039996;0.000000032998;
0.999700029997;0.999700063030;0.999700029997;0.000000033033;
0.999800019998;0.999800053066;0.999800019998;0.000000033068;
0.999900009999;0.999900043103;0.999900009999;0.000000033104;
1.000000000000;1.000000000000;1.000000000000;0.000000000000;
