x;y;f(x,y);Vx;Vy
0.010000000000;0.010000000000;1.000000000000;4.942305866911;4.942305866911
0.010000000000;0.030000000000;0.802307765324;7.930884142457;1.953727591364
0.010000000000;0.050000000000;0.682764634302;5.058279643911;0.918876907182
0.010000000000;0.070000000000;0.599976579567;3.636294420361;0.503108316367
0.010000000000;0.090000000000;0.537312857487;2.823040410151;0.310145693842
0.010000000000;0.110000000000;0.487054963161;2.304260749678;0.208633966632
0.010000000000;0.130000000000;0.445142427500;1.946058222844;0.149568560203
0.010000000000;0.150000000000;0.409212634247;1.684080275138;0.112409387503
0.010000000000;0.170000000000;0.377779216495;1.484087149708;0.087583737928
0.010000000000;0.190000000000;0.349849148259;1.326299064159;0.070204347621
0.010000000000;0.210000000000;0.324727253928;1.198515180587;0.057579535951
0.010000000000;0.230000000000;0.301908541036;1.092804076456;0.048131568181
0.010000000000;0.250000000000;0.281015090870;1.003785516571;0.040886991703
0.010000000000;0.270000000000;0.261757120373;0.927679475055;0.035219049813
0.010000000000;0.290000000000;0.243907911868;0.861750938621;0.030709486622
0.010000000000;0.310000000000;0.227287082828;0.803970910418;0.027070541582
0.010000000000;0.330000000000;0.211749075451;0.752801404720;0.024098964116
0.010000000000;0.350000000000;0.197175026639;0.707054569582;0.021647871023
0.010000000000;0.370000000000;0.183466892668;0.665797744220;0.019608954339
0.010000000000;0.390000000000;0.170543116870;0.628287882030;0.017900907851
0.010000000000;0.410000000000;0.158335377387;0.593925267237;0.016461706942
0.010000000000;0.430000000000;0.146786106181;0.562220217990;0.015243342305
0.010000000000;0.450000000000;0.135846568667;0.532768720767;0.014208154917
0.010000000000;0.470000000000;0.125475357350;0.505234326818;0.013326239032
0.010000000000;0.490000000000;0.115637195594;0.479334515980;0.012573571806
0.010000000000;0.510000000000;0.106301976711;0.454830297933;0.011930646240
0.010000000000;0.530000000000;0.097443983677;0.431518193114;0.011381458578
0.010000000000;0.550000000000;0.089041248986;0.409223985395;0.010912749140
0.010000000000;0.570000000000;0.081075024261;0.387797809326;0.010513426929
0.010000000000;0.590000000000;0.073529336613;0.367110253119;0.010174129277
0.010000000000;0.610000000000;0.066390614136;0.347049241893;0.009886881948
0.010000000000;0.630000000000;0.059647366938;0.327517525085;0.009644834860
0.010000000000;0.650000000000;0.053289913133;0.308430634852;0.009442055372
0.010000000000;0.670000000000;0.047310141543;0.289715213630;0.009273365850
0.010000000000;0.690000000000;0.041701304588;0.271307632133;0.009134215647
0.010000000000;0.710000000000;0.036457836258;0.253152836406;0.009020580081
0.010000000000;0.730000000000;0.031575191132;0.235203375563;0.008928880762
0.010000000000;0.750000000000;0.027049701236;0.217418571844;0.008855922956
0.010000000000;0.770000000000;0.022878448258;0.199763802301;0.008798846587
0.010000000000;0.790000000000;0.019059149144;0.182209867473;0.008755088241
0.010000000000;0.810000000000;0.015590053559;0.164732427191;0.008722352042
0.010000000000;0.830000000000;0.012469852056;0.147311487478;0.008698587671
0.010000000000;0.850000000000;0.009697594060;0.129930925691;0.008681974116
0.010000000000;0.870000000000;0.007272615028;0.112578043590;0.008670907985
0.010000000000;0.890000000000;0.005194472316;0.095243140221;0.008663995384
0.010000000000;0.910000000000;0.003462889419;0.077919098307;0.008660046529
0.010000000000;0.930000000000;0.002077708384;0.060600979390;0.008658072388
0.010000000000;0.950000000000;0.001038850244;0.043285624232;0.008657282770
0.010000000000;0.970000000000;0.000346283415;0.025971256097;0.008657085366
0.010000000000;0.990000000000;-0.000000000000;0.008657085366;0.008657085366
0.030000000000;0.010000000000;0.802307765324;1.953727591364;7.930884142457
0.030000000000;0.030000000000;0.724158661669;3.907455182729;3.907455182729
0.030000000000;0.050000000000;0.646009558014;3.607660368914;2.137548628180
0.030000000000;0.070000000000;0.579852246912;3.027563207020;1.286518980813
0.030000000000;0.090000000000;0.524907029734;2.528566060416;0.838986186210
0.030000000000;0.110000000000;0.478709604496;2.143683616038;0.583455579114
0.030000000000;0.130000000000;0.439159685092;1.849833643714;0.426799446879
0.030000000000;0.150000000000;0.404716258747;1.622095452863;0.324894639383
0.030000000000;0.170000000000;0.374275866978;1.441882109826;0.255304954514
0.030000000000;0.190000000000;0.347040974354;1.296294862182;0.205858464227
0.030000000000;0.210000000000;0.322424072490;1.176442401147;0.169561763952
0.030000000000;0.230000000000;0.299983278308;1.076111532209;0.142191313250
0.030000000000;0.250000000000;0.279379611202;0.990872998203;0.121084340524
0.030000000000;0.270000000000;0.260348358380;0.917501969973;0.104498770738
0.030000000000;0.290000000000;0.242679532403;0.853602430390;0.091257841713
0.030000000000;0.310000000000;0.226204261165;0.797360387912;0.080544257172
0.030000000000;0.330000000000;0.210785116886;0.747378734161;0.071776407974
0.030000000000;0.350000000000;0.196309111798;0.702564559805;0.064531436659
0.030000000000;0.370000000000;0.182682534494;0.662050781048;0.058495992821
0.030000000000;0.390000000000;0.169827080556;0.625140634633;0.053433877975
0.030000000000;0.410000000000;0.157676909109;0.591267701692;0.049164284553
0.030000000000;0.430000000000;0.146176372489;0.559966665965;0.045546849669
0.030000000000;0.450000000000;0.135278242470;0.530851617494;0.042471193247
0.030000000000;0.470000000000;0.124942307789;0.503599743708;0.039849468437
0.030000000000;0.490000000000;0.115134252722;0.477938923188;0.037610973760
0.030000000000;0.510000000000;0.105824750861;0.453638184705;0.035698200817
0.030000000000;0.530000000000;0.096988725334;0.430500296014;0.034063897512
0.030000000000;0.550000000000;0.088604739021;0.408355953746;0.032668860194
0.030000000000;0.570000000000;0.080654487184;0.387059189463;0.031480256229
0.030000000000;0.590000000000;0.073122371442;0.366483708138;0.030470337510
0.030000000000;0.610000000000;0.065995138858;0.346519947476;0.029615445603
0.030000000000;0.630000000000;0.059261573543;0.327072698509;0.028895236981
0.030000000000;0.650000000000;0.052912230918;0.308059165842;0.028292076151
0.030000000000;0.670000000000;0.046939206909;0.289407373905;0.027790558230
0.030000000000;0.690000000000;0.041335935962;0.271054846364;0.027377132305
0.030000000000;0.710000000000;0.036097013055;0.252947501521;0.027039803993
0.030000000000;0.730000000000;0.031218035901;0.235038718438;0.026767900775
0.030000000000;0.750000000000;0.026695464317;0.217288537668;0.026551887433
0.030000000000;0.770000000000;0.022526494394;0.199662967585;0.026383221736
0.030000000000;0.790000000000;0.018708945614;0.182133372929;0.026254242574
0.030000000000;0.810000000000;0.015241159477;0.164675926621;0.026158084299
0.030000000000;0.830000000000;0.012121908549;0.147271109551;0.026088612196
0.030000000000;0.850000000000;0.009350315095;0.129903246005;0.026040374923
0.030000000000;0.870000000000;0.006925778709;0.112560064859;0.026008570425
0.030000000000;0.890000000000;0.004847912501;0.095232278765;0.025989022408
0.030000000000;0.910000000000;0.003116487558;0.077913175311;0.025978164872
0.030000000000;0.930000000000;0.001731385488;0.060598215631;0.025973032642
0.030000000000;0.950000000000;0.000692558933;0.043284637210;0.025971256097
0.030000000000;0.970000000000;-0.000000000000;0.025971058692;0.025971058692
0.030000000000;0.990000000000;-0.000346283415;0.008657085366;0.025971256097
0.050000000000;0.010000000000;0.682764634302;0.918876907182;5.058279643911
0.050000000000;0.030000000000;0.646009558014;2.137548628180;3.607660368914
0.050000000000;0.050000000000;0.597262689175;2.437343441995;2.437343441995
0.050000000000;0.070000000000;0.548515820335;2.337731978391;1.666432792495
0.050000000000;0.090000000000;0.503753410039;2.119977008452;1.175824491073
0.050000000000;0.110000000000;0.463716739997;1.892074010346;0.859402716735
0.050000000000;0.130000000000;0.428070449625;1.687497283112;0.649279008815
0.050000000000;0.150000000000;0.396216848672;1.512585782774;0.505064768636
0.050000000000;0.170000000000;0.367567018314;1.365050974552;0.402882976520
0.050000000000;0.190000000000;0.341614809690;1.240555873596;0.328362790822
0.050000000000;0.210000000000;0.317944783370;1.134848029610;0.272617742378
0.050000000000;0.230000000000;0.296220888506;1.044326653028;0.229987580344
0.050000000000;0.250000000000;0.276171717249;0.966092974059;0.196760286404
0.050000000000;0.270000000000;0.257577169543;0.897852976245;0.170433850902
0.050000000000;0.290000000000;0.240257598199;0.837796425055;0.149278852322
0.050000000000;0.310000000000;0.224065312541;0.784489476679;0.132072237418
0.050000000000;0.330000000000;0.208878019132;0.736788584207;0.117930973952
0.050000000000;0.350000000000;0.194593769173;0.693774154428;0.106205474816
0.050000000000;0.370000000000;0.181127052955;0.654700185536;0.096409702311
0.050000000000;0.390000000000;0.168405761751;0.618956173763;0.088174326674
0.050000000000;0.410000000000;0.156368806005;0.586038238931;0.081214703627
0.050000000000;0.430000000000;0.144964232194;0.555527126683;0.075308578569
0.050000000000;0.450000000000;0.134147720937;0.527071339536;0.070280299964
0.050000000000;0.470000000000;0.123881378613;0.500374107331;0.065989467711
0.050000000000;0.490000000000;0.114132756644;0.475183248359;0.062322653978
0.050000000000;0.510000000000;0.104874048678;0.451283221685;0.059187285756
0.050000000000;0.530000000000;0.096081427777;0.428488852491;0.056507070458
0.050000000000;0.550000000000;0.087734494579;0.406640344113;0.054218537893
0.050000000000;0.570000000000;0.079815814012;0.385599286642;0.052268400284
0.050000000000;0.590000000000;0.072310523113;0.365245442493;0.050611518929
0.050000000000;0.610000000000;0.065205996312;0.345474141365;0.049209325974
0.050000000000;0.630000000000;0.058491557458;0.326194155632;0.048028591310
0.050000000000;0.650000000000;0.052158230087;0.307325956101;0.047040454021
0.050000000000;0.670000000000;0.046198519214;0.288800269784;0.046219658614
0.050000000000;0.690000000000;0.040606219296;0.270556877897;0.045543951348
0.050000000000;0.710000000000;0.035376244098;0.252543604876;0.044993602813
0.050000000000;0.730000000000;0.030504475101;0.234715459002;0.044551030913
0.050000000000;0.750000000000;0.025987625738;0.217033892804;0.044200504264
0.050000000000;0.770000000000;0.021823119388;0.199466157442;0.043927910349
0.050000000000;0.790000000000;0.018008979441;0.181984730037;0.043720576022
0.050000000000;0.810000000000;0.014543730187;0.164566796813;0.043567130384
0.050000000000;0.830000000000;0.011426307568;0.147193778101;0.043457401892
0.050000000000;0.850000000000;0.008655979063;0.129850883920;0.043382342954
0.050000000000;0.870000000000;0.006232272211;0.112526691075;0.043333976386
0.050000000000;0.890000000000;0.004154911420;0.095212734668;0.043305358948
0.050000000000;0.910000000000;0.002423762825;0.077903108541;0.043290557911
0.050000000000;0.930000000000;0.001038787078;0.060594070615;0.043284637210
0.050000000000;0.950000000000;-0.000000000000;0.043283650283;0.043283650283
0.050000000000;0.970000000000;-0.000692558933;0.025971256097;0.043284637210
0.050000000000;0.990000000000;-0.001038850244;0.008657282770;0.043285624232
0.070000000000;0.010000000000;0.599976579567;0.503108316367;3.636294420361
0.070000000000;0.030000000000;0.579852246912;1.286518980813;3.027563207020
0.070000000000;0.050000000000;0.548515820335;1.666432792495;2.337731978391
0.070000000000;0.070000000000;0.513194935213;1.766044256098;1.766044256098
0.070000000000;0.090000000000;0.477874050091;1.721535984656;1.338476268851
0.070000000000;0.110000000000;0.444333495826;1.617138133781;1.029051787939
0.070000000000;0.130000000000;0.413188524739;1.495495695615;0.805849103010
0.070000000000;0.150000000000;0.384513668002;1.375699420568;0.643202449826
0.070000000000;0.170000000000;0.358160547917;1.265180132013;0.522799392107
0.070000000000;0.190000000000;0.333906462721;1.166029628040;0.432091980163
0.070000000000;0.210000000000;0.311519362795;1.078067190669;0.362558834395
0.070000000000;0.230000000000;0.290783775095;1.000254076235;0.308380979342
0.070000000000;0.250000000000;0.271509199746;0.931319268761;0.265535373848
0.070000000000;0.270000000000;0.253531004344;0.870020535891;0.231197494143
0.070000000000;0.290000000000;0.236708378310;0.815240816907;0.203351479255
0.070000000000;0.310000000000;0.220921371668;0.766012509541;0.180534866227
0.070000000000;0.330000000000;0.206067877928;0.721511971559;0.161669775597
0.070000000000;0.350000000000;0.192060892805;0.681043288164;0.145949786345
0.070000000000;0.370000000000;0.178826146402;0.644019632906;0.132763014932
0.070000000000;0.390000000000;0.166300107489;0.609945635950;0.121639022782
0.070000000000;0.410000000000;0.154428320964;0.578401953587;0.112211624713
0.070000000000;0.430000000000;0.143164029346;0.549032262301;0.104192461017
0.070000000000;0.450000000000;0.132467030472;0.521532506636;0.097351960329
0.070000000000;0.470000000000;0.122302729080;0.495642097722;0.091505448466
0.070000000000;0.490000000000;0.112641346563;0.471136741233;0.086502888684
0.070000000000;0.510000000000;0.103457259431;0.447822601185;0.082221217772
0.070000000000;0.530000000000;0.094728442516;0.425531548151;0.078558560669
0.070000000000;0.550000000000;0.086435997505;0.404117283572;0.075429820639
0.070000000000;0.570000000000;0.078563751173;0.383452170499;0.072763288082
0.070000000000;0.590000000000;0.071097910685;0.363424633828;0.070498011950
0.070000000000;0.610000000000;0.064026765820;0.343937019857;0.068581748053
0.070000000000;0.630000000000;0.057340429891;0.324903826555;0.066969348266
0.070000000000;0.650000000000;0.051030612757;0.306250233145;0.065621490007
0.070000000000;0.670000000000;0.045090420565;0.287910871233;0.064503670857
0.070000000000;0.690000000000;0.039514177908;0.269828790563;0.063585411662
0.070000000000;0.710000000000;0.034297268942;0.251954581086;0.062839624997
0.070000000000;0.730000000000;0.029435994665;0.234245619890;0.062242115799
0.070000000000;0.750000000000;0.024927444147;0.216665417104;0.061771188362
0.070000000000;0.770000000000;0.020769377980;0.199183039343;0.061407339375
0.070000000000;0.790000000000;0.016960122573;0.181772592964;0.061133020780
0.070000000000;0.810000000000;0.013498474262;0.164412752491;0.060932459324
0.070000000000;0.830000000000;0.010383612473;0.147086322121;0.060791522034
0.070000000000;0.850000000000;0.007615021377;0.129779820499;0.060697618615
0.070000000000;0.870000000000;0.005192419653;0.112483080853;0.060639633217
0.070000000000;0.890000000000;0.003115698143;0.095188860290;0.060607879088
0.070000000000;0.910000000000;0.001384865242;0.077892453573;0.060594070615
0.070000000000;0.930000000000;-0.000000000000;0.060591308003;0.060591308003
0.070000000000;0.950000000000;-0.001038787078;0.043284637210;0.060594070615
0.070000000000;0.970000000000;-0.001731385488;0.025973032642;0.060598215631
0.070000000000;0.990000000000;-0.002077708384;0.008658072388;0.060600979390
0.090000000000;0.010000000000;0.537312857487;0.310145693842;2.823040410151
0.090000000000;0.030000000000;0.524907029734;0.838986186210;2.528566060416
0.090000000000;0.050000000000;0.503753410039;1.175824491073;2.119977008452
0.090000000000;0.070000000000;0.477874050091;1.338476268851;1.721535984656
0.090000000000;0.090000000000;0.450214359285;1.382984540293;1.382984540293
0.090000000000;0.110000000000;0.422554668479;1.359446844505;1.112479063160
0.090000000000;0.130000000000;0.395836485505;1.301647945000;0.901863165460
0.090000000000;0.150000000000;0.370488750679;1.229536071871;0.739096535552
0.090000000000;0.170000000000;0.346655042630;1.153940504889;0.613020161919
0.090000000000;0.190000000000;0.324331130483;1.080315315884;0.514646903328
0.090000000000;0.210000000000;0.303442429994;1.011137028789;0.437144635697
0.090000000000;0.230000000000;0.283885649332;0.947303192481;0.375442128783
0.090000000000;0.250000000000;0.265550302295;0.888909488860;0.325802735502
0.090000000000;0.270000000000;0.248329269777;0.835669081652;0.285469272567
0.090000000000;0.290000000000;0.232123539029;0.787133797139;0.252394704330
0.090000000000;0.310000000000;0.216843917892;0.742807773020;0.225045972637
0.090000000000;0.330000000000;0.202411228108;0.702203504325;0.202263475865
0.090000000000;0.350000000000;0.188755777719;0.664867393762;0.183160880035
0.090000000000;0.370000000000;0.175816532358;0.630389421973;0.167053548289
0.090000000000;0.390000000000;0.163540200840;0.598404783544;0.153407124810
0.090000000000;0.410000000000;0.151880341016;0.568591677166;0.141800311426
0.090000000000;0.430000000000;0.140796533753;0.540667462299;0.131897680456
0.090000000000;0.450000000000;0.130253642524;0.514384326985;0.123429631869
0.090000000000;0.470000000000;0.120221160674;0.489525035687;0.116177477138
0.090000000000;0.490000000000;0.110672641097;0.465899017666;0.109962234522
0.090000000000;0.510000000000;0.101585199967;0.443338893670;0.104636135978
0.090000000000;0.530000000000;0.092939085350;0.421697455358;0.100076133809
0.090000000000;0.550000000000;0.084717301753;0.400845071526;0.096178895910
0.090000000000;0.570000000000;0.076905282489;0.380667477953;0.092856919457
0.090000000000;0.590000000000;0.069490602635;0.361063902463;0.090035492735
0.090000000000;0.610000000000;0.062462726390;0.341945477680;0.087650306021
0.090000000000;0.630000000000;0.055812783528;0.323233897587;0.085645563692
0.090000000000;0.650000000000;0.049533370487;0.304860278692;0.083972486885
0.090000000000;0.670000000000;0.043618372380;0.286764191439;0.082588123145
0.090000000000;0.690000000000;0.038062802829;0.268892832037;0.081454399446
0.090000000000;0.710000000000;0.032862659098;0.251200309013;0.080537369715
0.090000000000;0.730000000000;0.028014790469;0.233647022367;0.079806618924
0.090000000000;0.750000000000;0.023516778204;0.216199116380;0.079234794009
0.090000000000;0.770000000000;0.019366825813;0.198827989860;0.078797238009
0.090000000000;0.790000000000;0.015563658609;0.181509849986;0.078471708398
0.090000000000;0.810000000000;0.012106431814;0.164225298067;0.078238164099
0.090000000000;0.830000000000;0.008994646687;0.146958937392;0.078078608304
0.090000000000;0.850000000000;0.006228074318;0.129698995103;0.077976976256
0.090000000000;0.870000000000;0.003806686883;0.112436951548;0.077919058778
0.090000000000;0.890000000000;0.001730596256;0.095167172065;0.077892453573
0.090000000000;0.910000000000;-0.000000000000;0.077886537456;0.077886537456
0.090000000000;0.930000000000;-0.001384865242;0.060594070615;0.077892453573
0.090000000000;0.950000000000;-0.002423762825;0.043290557911;0.077903108541
0.090000000000;0.970000000000;-0.003116487558;0.025978164872;0.077913175311
0.090000000000;0.990000000000;-0.003462889419;0.008660046529;0.077919098307
0.110000000000;0.010000000000;0.487054963161;0.208633966632;2.304260749678
0.110000000000;0.030000000000;0.478709604496;0.583455579114;2.143683616038
0.110000000000;0.050000000000;0.463716739997;0.859402716735;1.892074010346
0.110000000000;0.070000000000;0.444333495826;1.029051787939;1.617138133781
0.110000000000;0.090000000000;0.422554668479;1.112479063160;1.359446844505
0.110000000000;0.110000000000;0.399834333300;1.136016758947;1.136016758947
0.110000000000;0.130000000000;0.377113998121;1.122113168008;0.950027960117
0.110000000000;0.150000000000;0.354949806580;1.086856417028;0.798300365004
0.110000000000;0.170000000000;0.333639741440;1.040730499788;0.675537816689
0.110000000000;0.190000000000;0.313320586588;0.990154101819;0.576330835533
0.110000000000;0.210000000000;0.294033577367;0.938862416123;0.495930676283
0.110000000000;0.230000000000;0.275766089943;0.888912176039;0.430440164589
0.110000000000;0.250000000000;0.258477090326;0.841346412546;0.376764166809
0.110000000000;0.270000000000;0.242112233441;0.796612504719;0.332482156294
0.110000000000;0.290000000000;0.226612590137;0.754817516976;0.295712092860
0.110000000000;0.310000000000;0.211919532762;0.715881281076;0.264990844125
0.110000000000;0.330000000000;0.197977338894;0.679626878957;0.239177275191
0.110000000000;0.350000000000;0.184734457604;0.645833360588;0.217376709641
0.110000000000;0.370000000000;0.172144004470;0.614265877681;0.198883173378
0.110000000000;0.390000000000;0.160163822497;0.584692399086;0.183135616744
0.110000000000;0.410000000000;0.148756308507;0.556892509232;0.169684815723
0.110000000000;0.430000000000;0.137888122128;0.530661582745;0.158168317512
0.110000000000;0.450000000000;0.127529845197;0.505812303319;0.148291409553
0.110000000000;0.470000000000;0.117655629995;0.482174700375;0.139812593696
0.110000000000;0.490000000000;0.108242857182;0.459595400073;0.132532436289
0.110000000000;0.510000000000;0.099271813992;0.437936500472;0.126284957808
0.110000000000;0.530000000000;0.090725397163;0.417074308084;0.120930942679
0.110000000000;0.550000000000;0.082588841669;0.396898069220;0.116352709735
0.110000000000;0.570000000000;0.074849474394;0.377308767324;0.112450001101
0.110000000000;0.590000000000;0.067496490976;0.358218020392;0.109136733514
0.110000000000;0.610000000000;0.060520753579;0.339547090814;0.106338419604
0.110000000000;0.630000000000;0.053914607343;0.321226007419;0.103990113597
0.110000000000;0.650000000000;0.047671713282;0.303192792598;0.102034770697
0.110000000000;0.670000000000;0.041786895639;0.285392783793;0.100421935390
0.110000000000;0.690000000000;0.036256001930;0.267778037134;0.099106693261
0.110000000000;0.710000000000;0.031075774154;0.250306800564;0.098048835494
0.110000000000;0.730000000000;0.026243729908;0.232943044183;0.097212196172
0.110000000000;0.750000000000;0.021758052386;0.215656036189;0.096564130742
0.110000000000;0.770000000000;0.017617488460;0.198419953731;0.096075110254
0.110000000000;0.790000000000;0.013821254237;0.181213519054;0.095718410703
0.110000000000;0.810000000000;0.010368947698;0.164019652397;0.095469880370
0.110000000000;0.830000000000;0.007260468141;0.146825134278;0.095307770825
0.110000000000;0.850000000000;0.004495942327;0.129620270973;0.095212619329
0.110000000000;0.870000000000;0.002075657302;0.112398558169;0.095167172065
0.110000000000;0.890000000000;-0.000000000000;0.095156338968;0.095156338968
0.110000000000;0.910000000000;-0.001730596256;0.077892453573;0.095167172065
0.110000000000;0.930000000000;-0.003115698143;0.060607879088;0.095188860290
0.110000000000;0.950000000000;-0.004154911420;0.043305358948;0.095212734668
0.110000000000;0.970000000000;-0.004847912501;0.025989022408;0.095232278765
0.110000000000;0.990000000000;-0.005194472316;0.008663995384;0.095243140221
0.130000000000;0.010000000000;0.445142427500;0.149568560203;1.946058222844
0.130000000000;0.030000000000;0.439159685092;0.426799446879;1.849833643714
0.130000000000;0.050000000000;0.428070449625;0.649279008815;1.687497283112
0.130000000000;0.070000000000;0.413188524739;0.805849103010;1.495495695615
0.130000000000;0.090000000000;0.395836485505;0.901863165460;1.301647945000
0.130000000000;0.110000000000;0.377113998121;0.950027960117;1.122113168008
0.130000000000;0.130000000000;0.357835367100;0.963931551056;0.963931551056
0.130000000000;0.150000000000;0.338556736079;0.955045928443;0.828539147658
0.130000000000;0.170000000000;0.319633529962;0.931970975418;0.714499904300
0.130000000000;0.190000000000;0.301277897062;0.900708175478;0.619207945832
0.130000000000;0.210000000000;0.283605202943;0.865246357846;0.539807069312
0.130000000000;0.230000000000;0.266668042748;0.828136683007;0.473623686482
0.130000000000;0.250000000000;0.250479735623;0.790951480565;0.418331610853
0.130000000000;0.270000000000;0.235029983526;0.754617007703;0.371983092939
0.130000000000;0.290000000000;0.220295055315;0.719642484970;0.332980666691
0.130000000000;0.310000000000;0.206244284127;0.686272955352;0.300028035812
0.130000000000;0.330000000000;0.192844137101;0.654589369841;0.272078071133
0.130000000000;0.350000000000;0.180060709333;0.624573291949;0.248285509961
0.130000000000;0.370000000000;0.167861205423;0.596148329076;0.227966818839
0.130000000000;0.390000000000;0.156214776170;0.569206425889;0.210567353066
0.130000000000;0.410000000000;0.145092948387;0.543624377933;0.195635017212
0.130000000000;0.430000000000;0.134469801053;0.519274056129;0.182799364316
0.130000000000;0.450000000000;0.124321986142;0.496028603169;0.171755095135
0.130000000000;0.470000000000;0.114628656926;0.473766062423;0.162249051803
0.130000000000;0.490000000000;0.105371343645;0.452371381778;0.154069959129
0.130000000000;0.510000000000;0.096533801655;0.431737400061;0.147040316287
0.130000000000;0.530000000000;0.088101847643;0.411765207285;0.141009969364
0.130000000000;0.550000000000;0.080063193364;0.392364129948;0.135850999251
0.130000000000;0.570000000000;0.072407282445;0.373451501731;0.131453641698
0.130000000000;0.590000000000;0.065125133294;0.354952320967;0.127723020613
0.130000000000;0.610000000000;0.058209189606;0.336798857764;0.124576525286
0.130000000000;0.630000000000;0.051653178984;0.318930248679;0.121941700395
0.130000000000;0.650000000000;0.045451979659;0.301292100485;0.119754546916
0.130000000000;0.670000000000;0.039601494964;0.283836114003;0.117958154458
0.130000000000;0.690000000000;0.034098535099;0.266519732141;0.116501602715
0.130000000000;0.710000000000;0.028940705679;0.249305811924;0.115339082828
0.130000000000;0.730000000000;0.024126302622;0.232162317614;0.114429199528
0.130000000000;0.750000000000;0.019654212974;0.215062030463;0.113734422531
0.130000000000;0.770000000000;0.015523821403;0.197982269822;0.113220661564
0.130000000000;0.790000000000;0.011734922181;0.180904620102;0.112856943790
0.130000000000;0.810000000000;0.008287636599;0.163814658189;0.112615175854
0.130000000000;0.830000000000;0.005182335854;0.146701676351;0.112469975298
0.130000000000;0.850000000000;0.002419569545;0.129558396343;0.112398558169
0.130000000000;0.870000000000;-0.000000000000;0.112380671187;0.112380671187
0.130000000000;0.890000000000;-0.002075657302;0.095167172065;0.112398558169
0.130000000000;0.910000000000;-0.003806686883;0.077919058778;0.112436951548
0.130000000000;0.930000000000;-0.005192419653;0.060639633217;0.112483080853
0.130000000000;0.950000000000;-0.006232272211;0.043333976386;0.112526691075
0.130000000000;0.970000000000;-0.006925778709;0.026008570425;0.112560064859
0.130000000000;0.990000000000;-0.007272615028;0.008670907985;0.112578043590
0.150000000000;0.010000000000;0.409212634247;0.112409387503;1.684080275138
0.150000000000;0.030000000000;0.404716258747;0.324894639383;1.622095452863
0.150000000000;0.050000000000;0.396216848672;0.505064768636;1.512585782774
0.150000000000;0.070000000000;0.384513668002;0.643202449826;1.375699420568
0.150000000000;0.090000000000;0.370488750679;0.739096535552;1.229536071871
0.150000000000;0.110000000000;0.354949806580;0.798300365004;1.086856417028
0.150000000000;0.130000000000;0.338556736079;0.828539147658;0.955045928443
0.150000000000;0.150000000000;0.321808240673;0.837424770271;0.837424770271
0.150000000000;0.170000000000;0.305059745268;0.831399297962;0.734714707020
0.150000000000;0.190000000000;0.288552268755;0.815461266831;0.646193974182
0.150000000000;0.210000000000;0.272441294595;0.793278156773;0.570465968652
0.150000000000;0.230000000000;0.256821142484;0.767436717580;0.505915901174
0.150000000000;0.250000000000;0.241743825892;0.739705819003;0.450955497181
0.150000000000;0.270000000000;0.227232909724;0.711261560557;0.404137937919
0.150000000000;0.290000000000;0.213293363469;0.682862459849;0.364199445152
0.150000000000;0.310000000000;0.199918411330;0.654978685519;0.330062561299
0.150000000000;0.330000000000;0.187094216048;0.627884353106;0.300821463570
0.150000000000;0.350000000000;0.174803037206;0.601722108293;0.275720440230
0.150000000000;0.370000000000;0.163025331717;0.576547720786;0.254131238949
0.150000000000;0.390000000000;0.151741128374;0.552360597460;0.235531959469
0.150000000000;0.410000000000;0.140930907818;0.529124520482;0.219488535742
0.150000000000;0.430000000000;0.130576147555;0.506781660668;0.205639027404
0.150000000000;0.450000000000;0.120659641392;0.485261990806;0.193680554869
0.150000000000;0.470000000000;0.111165667923;0.464489564369;0.183358559251
0.150000000000;0.490000000000;0.102080058817;0.444386664557;0.174458032137
0.150000000000;0.510000000000;0.093390201340;0.424876510707;0.166796378846
0.150000000000;0.530000000000;0.085084998389;0.405884991048;0.160217619240
0.150000000000;0.550000000000;0.077154801698;0.387341741554;0.154587676206
0.150000000000;0.570000000000;0.069591328726;0.369180788686;0.149790545827
0.150000000000;0.590000000000;0.062387570151;0.351340903980;0.145725181955
0.150000000000;0.610000000000;0.055537692567;0.333765770595;0.142302960531
0.150000000000;0.630000000000;0.049036939327;0.316404029049;0.139445615780
0.150000000000;0.650000000000;0.042881531405;0.299209246661;0.137083562112
0.150000000000;0.670000000000;0.037068569461;0.282139839592;0.135154532813
0.150000000000;0.690000000000;0.031595937822;0.265158965503;0.133602480311
0.150000000000;0.710000000000;0.026462210841;0.248234397377;0.132376693576
0.150000000000;0.730000000000;0.021666561927;0.231338383887;0.131431096580
0.150000000000;0.750000000000;0.017208675485;0.214447498225;0.130723698292
0.150000000000;0.770000000000;0.013088661998;0.197542474990;0.130216169679
0.150000000000;0.790000000000;0.009306976486;0.180608033345;0.129873527041
0.150000000000;0.810000000000;0.005864340664;0.163632683904;0.129663903958
0.150000000000;0.830000000000;0.002761669129;0.146608516593;0.129558396343
0.150000000000;0.850000000000;-0.000000000000;0.129530966862;0.129530966862
0.150000000000;0.870000000000;-0.002419569545;0.112398558169;0.129558396343
0.150000000000;0.890000000000;-0.004495942327;0.095212619329;0.129620270973
0.150000000000;0.910000000000;-0.006228074318;0.077976976256;0.129698995103
0.150000000000;0.930000000000;-0.007615021377;0.060697618615;0.129779820499
0.150000000000;0.950000000000;-0.008655979063;0.043382342954;0.129850883920
0.150000000000;0.970000000000;-0.009350315095;0.026040374923;0.129903246005
0.150000000000;0.990000000000;-0.009697594060;0.008681974116;0.129930925691
0.170000000000;0.010000000000;0.377779216495;0.087583737928;1.484087149708
0.170000000000;0.030000000000;0.374275866978;0.255304954514;1.441882109827
0.170000000000;0.050000000000;0.367567018314;0.402882976520;1.365050974552
0.170000000000;0.070000000000;0.358160547917;0.522799392107;1.265180132013
0.170000000000;0.090000000000;0.346655042630;0.613020161919;1.153940504889
0.170000000000;0.110000000000;0.333639741440;0.675537816689;1.040730499788
0.170000000000;0.130000000000;0.319633529962;0.714499904300;0.931970975418
0.170000000000;0.150000000000;0.305059745268;0.734714707020;0.831399297962
0.170000000000;0.170000000000;0.290244941681;0.740740179329;0.740740179329
0.170000000000;0.190000000000;0.275430138095;0.736459437110;0.660387275224
0.170000000000;0.210000000000;0.260786564197;0.724968284837;0.589946929941
0.170000000000;0.230000000000;0.246431406701;0.708626211536;0.528618452380
0.170000000000;0.250000000000;0.232441515736;0.689173517311;0.475436538777
0.170000000000;0.270000000000;0.218864466009;0.667860955674;0.429413716406
0.170000000000;0.290000000000;0.205727077509;0.645567108349;0.389616614698
0.170000000000;0.310000000000;0.193041781675;0.622894973770;0.355201300662
0.170000000000;0.330000000000;0.180811278558;0.600247248773;0.325424781616
0.170000000000;0.350000000000;0.169031891724;0.577883067329;0.299643548440
0.170000000000;0.370000000000;0.157695955865;0.555959848315;0.277305737260
0.170000000000;0.390000000000;0.146793497791;0.534563722682;0.257940710118
0.170000000000;0.410000000000;0.136313406957;0.513731445868;0.241148138885
0.170000000000;0.430000000000;0.126244239957;0.493466075256;0.226587654687
0.170000000000;0.450000000000;0.116574763947;0.473748135016;0.213969537688
0.170000000000;0.470000000000;0.107294314556;0.454543539690;0.203046598196
0.170000000000;0.490000000000;0.098393022360;0.435809201373;0.193607231322
0.170000000000;0.510000000000;0.089861946501;0.417496987164;0.185469547719
0.170000000000;0.530000000000;0.081693142873;0.399556504646;0.178476452545
0.170000000000;0.550000000000;0.073879686315;0.381937056534;0.172491540507
0.170000000000;0.570000000000;0.066415660612;0.364589007480;0.167395683447
0.170000000000;0.590000000000;0.059296126016;0.347464735671;0.163084200851
0.170000000000;0.610000000000;0.052517071185;0.330519291588;0.159464519103
0.170000000000;0.630000000000;0.046075354353;0.313710850261;0.156454240082
0.170000000000;0.650000000000;0.039968637174;0.297001017518;0.153979552941
0.170000000000;0.670000000000;0.034195313652;0.280355032201;0.151973934370
0.170000000000;0.690000000000;0.028754435886;0.263741892904;0.150377092141
0.170000000000;0.710000000000;0.023645637936;0.247134428193;0.149134114584
0.170000000000;0.730000000000;0.018869058759;0.230509322331;0.148194794924
0.170000000000;0.750000000000;0.014425265042;0.213847103561;0.147513104379
0.170000000000;0.770000000000;0.010315174616;0.197132098570;0.147046791818
0.170000000000;0.790000000000;0.006539981100;0.180352354381;0.146757090736
0.170000000000;0.810000000000;0.003101080441;0.163499527491;0.146608516593
0.170000000000;0.830000000000;-0.000000000000;0.146568739255;0.146568739255
0.170000000000;0.850000000000;-0.002761669129;0.129558396343;0.146608516593
0.170000000000;0.870000000000;-0.005182335854;0.112469975298;0.146701676351
0.170000000000;0.890000000000;-0.007260468141;0.095307770825;0.146825134278
0.170000000000;0.910000000000;-0.008994646687;0.078078608304;0.146958937392
0.170000000000;0.930000000000;-0.010383612473;0.060791522034;0.147086322121
0.170000000000;0.950000000000;-0.011426307568;0.043457401892;0.147193778101
0.170000000000;0.970000000000;-0.012121908549;0.026088612196;0.147271109551
0.170000000000;0.990000000000;-0.012469852056;0.008698587671;0.147311487478
0.190000000000;0.010000000000;0.349849148259;0.070204347621;1.326299064159
0.190000000000;0.030000000000;0.347040974354;0.205858464227;1.296294862182
0.190000000000;0.050000000000;0.341614809690;0.328362790822;1.240555873596
0.190000000000;0.070000000000;0.333906462721;0.432091980163;1.166029628040
0.190000000000;0.090000000000;0.324331130483;0.514646903328;1.080315315884
0.190000000000;0.110000000000;0.313320586588;0.576330835533;0.990154101819
0.190000000000;0.130000000000;0.301277897062;0.619207945832;0.900708175478
0.190000000000;0.150000000000;0.288552268755;0.646193974182;0.815461266831
0.190000000000;0.170000000000;0.275430138095;0.660387275224;0.736459437110
0.190000000000;0.190000000000;0.262136777746;0.664668017443;0.664668017443
0.190000000000;0.210000000000;0.248843417397;0.661509333929;0.600316023508
0.190000000000;0.230000000000;0.235676404389;0.652926326416;0.543174439627
0.190000000000;0.250000000000;0.222726364340;0.640501083030;0.492758489142
0.190000000000;0.270000000000;0.210056361068;0.625441636478;0.448463774230
0.190000000000;0.290000000000;0.197708698881;0.608650044105;0.409651996572
0.190000000000;0.310000000000;0.185710359303;0.590786852438;0.375701245034
0.190000000000;0.330000000000;0.174077224784;0.572326600885;0.346032813794
0.190000000000;0.350000000000;0.162817295268;0.553603063937;0.320123234653
0.190000000000;0.370000000000;0.151933102226;0.534844882464;0.297507451534
0.190000000000;0.390000000000;0.141423499969;0.516202999084;0.277777004856
0.190000000000;0.410000000000;0.131284982263;0.497771465051;0.260575654994
0.190000000000;0.430000000000;0.121512641367;0.479603059471;0.245593914771
0.190000000000;0.450000000000;0.112100859884;0.461720934314;0.232563342999
0.190000000000;0.470000000000;0.103043803995;0.444127258003;0.221251064523
0.190000000000;0.490000000000;0.094335769564;0.426809614080;0.211454747235
0.190000000000;0.510000000000;0.085971419432;0.409745731930;0.202998128165
0.190000000000;0.530000000000;0.077945940287;0.392906983836;0.195727102712
0.190000000000;0.550000000000;0.070255140078;0.376260972457;0.189506349831
0.190000000000;0.570000000000;0.062895501389;0.359773449030;0.184216446604
0.190000000000;0.590000000000;0.055864202117;0.343409739636;0.179751418896
0.190000000000;0.610000000000;0.049159111803;0.327135809827;0.176016674949
0.190000000000;0.630000000000;0.042778769724;0.310919062887;0.172927272503
0.190000000000;0.650000000000;0.036722349288;0.294728940949;0.170406475200
0.190000000000;0.670000000000;0.030989612086;0.278537378792;0.168384559585
0.190000000000;0.690000000000;0.025580854136;0.262319145717;0.166797839298
0.190000000000;0.710000000000;0.020496846257;0.246052100160;0.165587877695
0.190000000000;0.730000000000;0.015738770130;0.229717373682;0.164700864152
0.190000000000;0.750000000000;0.011308151310;0.213299495119;0.164087132483
0.190000000000;0.770000000000;0.007206790325;0.196786461347;0.163700802478
0.190000000000;0.790000000000;0.003436692856;0.180169758120;0.163499527491
0.190000000000;0.810000000000;-0.000000000000;0.163444332424;0.163444332424
0.190000000000;0.830000000000;-0.003101080441;0.146608516593;0.163499527491
0.190000000000;0.850000000000;-0.005864340664;0.129663903958;0.163632683904
0.190000000000;0.870000000000;-0.008287636599;0.112615175854;0.163814658189
0.190000000000;0.890000000000;-0.010368947698;0.095469880370;0.164019652397
0.190000000000;0.910000000000;-0.012106431814;0.078238164099;0.164225298067
0.190000000000;0.930000000000;-0.013498474262;0.060932459324;0.164412752491
0.190000000000;0.950000000000;-0.014543730187;0.043567130384;0.164566796813
0.190000000000;0.970000000000;-0.015241159477;0.026158084299;0.164675926621
0.190000000000;0.990000000000;-0.015590053559;0.008722352042;0.164732427191
0.210000000000;0.010000000000;0.324727253928;0.057579535951;1.198515180587
0.210000000000;0.030000000000;0.322424072490;0.169561763952;1.176442401147
0.210000000000;0.050000000000;0.317944783370;0.272617742378;1.134848029610
0.210000000000;0.070000000000;0.311519362795;0.362558834395;1.078067190669
0.210000000000;0.090000000000;0.303442429994;0.437144635697;1.011137028789
0.210000000000;0.110000000000;0.294033577367;0.495930676283;0.938862416123
0.210000000000;0.130000000000;0.283605202943;0.539807069312;0.865246357846
0.210000000000;0.150000000000;0.272441294595;0.570465968652;0.793278156773
0.210000000000;0.170000000000;0.260786564197;0.589946929941;0.724968284837
0.210000000000;0.190000000000;0.248843417397;0.600316023508;0.661509333929
0.210000000000;0.210000000000;0.236773923257;0.603474707021;0.603474707021
0.210000000000;0.230000000000;0.224704429116;0.601068677170;0.551004793478
0.210000000000;0.250000000000;0.212731176170;0.594462851914;0.503959203934
0.210000000000;0.270000000000;0.200925915040;0.584754463103;0.462030894800
0.210000000000;0.290000000000;0.189340997646;0.572804579154;0.424826352325
0.210000000000;0.310000000000;0.178013731874;0.559275790992;0.391918869110
0.210000000000;0.330000000000;0.166969966006;0.544669238391;0.362881993872
0.210000000000;0.350000000000;0.156226962338;0.529357705070;0.337309124845
0.210000000000;0.370000000000;0.145795657803;0.513613618518;0.314823829368
0.210000000000;0.390000000000;0.135682417597;0.497631926141;0.295084202779
0.210000000000;0.410000000000;0.125890380758;0.481548355783;0.277783561462
0.210000000000;0.430000000000;0.116420483366;0.465453763261;0.262649006405
0.210000000000;0.450000000000;0.107272230227;0.449405284768;0.249438855014
0.210000000000;0.470000000000;0.098444271975;0.433434943926;0.237939569661
0.210000000000;0.490000000000;0.089934832470;0.417556265015;0.227962564930
0.210000000000;0.510000000000;0.081742021375;0.401769342641;0.219341114993
0.210000000000;0.530000000000;0.073864058764;0.386064726311;0.211927480307
0.210000000000;0.550000000000;0.066299432322;0.370426400427;0.205590309499
0.210000000000;0.570000000000;0.059047002747;0.354834076546;0.200212334243
0.210000000000;0.590000000000;0.052106069260;0.339264964016;0.195688353182
0.210000000000;0.610000000000;0.045476404187;0.323695145195;0.191923489295
0.210000000000;0.630000000000;0.039158263452;0.308100650511;0.188831699782
0.210000000000;0.650000000000;0.033152378166;0.292458304600;0.186334515769
0.210000000000;0.670000000000;0.027459931268;0.276746396299;0.184359989473
0.210000000000;0.690000000000;0.022082522314;0.260945211013;0.182841827770
0.210000000000;0.710000000000;0.017022122828;0.245037453047;0.181718692746
0.210000000000;0.730000000000;0.012281024192;0.229008577119;0.180933651507
0.210000000000;0.750000000000;0.007861779743;0.212847041887;0.180433758922
0.210000000000;0.770000000000;0.003767142517;0.196544493579;0.180169758120
0.210000000000;0.790000000000;-0.000000000000;0.180095884327;0.180095884327
0.210000000000;0.810000000000;-0.003436692856;0.163499527491;0.180169758120
0.210000000000;0.830000000000;-0.006539981100;0.146757090736;0.180352354381
0.210000000000;0.850000000000;-0.009306976486;0.129873527041;0.180608033345
0.210000000000;0.870000000000;-0.011734922181;0.112856943790;0.180904620102
0.210000000000;0.890000000000;-0.013821254237;0.095718410703;0.181213519054
0.210000000000;0.910000000000;-0.015563658609;0.078471708398;0.181509849986
0.210000000000;0.930000000000;-0.016960122573;0.061133020780;0.181772592964
0.210000000000;0.950000000000;-0.018008979441;0.043720576022;0.181984730037
0.210000000000;0.970000000000;-0.018708945614;0.026254242574;0.182133372929
0.210000000000;0.990000000000;-0.019059149144;0.008755088241;0.182209867473
0.230000000000;0.010000000000;0.301908541036;0.048131568181;1.092804076456
0.230000000000;0.030000000000;0.299983278308;0.142191313250;1.076111532209
0.230000000000;0.050000000000;0.296220888506;0.229987580344;1.044326653028
0.230000000000;0.070000000000;0.290783775095;0.308380979342;1.000254076235
0.230000000000;0.090000000000;0.283885649332;0.375442128783;0.947303192481
0.230000000000;0.110000000000;0.275766089943;0.430440164589;0.888912176039
0.230000000000;0.130000000000;0.266668042748;0.473623686482;0.828136683007
0.230000000000;0.150000000000;0.256821142484;0.505915901174;0.767436717580
0.230000000000;0.170000000000;0.246431406701;0.528618452380;0.708626211536
0.230000000000;0.190000000000;0.235676404389;0.543174439627;0.652926326416
0.230000000000;0.210000000000;0.224704429116;0.551004793478;0.601068677170
0.230000000000;0.230000000000;0.213636212650;0.553410823329;0.553410823329
0.230000000000;0.250000000000;0.202567996183;0.551527184351;0.510042638317
0.230000000000;0.270000000000;0.191575125276;0.546308784868;0.470874248710
0.230000000000;0.290000000000;0.180715644788;0.538538018415;0.435703648817
0.230000000000;0.310000000000;0.170033604539;0.528842493986;0.404265885210
0.230000000000;0.330000000000;0.159561945029;0.517716856619;0.376267167740
0.230000000000;0.350000000000;0.149324930274;0.505544899433;0.351407441484
0.230000000000;0.370000000000;0.139340149052;0.492619960398;0.329394538315
0.230000000000;0.390000000000;0.129620131858;0.479162731178;0.309952415428
0.230000000000;0.410000000000;0.120173639804;0.465336268678;0.292825381672
0.230000000000;0.430000000000;0.111006681111;0.451258353023;0.277779694373
0.230000000000;0.450000000000;0.102123305684;0.437011497570;0.264603500992
0.230000000000;0.470000000000;0.093526221208;0.422650967919;0.253105794176
0.230000000000;0.490000000000;0.085217266967;0.408211159412;0.243114827832
0.230000000000;0.510000000000;0.077197774832;0.393710647308;0.234476286570
0.230000000000;0.530000000000;0.069468841075;0.379156178342;0.227051394026
0.230000000000;0.550000000000;0.062031527698;0.364545826392;0.220715073614
0.230000000000;0.570000000000;0.054887008019;0.349871492713;0.215354227688
0.230000000000;0.590000000000;0.048036667990;0.335120894688;0.210866170292
0.230000000000;0.610000000000;0.041482172231;0.320279156428;0.207157229266
0.230000000000;0.630000000000;0.035225501733;0.305330089361;0.204141521562
0.230000000000;0.650000000000;0.029268968657;0.290257230640;0.201739898621
0.230000000000;0.670000000000;0.023615212507;0.275044690793;0.199879054769
0.230000000000;0.690000000000;0.018267181025;0.259677848990;0.198490789563
0.230000000000;0.710000000000;0.013228098547;0.244143923897;0.197511414012
0.230000000000;0.730000000000;0.008501424069;0.228432439858;0.196881290208
0.230000000000;0.750000000000;0.004090800953;0.212535601733;0.196544493579
0.230000000000;0.770000000000;-0.000000000000;0.196448586752;0.196448586752
0.230000000000;0.790000000000;-0.003767142517;0.180169758120;0.196544493579
0.230000000000;0.810000000000;-0.007206790325;0.163700802478;0.196786461347
0.230000000000;0.830000000000;-0.010315174616;0.147046791818;0.197132098570
0.230000000000;0.850000000000;-0.013088661998;0.130216169679;0.197542474990
0.230000000000;0.870000000000;-0.015523821403;0.113220661564;0.197982269822
0.230000000000;0.890000000000;-0.017617488460;0.096075110254;0.198419953731
0.230000000000;0.910000000000;-0.019366825813;0.078797238009;0.198827989860
0.230000000000;0.930000000000;-0.020769377980;0.061407339375;0.199183039343
0.230000000000;0.950000000000;-0.021823119388;0.043927910349;0.199466157442
0.230000000000;0.970000000000;-0.022526494394;0.026383221736;0.199662967585
0.230000000000;0.990000000000;-0.022878448258;0.008798846587;0.199763802301
0.250000000000;0.010000000000;0.281015090870;0.040886991703;1.003785516571
0.250000000000;0.030000000000;0.279379611202;0.121084340524;0.990872998203
0.250000000000;0.050000000000;0.276171717249;0.196760286404;0.966092974059
0.250000000000;0.070000000000;0.271509199746;0.265535373848;0.931319268761
0.250000000000;0.090000000000;0.265550302295;0.325802735502;0.888909488860
0.250000000000;0.110000000000;0.258477090326;0.376764166809;0.841346412546
0.250000000000;0.130000000000;0.250479735623;0.418331610853;0.790951480565
0.250000000000;0.150000000000;0.241743825892;0.450955497181;0.739705819003
0.250000000000;0.170000000000;0.232441515736;0.475436538777;0.689173517311
0.250000000000;0.190000000000;0.222726364340;0.492758489142;0.640501083030
0.250000000000;0.210000000000;0.212731176170;0.503959203934;0.594462851914
0.250000000000;0.230000000000;0.202567996183;0.510042638317;0.551527184351
0.250000000000;0.250000000000;0.192329470637;0.511926277294;0.511926277294
0.250000000000;0.270000000000;0.182090945091;0.510415473603;0.475719812906
0.250000000000;0.290000000000;0.171912851693;0.506196215654;0.442848109023
0.250000000000;0.310000000000;0.161843096465;0.499839309916;0.413173855171
0.250000000000;0.330000000000;0.151919279296;0.491810794666;0.386513350394
0.250000000000;0.350000000000;0.142170664679;0.482485075645;0.362658935038
0.250000000000;0.370000000000;0.132619876271;0.472158592461;0.341394466980
0.250000000000;0.390000000000;0.123284320980;0.461062769498;0.322505538947
0.250000000000;0.410000000000;0.114177365491;0.449375634727;0.305785855424
0.250000000000;0.430000000000;0.105309295591;0.437231882582;0.291040888421
0.250000000000;0.450000000000;0.096688090187;0.424731384572;0.278089660407
0.250000000000;0.470000000000;0.088320040208;0.411946270766;0.266765278219
0.250000000000;0.490000000000;0.080210239357;0.398926757409;0.256914665652
0.250000000000;0.510000000000;0.072362969912;0.385705908835;0.248397809429
0.250000000000;0.530000000000;0.064782003003;0.372303513355;0.241086735612
0.250000000000;0.550000000000;0.057470829378;0.358729234089;0.234864363244
0.250000000000;0.570000000000;0.050432833640;0.344985173224;0.229623332603
0.250000000000;0.590000000000;0.043671422449;0.331067965595;0.225264871031
0.250000000000;0.610000000000;0.037190115016;0.316970496466;0.221697735915
0.250000000000;0.630000000000;0.030992602590;0.302683319866;0.218837258580
0.250000000000;0.650000000000;0.025082782222;0.288195837807;0.216604502382
0.250000000000;0.670000000000;0.019464769078;0.273497287242;0.214925541421
0.250000000000;0.690000000000;0.014142890732;0.258577570256;0.213730861701
0.250000000000;0.710000000000;0.009121666267;0.243427953692;0.212954883533
0.250000000000;0.730000000000;0.004405772584;0.228041656685;0.212535601733
0.250000000000;0.750000000000;-0.000000000000;0.212414338432;0.212414338432
0.250000000000;0.770000000000;-0.004090800953;0.196544493579;0.212535601733
0.250000000000;0.790000000000;-0.007861779743;0.180433758922;0.212847041887
0.250000000000;0.810000000000;-0.011308151310;0.164087132483;0.213299495119
0.250000000000;0.830000000000;-0.014425265042;0.147513104379;0.213847103561
0.250000000000;0.850000000000;-0.017208675485;0.130723698292;0.214447498225
0.250000000000;0.870000000000;-0.019654212974;0.113734422531;0.215062030463
0.250000000000;0.890000000000;-0.021758052386;0.096564130742;0.215656036189
0.250000000000;0.910000000000;-0.023516778204;0.079234794009;0.216199116380
0.250000000000;0.930000000000;-0.024927444147;0.061771188362;0.216665417104
0.250000000000;0.950000000000;-0.025987625738;0.044200504264;0.217033892804
0.250000000000;0.970000000000;-0.026695464317;0.026551887433;0.217288537668
0.250000000000;0.990000000000;-0.027049701236;0.008855922956;0.217418571844
0.270000000000;0.010000000000;0.261757120373;0.035219049813;0.927679475055
0.270000000000;0.030000000000;0.260348358380;0.104498770738;0.917501969973
0.270000000000;0.050000000000;0.257577169543;0.170433850902;0.897852976245
0.270000000000;0.070000000000;0.253531004344;0.231197494143;0.870020535891
0.270000000000;0.090000000000;0.248329269777;0.285469272567;0.835669081652
0.270000000000;0.110000000000;0.242112233441;0.332482156294;0.796612504719
0.270000000000;0.130000000000;0.235029983526;0.371983092939;0.754617007703
0.270000000000;0.150000000000;0.227232909724;0.404137937919;0.711261560557
0.270000000000;0.170000000000;0.218864466009;0.429413716406;0.667860955674
0.270000000000;0.190000000000;0.210056361068;0.448463774230;0.625441636478
0.270000000000;0.210000000000;0.200925915040;0.462030894800;0.584754463103
0.270000000000;0.230000000000;0.191575125276;0.470874248710;0.546308784868
0.270000000000;0.250000000000;0.182090945091;0.475719812906;0.510415473603
0.270000000000;0.270000000000;0.172546332759;0.477230616597;0.477230616597
0.270000000000;0.290000000000;0.163001720427;0.475992060681;0.446795119198
0.270000000000;0.310000000000;0.153506650332;0.472507735357;0.419068076058
0.270000000000;0.330000000000;0.144101411013;0.467201936486;0.393953443628
0.270000000000;0.350000000000;0.134818572873;0.460426016018;0.371320481294
0.270000000000;0.370000000000;0.125684370372;0.452466564306;0.351018855619
0.270000000000;0.390000000000;0.116719910300;0.443554119623;0.332889417955
0.270000000000;0.410000000000;0.107942205588;0.433871618152;0.316771612657
0.270000000000;0.430000000000;0.099365045574;0.423562158005;0.302508343480
0.270000000000;0.450000000000;0.090999719267;0.412735887369;0.289948973994
0.270000000000;0.470000000000;0.082855610080;0.401475973163;0.278950992644
0.270000000000;0.490000000000;0.074940680341;0.389843690622;0.269380747125
0.270000000000;0.510000000000;0.067261862455;0.377882717268;0.261113549884
0.270000000000;0.530000000000;0.059825371650;0.365622732157;0.254033375748
0.270000000000;0.550000000000;0.052636953168;0.353082423383;0.248032311148
0.270000000000;0.570000000000;0.045702074715;0.340272000499;0.243009868448
0.270000000000;0.590000000000;0.039026073149;0.327195298001;0.238872245313
0.270000000000;0.610000000000;0.032614262795;0.313851543977;0.235531584785
0.270000000000;0.630000000000;0.026472011389;0.300236855828;0.232905274461
0.270000000000;0.650000000000;0.020604788562;0.286345513481;0.230915310907
0.270000000000;0.670000000000;0.015018190850;0.272171050111;0.229487746830
0.270000000000;0.690000000000;0.009717946557;0.257707191102;0.228552232286
0.270000000000;0.710000000000;0.004709903206;0.242948663929;0.228041656685
0.270000000000;0.730000000000;-0.000000000000;0.227891894758;0.227891894758
0.270000000000;0.750000000000;-0.004405772584;0.212535601733;0.228041656685
0.270000000000;0.770000000000;-0.008501424069;0.196881290208;0.228432439858
0.270000000000;0.790000000000;-0.012281024192;0.180933651507;0.229008577119
0.270000000000;0.810000000000;-0.015738770130;0.164700864152;0.229717373682
0.270000000000;0.830000000000;-0.018869058759;0.148194794924;0.230509322331
0.270000000000;0.850000000000;-0.021666561927;0.131431096580;0.231338383887
0.270000000000;0.870000000000;-0.024126302622;0.114429199528;0.232162317614
0.270000000000;0.890000000000;-0.026243729908;0.097212196172;0.232943044183
0.270000000000;0.910000000000;-0.028014790469;0.079806618924;0.233647022367
0.270000000000;0.930000000000;-0.029435994665;0.062242115799;0.234245619890
0.270000000000;0.950000000000;-0.030504475101;0.044551030913;0.234715459002
0.270000000000;0.970000000000;-0.031218035901;0.026767900775;0.235038718438
0.270000000000;0.990000000000;-0.031575191132;0.008928880762;0.235203375563
0.290000000000;0.010000000000;0.243907911868;0.030709486622;0.861750938621
0.290000000000;0.030000000000;0.242679532403;0.091257841713;0.853602430390
0.290000000000;0.050000000000;0.240257598199;0.149278852322;0.837796425055
0.290000000000;0.070000000000;0.236708378310;0.203351479255;0.815240816907
0.290000000000;0.090000000000;0.232123539029;0.252394704330;0.787133797139
0.290000000000;0.110000000000;0.226612590137;0.295712092860;0.754817516976
0.290000000000;0.130000000000;0.220295055315;0.332980666691;0.719642484970
0.290000000000;0.150000000000;0.213293363469;0.364199445152;0.682862459849
0.290000000000;0.170000000000;0.205727077509;0.389616614698;0.645567108349
0.290000000000;0.190000000000;0.197708698881;0.409651996572;0.608650044105
0.290000000000;0.210000000000;0.189340997646;0.424826352325;0.572804579154
0.290000000000;0.230000000000;0.180715644788;0.435703648817;0.538538018415
0.290000000000;0.250000000000;0.171912851693;0.442848109023;0.506196215654
0.290000000000;0.270000000000;0.163001720427;0.446795119198;0.475992060681
0.290000000000;0.290000000000;0.154041046925;0.448033675115;0.448033675115
0.290000000000;0.310000000000;0.145080373423;0.446997634345;0.422349886236
0.290000000000;0.330000000000;0.136161141551;0.444063199902;0.398911866764
0.290000000000;0.350000000000;0.127317845427;0.439550487636;0.377650690892
0.290000000000;0.370000000000;0.118579122046;0.433727529122;0.358471056247
0.290000000000;0.390000000000;0.109968744262;0.426815526536;0.341261664596
0.290000000000;0.410000000000;0.101506500984;0.418994560253;0.325902833770
0.290000000000;0.430000000000;0.093208961852;0.410409243919;0.312271898848
0.290000000000;0.450000000000;0.085090131228;0.401174033735;0.300246899446
0.290000000000;0.470000000000;0.077162000502;0.391378043897;0.289708971235
0.290000000000;0.490000000000;0.069435009472;0.381089314649;0.280543780322
0.290000000000;0.510000000000;0.061918427916;0.370358537458;0.272642267233
0.290000000000;0.530000000000;0.054620667974;0.359222274620;0.265900906349
0.290000000000;0.550000000000;0.047549536932;0.347705726789;0.260221637153
0.290000000000;0.570000000000;0.040712438902;0.335825107388;0.255511584729
0.290000000000;0.590000000000;0.034116532636;0.323589681931;0.251682656987
0.290000000000;0.610000000000;0.027768851625;0.311003525614;0.248651083451
0.290000000000;0.630000000000;0.021676391611;0.298067045988;0.246336943570
0.290000000000;0.650000000000;0.015846169785;0.284778310176;0.244663719956
0.290000000000;0.670000000000;0.010285259204;0.271134208621;0.243557902707
0.290000000000;0.690000000000;0.005000801440;0.257131480111;0.242948663929
0.290000000000;0.710000000000;-0.000000000000;0.242767616163;0.242767616163
0.290000000000;0.730000000000;-0.004709903206;0.228041656685;0.242948663929
0.290000000000;0.750000000000;-0.009121666267;0.212954883533;0.243427953692
0.290000000000;0.770000000000;-0.013228098547;0.197511414012;0.244143923897
0.290000000000;0.790000000000;-0.017022122828;0.181718692746;0.245037453047
0.290000000000;0.810000000000;-0.020496846257;0.165587877695;0.246052100160
0.290000000000;0.830000000000;-0.023645637936;0.149134114584;0.247134428193
0.290000000000;0.850000000000;-0.026462210841;0.132376693576;0.248234397377
0.290000000000;0.870000000000;-0.028940705679;0.115339082828;0.249305811924
0.290000000000;0.890000000000;-0.031075774154;0.098048835494;0.250306800564
0.290000000000;0.910000000000;-0.032862659098;0.080537369715;0.251200309013
0.290000000000;0.930000000000;-0.034297268942;0.062839624997;0.251954581086
0.290000000000;0.950000000000;-0.035376244098;0.044993602813;0.252543604876
0.290000000000;0.970000000000;-0.036097013055;0.027039803993;0.252947501521
0.290000000000;0.990000000000;-0.036457836258;0.009020580081;0.253152836406
0.310000000000;0.010000000000;0.227287082828;0.027070541582;0.803970910418
0.310000000000;0.030000000000;0.226204261165;0.080544257172;0.797360387912
0.310000000000;0.050000000000;0.224065312541;0.132072237418;0.784489476679
0.310000000000;0.070000000000;0.220921371668;0.180534866227;0.766012509541
0.310000000000;0.090000000000;0.216843917892;0.225045972637;0.742807773020
0.310000000000;0.110000000000;0.211919532762;0.264990844125;0.715881281076
0.310000000000;0.130000000000;0.206244284127;0.300028035812;0.686272955352
0.310000000000;0.150000000000;0.199918411330;0.330062561299;0.654978685519
0.310000000000;0.170000000000;0.193041781675;0.355201300662;0.622894973770
0.310000000000;0.190000000000;0.185710359303;0.375701245034;0.590786852438
0.310000000000;0.210000000000;0.178013731874;0.391918869110;0.559275790992
0.310000000000;0.230000000000;0.170033604539;0.404265885210;0.528842493986
0.310000000000;0.250000000000;0.161843096465;0.413173855171;0.499839309916
0.310000000000;0.270000000000;0.153506650332;0.419068076058;0.472507735357
0.310000000000;0.290000000000;0.145080373423;0.422349886236;0.446997634345
0.310000000000;0.310000000000;0.136612654883;0.423385927006;0.423385927006
0.310000000000;0.330000000000;0.128144936343;0.422502741143;0.401693446299
0.310000000000;0.350000000000;0.119712545237;0.419985205501;0.381899359265
0.310000000000;0.370000000000;0.111345528123;0.416077538009;0.363953013880
0.310000000000;0.390000000000;0.103069443717;0.410985897146;0.347783350411
0.310000000000;0.410000000000;0.094906092237;0.404881852405;0.333306158980
0.310000000000;0.430000000000;0.086874169620;0.397906223681;0.320429518697
0.310000000000;0.450000000000;0.078989843289;0.390172959756;0.309057753706
0.310000000000;0.470000000000;0.071267251230;0.381772854040;0.299094212530
0.310000000000;0.490000000000;0.063718929128;0.372776986620;0.290443135695
0.310000000000;0.510000000000;0.056356171765;0.363239843295;0.283010832377
0.310000000000;0.530000000000;0.049189335396;0.353202102076;0.276706345261
0.310000000000;0.550000000000;0.042228087682;0.342693101763;0.271441746385
0.310000000000;0.570000000000;0.035481611326;0.331733020333;0.267132176328
0.310000000000;0.590000000000;0.028958766869;0.320334796723;0.263695714453
0.310000000000;0.610000000000;0.022668219457;0.308505830561;0.261053148464
0.310000000000;0.630000000000;0.016618533647;0.296249492333;0.259127696413
0.310000000000;0.650000000000;0.010818239763;0.283566472617;0.257844722641
0.310000000000;0.670000000000;0.005275874742;0.270455994083;0.257131480111
0.310000000000;0.690000000000;-0.000000000000;0.256916904559;0.256916904559
0.310000000000;0.710000000000;-0.005000801440;0.242948663929;0.257131480111
0.310000000000;0.730000000000;-0.009717946557;0.228552232286;0.257707191102
0.310000000000;0.750000000000;-0.014142890732;0.213730861701;0.258577570256
0.310000000000;0.770000000000;-0.018267181025;0.198490789563;0.259677848990
0.310000000000;0.790000000000;-0.022082522314;0.182841827770;0.260945211013
0.310000000000;0.810000000000;-0.025580854136;0.166797839298;0.262319145717
0.310000000000;0.830000000000;-0.028754435886;0.150377092141;0.263741892904
0.310000000000;0.850000000000;-0.031595937822;0.133602480311;0.265158965503
0.310000000000;0.870000000000;-0.034098535099;0.116501602715;0.266519732141
0.310000000000;0.890000000000;-0.036256001930;0.099106693261;0.267778037134
0.310000000000;0.910000000000;-0.038062802829;0.081454399446;0.268892832037
0.310000000000;0.930000000000;-0.039514177908;0.063585411662;0.269828790563
0.310000000000;0.950000000000;-0.040606219296;0.045543951348;0.270556877897
0.310000000000;0.970000000000;-0.041335935962;0.027377132305;0.271054846364
0.310000000000;0.990000000000;-0.041701304588;0.009134215647;0.271307632133
0.330000000000;0.010000000000;0.211749075451;0.024098964116;0.752801404720
0.330000000000;0.030000000000;0.210785116886;0.071776407974;0.747378734161
0.330000000000;0.050000000000;0.208878019132;0.117930973952;0.736788584207
0.330000000000;0.070000000000;0.206067877928;0.161669775597;0.721511971559
0.330000000000;0.090000000000;0.202411228108;0.202263475865;0.702203504325
0.330000000000;0.110000000000;0.197977338894;0.239177275191;0.679626878957
0.330000000000;0.130000000000;0.192844137101;0.272078071133;0.654589369841
0.330000000000;0.150000000000;0.187094216048;0.300821463570;0.627884353106
0.330000000000;0.170000000000;0.180811278558;0.325424781616;0.600247248773
0.330000000000;0.190000000000;0.174077224784;0.346032813794;0.572326600885
0.330000000000;0.210000000000;0.166969966006;0.362881993872;0.544669238391
0.330000000000;0.230000000000;0.159561945029;0.376267167740;0.517716856619
0.330000000000;0.250000000000;0.151919279296;0.386513350394;0.491810794666
0.330000000000;0.270000000000;0.144101411013;0.393953443628;0.467201936486
0.330000000000;0.290000000000;0.136161141551;0.398911866764;0.444063199902
0.330000000000;0.310000000000;0.128144936343;0.401693446299;0.422502741143
0.330000000000;0.330000000000;0.120093403699;0.402576632162;0.402576632162
0.330000000000;0.350000000000;0.112041871056;0.401810055216;0.384300285989
0.330000000000;0.370000000000;0.104021001491;0.399611520268;0.367658289596
0.330000000000;0.390000000000;0.096057410245;0.396168671636;0.352612564190
0.330000000000;0.410000000000;0.088174254625;0.391640728538;0.339108933040
0.330000000000;0.430000000000;0.080391781104;0.386160838645;0.327082263254
0.330000000000;0.450000000000;0.072727821079;0.379838727568;0.316460384151
0.330000000000;0.470000000000;0.065198232001;0.372763425886;0.307166989483
0.330000000000;0.490000000000;0.057817284044;0.365005934497;0.299123717550
0.330000000000;0.510000000000;0.050597994621;0.356621747024;0.292251581321
0.330000000000;0.530000000000;0.043552414163;0.347653188627;0.286471895933
0.330000000000;0.550000000000;0.036691867076;0.338131557856;0.281706826797
0.330000000000;0.570000000000;0.030027151849;0.328079075457;0.277879659745
0.330000000000;0.590000000000;0.023568704058;0.317510654067;0.274914876035
0.330000000000;0.610000000000;0.017326725686;0.306435507574;0.272738099537
0.330000000000;0.630000000000;0.011311283755;0.294858620165;0.271275970977
0.330000000000;0.650000000000;0.005532380880;0.282782093874;0.270455994083
0.330000000000;0.670000000000;-0.000000000000;0.270206390538;0.270206390538
0.330000000000;0.690000000000;-0.005275874742;0.257131480111;0.270455994083
0.330000000000;0.710000000000;-0.010285259204;0.243557902707;0.271134208621
0.330000000000;0.730000000000;-0.015018190850;0.229487746830;0.272171050111
0.330000000000;0.750000000000;-0.019464769078;0.214925541421;0.273497287242
0.330000000000;0.770000000000;-0.023615212507;0.199879054769;0.275044690793
0.330000000000;0.790000000000;-0.027459931268;0.184359989473;0.276746396299
0.330000000000;0.810000000000;-0.030989612086;0.168384559585;0.278537378792
0.330000000000;0.830000000000;-0.034195313652;0.151973934370;0.280355032201
0.330000000000;0.850000000000;-0.037068569461;0.135154532813;0.282139839592
0.330000000000;0.870000000000;-0.039601494964;0.117958154458;0.283836114003
0.330000000000;0.890000000000;-0.041786895639;0.100421935390;0.285392783793
0.330000000000;0.910000000000;-0.043618372380;0.082588123145;0.286764191439
0.330000000000;0.930000000000;-0.045090420565;0.064503670857;0.287910871233
0.330000000000;0.950000000000;-0.046198519214;0.046219658614;0.288800269784
0.330000000000;0.970000000000;-0.046939206909;0.027790558230;0.289407373905
0.330000000000;0.990000000000;-0.047310141543;0.009273365850;0.289715213630
0.350000000000;0.010000000000;0.197175026639;0.021647871023;0.707054569582
0.350000000000;0.030000000000;0.196309111798;0.064531436659;0.702564559805
0.350000000000;0.050000000000;0.194593769173;0.106205474816;0.693774154428
0.350000000000;0.070000000000;0.192060892805;0.145949786345;0.681043288164
0.350000000000;0.090000000000;0.188755777719;0.183160880035;0.664867393762
0.350000000000;0.110000000000;0.184734457604;0.217376709641;0.645833360588
0.350000000000;0.130000000000;0.180060709333;0.248285509961;0.624573291949
0.350000000000;0.150000000000;0.174803037206;0.275720440230;0.601722108293
0.350000000000;0.170000000000;0.169031891724;0.299643548440;0.577883067329
0.350000000000;0.190000000000;0.162817295268;0.320123234653;0.553603063937
0.350000000000;0.210000000000;0.156226962338;0.337309124845;0.529357705070
0.350000000000;0.230000000000;0.149324930274;0.351407441484;0.505544899433
0.350000000000;0.250000000000;0.142170664679;0.362658935038;0.482485075645
0.350000000000;0.270000000000;0.134818572873;0.371320481294;0.460426016018
0.350000000000;0.290000000000;0.127317845427;0.377650690892;0.439550487636
0.350000000000;0.310000000000;0.119712545237;0.381899359265;0.419985205501
0.350000000000;0.330000000000;0.112041871056;0.384300285989;0.401810055216
0.350000000000;0.350000000000;0.104340533797;0.385066862935;0.385066862935
0.350000000000;0.370000000000;0.096639196539;0.384389816210;0.369767294323
0.350000000000;0.390000000000;0.088964941149;0.382436540591;0.355899683714
0.350000000000;0.410000000000;0.081341734915;0.379351551468;0.343434745736
0.350000000000;0.430000000000;0.073790879090;0.375257674792;0.332330217128
0.350000000000;0.450000000000;0.066331427923;0.370257685985;0.322534530160
0.350000000000;0.470000000000;0.058980571651;0.364436187439;0.313989643701
0.350000000000;0.490000000000;0.051753980426;0.357861578458;0.306633163702
0.350000000000;0.510000000000;0.044666108513;0.350588021678;0.300399879422
0.350000000000;0.530000000000;0.037730459559;0.342657347553;0.295222830354
0.350000000000;0.550000000000;0.030959814610;0.334100865575;0.291034005125
0.350000000000;0.570000000000;0.024366424936;0.324941069571;0.287764759822
0.350000000000;0.590000000000;0.017962171828;0.315193236515;0.285346030404
0.350000000000;0.610000000000;0.011758695475;0.304866925503;0.283708402674
0.350000000000;0.630000000000;0.005767494808;0.293967386879;0.282782093874
0.350000000000;0.650000000000;-0.000000000000;0.282496892178;0.282496892178
0.350000000000;0.670000000000;-0.005532380880;0.270455994083;0.282782093874
0.350000000000;0.690000000000;-0.010818239763;0.257844722641;0.283566472617
0.350000000000;0.710000000000;-0.015846169785;0.244663719956;0.284778310176
0.350000000000;0.730000000000;-0.020604788562;0.230915310907;0.286345513481
0.350000000000;0.750000000000;-0.025082782222;0.216604502382;0.288195837807
0.350000000000;0.770000000000;-0.029268968657;0.201739898621;0.290257230640
0.350000000000;0.790000000000;-0.033152378166;0.186334515769;0.292458304600
0.350000000000;0.810000000000;-0.036722349288;0.170406475200;0.294728940949
0.350000000000;0.830000000000;-0.039968637174;0.153979552941;0.297001017518
0.350000000000;0.850000000000;-0.042881531405;0.137083562112;0.299209246661
0.350000000000;0.870000000000;-0.045451979659;0.119754546916;0.301292100485
0.350000000000;0.890000000000;-0.047671713282;0.102034770697;0.303192792598
0.350000000000;0.910000000000;-0.049533370487;0.083972486885;0.304860278692
0.350000000000;0.930000000000;-0.051030612757;0.065621490007;0.306250233145
0.350000000000;0.950000000000;-0.052158230087;0.047040454021;0.307325956101
0.350000000000;0.970000000000;-0.052912230918;0.028292076151;0.308059165842
0.350000000000;0.990000000000;-0.053289913133;0.009442055372;0.308430634852
0.370000000000;0.010000000000;0.183466892668;0.019608954339;0.665797744220
0.370000000000;0.030000000000;0.182682534494;0.058495992821;0.662050781049
0.370000000000;0.050000000000;0.181127052955;0.096409702311;0.654700185536
0.370000000000;0.070000000000;0.178826146402;0.132763014932;0.644019632906
0.370000000000;0.090000000000;0.175816532358;0.167053548289;0.630389421973
0.370000000000;0.110000000000;0.172144004470;0.198883173378;0.614265877681
0.370000000000;0.130000000000;0.167861205423;0.227966818839;0.596148329076
0.370000000000;0.150000000000;0.163025331717;0.254131238949;0.576547720786
0.370000000000;0.170000000000;0.157695955865;0.277305737260;0.555959848315
0.370000000000;0.190000000000;0.151933102226;0.297507451534;0.534844882464
0.370000000000;0.210000000000;0.145795657803;0.314823829368;0.513613618518
0.370000000000;0.230000000000;0.139340149052;0.329394538315;0.492619960398
0.370000000000;0.250000000000;0.132619876271;0.341394466980;0.472158592461
0.370000000000;0.270000000000;0.125684370372;0.351018855619;0.452466564306
0.370000000000;0.290000000000;0.118579122046;0.358471056247;0.433727529122
0.370000000000;0.310000000000;0.111345528123;0.363953013880;0.416077538009
0.370000000000;0.330000000000;0.104021001491;0.367658289596;0.399611520268
0.370000000000;0.350000000000;0.096639196539;0.369767294323;0.384389816210
0.370000000000;0.370000000000;0.089230309718;0.370444341048;0.370444341048
0.370000000000;0.390000000000;0.081821422897;0.369836123049;0.357784130608
0.370000000000;0.410000000000;0.074436864796;0.368071261952;0.346400149063
0.370000000000;0.430000000000;0.067098572419;0.365260623069;0.336269329360
0.370000000000;0.450000000000;0.059826439873;0.361498154141;0.327357875662
0.370000000000;0.470000000000;0.052638646253;0.356862059427;0.319623891460
0.370000000000;0.490000000000;0.045551957496;0.351416170218;0.313019414133
0.370000000000;0.510000000000;0.038581999444;0.345211413677;0.307491942312
0.370000000000;0.530000000000;0.031743500949;0.338287314330;0.302985540937
0.370000000000;0.550000000000;0.025050506871;0.330673487323;0.299441603526
0.370000000000;0.570000000000;0.018516561456;0.322391100736;0.296799344012
0.370000000000;0.590000000000;0.012154862842;0.313454296919;0.294996083085
0.370000000000;0.610000000000;0.005978389579;0.303871571045;0.293967386879
0.370000000000;0.630000000000;-0.000000000000;0.293647109669;0.293647109669
0.370000000000;0.650000000000;-0.005767494808;0.282782093874;0.293967386879
0.370000000000;0.670000000000;-0.011311283755;0.271275970977;0.294858620165
0.370000000000;0.690000000000;-0.016618533647;0.259127696413;0.296249492333
0.370000000000;0.710000000000;-0.021676391611;0.246336943570;0.298067045988
0.370000000000;0.730000000000;-0.026472011389;0.232905274461;0.300236855828
0.370000000000;0.750000000000;-0.030992602590;0.218837258580;0.302683319866
0.370000000000;0.770000000000;-0.035225501733;0.204141521562;0.305330089361
0.370000000000;0.790000000000;-0.039158263452;0.188831699782;0.308100650511
0.370000000000;0.810000000000;-0.042778769724;0.172927272503;0.310919062887
0.370000000000;0.830000000000;-0.046075354353;0.156454240082;0.313710850261
0.370000000000;0.850000000000;-0.049036939327;0.139445615780;0.316404029049
0.370000000000;0.870000000000;-0.051653178984;0.121941700395;0.318930248679
0.370000000000;0.890000000000;-0.053914607343;0.103990113597;0.321226007419
0.370000000000;0.910000000000;-0.055812783528;0.085645563692;0.323233897587
0.370000000000;0.930000000000;-0.057340429891;0.066969348266;0.324903826555
0.370000000000;0.950000000000;-0.058491557458;0.048028591310;0.326194155632
0.370000000000;0.970000000000;-0.059261573543;0.028895236981;0.327072698509
0.370000000000;0.990000000000;-0.059647366938;0.009644834860;0.327517525085
0.390000000000;0.010000000000;0.170543116870;0.017900907851;0.628287882030
0.390000000000;0.030000000000;0.169827080556;0.053433877975;0.625140634633
0.390000000000;0.050000000000;0.168405761751;0.088174326674;0.618956173763
0.390000000000;0.070000000000;0.166300107489;0.121639022782;0.609945635950
0.390000000000;0.090000000000;0.163540200840;0.153407124810;0.598404783544
0.390000000000;0.110000000000;0.160163822497;0.183135616744;0.584692399086
0.390000000000;0.130000000000;0.156214776170;0.210567353066;0.569206425889
0.390000000000;0.150000000000;0.151741128374;0.235531959469;0.552360597460
0.390000000000;0.170000000000;0.146793497791;0.257940710118;0.534563722682
0.390000000000;0.190000000000;0.141423499969;0.277777004856;0.516202999084
0.390000000000;0.210000000000;0.135682417597;0.295084202779;0.497631926141
0.390000000000;0.230000000000;0.129620131858;0.309952415428;0.479162731178
0.390000000000;0.250000000000;0.123284320980;0.322505538947;0.461062769498
0.390000000000;0.270000000000;0.116719910300;0.332889417955;0.443554119623
0.390000000000;0.290000000000;0.109968744262;0.341261664596;0.426815526536
0.390000000000;0.310000000000;0.103069443717;0.347783350411;0.410985897146
0.390000000000;0.330000000000;0.096057410245;0.352612564190;0.396168671636
0.390000000000;0.350000000000;0.088964941149;0.355899683714;0.382436540591
0.390000000000;0.370000000000;0.081821422897;0.357784130608;0.369836123049
0.390000000000;0.390000000000;0.074653575925;0.358392348606;0.358392348606
0.390000000000;0.410000000000;0.067485728953;0.357836750220;0.348112390548
0.390000000000;0.430000000000;0.060340105916;0.356215401390;0.338989075589
0.390000000000;0.450000000000;0.053237112897;0.353612248084;0.331003751666
0.390000000000;0.470000000000;0.046195615993;0.350097725911;0.324128632343
0.390000000000;0.490000000000;0.039233203861;0.345729629310;0.318328659060
0.390000000000;0.510000000000;0.032366430820;0.340554148482;0.313562934754
0.390000000000;0.530000000000;0.025611037921;0.334607008767;0.309785787557
0.390000000000;0.550000000000;0.018982150469;0.327914668651;0.306947524029
0.390000000000;0.570000000000;0.012494451175;0.320495549130;0.304994929617
0.390000000000;0.590000000000;0.006162328504;0.312361279382;0.303871571045
0.390000000000;0.610000000000;-0.000000000000;0.303517952087;0.303517952087
0.390000000000;0.630000000000;-0.005978389579;0.293967386879;0.303871571045
0.390000000000;0.650000000000;-0.011758695475;0.283708402674;0.304866925503
0.390000000000;0.670000000000;-0.017326725686;0.272738099537;0.306435507574
0.390000000000;0.690000000000;-0.022668219457;0.261053148464;0.308505830561
0.390000000000;0.710000000000;-0.027768851625;0.248651083451;0.311003525614
0.390000000000;0.730000000000;-0.032614262795;0.235531584785;0.313851543977
0.390000000000;0.750000000000;-0.037190115016;0.221697735915;0.316970496466
0.390000000000;0.770000000000;-0.041482172231;0.207157229266;0.320279156428
0.390000000000;0.790000000000;-0.045476404187;0.191923489295;0.323695145195
0.390000000000;0.810000000000;-0.049159111803;0.176016674949;0.327135809827
0.390000000000;0.830000000000;-0.052517071185;0.159464519103;0.330519291588
0.390000000000;0.850000000000;-0.055537692567;0.142302960531;0.333765770595
0.390000000000;0.870000000000;-0.058209189606;0.124576525286;0.336798857764
0.390000000000;0.890000000000;-0.060520753579;0.106338419604;0.339547090814
0.390000000000;0.910000000000;-0.062462726390;0.087650306021;0.341945477680
0.390000000000;0.930000000000;-0.064026765820;0.068581748053;0.343937019857
0.390000000000;0.950000000000;-0.065205996312;0.049209325974;0.345474141365
0.390000000000;0.970000000000;-0.065995138858;0.029615445603;0.346519947476
0.390000000000;0.990000000000;-0.066390614136;0.009886881948;0.347049241893
0.410000000000;0.010000000000;0.158335377387;0.016461706942;0.593925267237
0.410000000000;0.030000000000;0.157676909109;0.049164284553;0.591267701692
0.410000000000;0.050000000000;0.156368806005;0.081214703627;0.586038238931
0.410000000000;0.070000000000;0.154428320964;0.112211624713;0.578401953587
0.410000000000;0.090000000000;0.151880341016;0.141800311426;0.568591677166
0.410000000000;0.110000000000;0.148756308507;0.169684815723;0.556892509232
0.410000000000;0.130000000000;0.145092948387;0.195635017212;0.543624377933
0.410000000000;0.150000000000;0.140930907818;0.219488535742;0.529124520482
0.410000000000;0.170000000000;0.136313406957;0.241148138885;0.513731445868
0.410000000000;0.190000000000;0.131284982263;0.260575654994;0.497771465051
0.410000000000;0.210000000000;0.125890380758;0.277783561462;0.481548355783
0.410000000000;0.230000000000;0.120173639804;0.292825381672;0.465336268678
0.410000000000;0.250000000000;0.114177365491;0.305785855424;0.449375634727
0.410000000000;0.270000000000;0.107942205588;0.316771612657;0.433871618152
0.410000000000;0.290000000000;0.101506500984;0.325902833770;0.418994560253
0.410000000000;0.310000000000;0.094906092237;0.333306158980;0.404881852405
0.410000000000;0.330000000000;0.088174254625;0.339108933040;0.391640728538
0.410000000000;0.350000000000;0.081341734915;0.343434745736;0.379351551468
0.410000000000;0.370000000000;0.074436864796;0.346400149063;0.368071261952
0.410000000000;0.390000000000;0.067485728953;0.348112390548;0.357836750220
0.410000000000;0.410000000000;0.060512369174;0.348667988934;0.348667988934
0.410000000000;0.430000000000;0.053539009395;0.348151984187;0.340570830780
0.410000000000;0.450000000000;0.046586289806;0.346637710896;0.333539423071
0.410000000000;0.470000000000;0.039673500959;0.344186966821;0.327558227186
0.410000000000;0.490000000000;0.032818811134;0.340850472629;0.322603655009
0.410000000000;0.510000000000;0.026039482054;0.336668542174;0.318645350088
0.410000000000;0.530000000000;0.019352069447;0.331671903605;0.315647150507
0.410000000000;0.550000000000;0.012772605910;0.325882629383;0.313567775417
0.410000000000;0.570000000000;0.006316764271;0.319315147751;0.312361279382
0.410000000000;0.590000000000;-0.000000000000;0.311977319390;0.311977319390
0.410000000000;0.610000000000;-0.006162328504;0.303871571045;0.312361279382
0.410000000000;0.630000000000;-0.012154862842;0.294996083085;0.313454296919
0.410000000000;0.650000000000;-0.017962171828;0.285346030404;0.315193236515
0.410000000000;0.670000000000;-0.023568704058;0.274914876035;0.317510654067
0.410000000000;0.690000000000;-0.028958766869;0.263695714453;0.320334796723
0.410000000000;0.710000000000;-0.034116532636;0.251682656987;0.323589681931
0.410000000000;0.730000000000;-0.039026073149;0.238872245313;0.327195298001
0.410000000000;0.750000000000;-0.043671422449;0.225264871031;0.331067965595
0.410000000000;0.770000000000;-0.048036667990;0.210866170292;0.335120894688
0.410000000000;0.790000000000;-0.052106069260;0.195688353182;0.339264964016
0.410000000000;0.810000000000;-0.055864202117;0.179751418896;0.343409739636
0.410000000000;0.830000000000;-0.059296126016;0.163084200851;0.347464735671
0.410000000000;0.850000000000;-0.062387570151;0.145725181955;0.351340903980
0.410000000000;0.870000000000;-0.065125133294;0.127723020613;0.354952320967
0.410000000000;0.890000000000;-0.067496490976;0.109136733514;0.358218020392
0.410000000000;0.910000000000;-0.069490602635;0.090035492735;0.361063902463
0.410000000000;0.930000000000;-0.071097910685;0.070498011950;0.363424633828
0.410000000000;0.950000000000;-0.072310523113;0.050611518929;0.365245442493
0.410000000000;0.970000000000;-0.073122371442;0.030470337510;0.366483708138
0.410000000000;0.990000000000;-0.073529336613;0.010174129277;0.367110253119
0.430000000000;0.010000000000;0.146786106181;0.015243342305;0.562220217990
0.430000000000;0.030000000000;0.146176372489;0.045546849669;0.559966665965
0.430000000000;0.050000000000;0.144964232194;0.075308578569;0.555527126683
0.430000000000;0.070000000000;0.143164029346;0.104192461017;0.549032262301
0.430000000000;0.090000000000;0.140796533753;0.131897680456;0.540667462299
0.430000000000;0.110000000000;0.137888122128;0.158168317512;0.530661582745
0.430000000000;0.130000000000;0.134469801053;0.182799364316;0.519274056129
0.430000000000;0.150000000000;0.130576147555;0.205639027404;0.506781660668
0.430000000000;0.170000000000;0.126244239957;0.226587654687;0.493466075256
0.430000000000;0.190000000000;0.121512641367;0.245593914771;0.479603059471
0.430000000000;0.210000000000;0.116420483366;0.262649006405;0.465453763261
0.430000000000;0.230000000000;0.111006681111;0.277779694373;0.451258353023
0.430000000000;0.250000000000;0.105309295591;0.291040888421;0.437231882582
0.430000000000;0.270000000000;0.099365045574;0.302508343480;0.423562158005
0.430000000000;0.290000000000;0.093208961852;0.312271898848;0.410409243919
0.430000000000;0.310000000000;0.086874169620;0.320429518697;0.397906223681
0.430000000000;0.330000000000;0.080391781104;0.327082263254;0.386160838645
0.430000000000;0.350000000000;0.073790879090;0.332330217128;0.375257674792
0.430000000000;0.370000000000;0.067098572419;0.336269329360;0.365260623069
0.430000000000;0.390000000000;0.060340105916;0.338989075589;0.356215401390
0.430000000000;0.410000000000;0.053539009395;0.340570830780;0.348151984187
0.430000000000;0.430000000000;0.046717272685;0.341086835527;0.341086835527
0.430000000000;0.450000000000;0.039895535974;0.340599644490;0.335024882652
0.430000000000;0.470000000000;0.033093286905;0.339161957849;0.329961198321
0.430000000000;0.490000000000;0.026329057660;0.336816752212;0.325882383703
0.430000000000;0.510000000000;0.019620616817;0.333597643980;0.322767660082
0.430000000000;0.530000000000;0.012985151901;0.329529434096;0.320589688966
0.430000000000;0.550000000000;0.006439439453;0.324628797525;0.319315147751
0.430000000000;0.570000000000;-0.000000000000;0.318905093102;0.318905093102
0.430000000000;0.590000000000;-0.006316764271;0.312361279382;0.319315147751
0.430000000000;0.610000000000;-0.012494451175;0.304994929617;0.320495549130
0.430000000000;0.630000000000;-0.018516561456;0.296799344012;0.322391100736
0.430000000000;0.650000000000;-0.024366424936;0.287764759822;0.324941069571
0.430000000000;0.670000000000;-0.030027151849;0.277879659745;0.328079075457
0.430000000000;0.690000000000;-0.035481611326;0.267132176328;0.331733020333
0.430000000000;0.710000000000;-0.040712438902;0.255511584729;0.335825107388
0.430000000000;0.730000000000;-0.045702074715;0.243009868448;0.340272000499
0.430000000000;0.750000000000;-0.050432833640;0.229623332603;0.344985173224
0.430000000000;0.770000000000;-0.054887008019;0.215354227688;0.349871492713
0.430000000000;0.790000000000;-0.059047002747;0.200212334243;0.354834076546
0.430000000000;0.810000000000;-0.062895501389;0.184216446604;0.359773449030
0.430000000000;0.830000000000;-0.066415660612;0.167395683447;0.364589007480
0.430000000000;0.850000000000;-0.069591328726;0.149790545827;0.369180788686
0.430000000000;0.870000000000;-0.072407282445;0.131453641698;0.373451501731
0.430000000000;0.890000000000;-0.074849474394;0.112450001101;0.377308767324
0.430000000000;0.910000000000;-0.076905282489;0.092856919457;0.380667477953
0.430000000000;0.930000000000;-0.078563751173;0.072763288082;0.383452170499
0.430000000000;0.950000000000;-0.079815814012;0.052268400284;0.385599286642
0.430000000000;0.970000000000;-0.080654487184;0.031480256229;0.387059189463
0.430000000000;0.990000000000;-0.081075024261;0.010513426929;0.387797809326
0.450000000000;0.010000000000;0.135846568667;0.014208154917;0.532768720767
0.450000000000;0.030000000000;0.135278242470;0.042471193247;0.530851617494
0.450000000000;0.050000000000;0.134147720937;0.070280299964;0.527071339536
0.450000000000;0.070000000000;0.132467030472;0.097351960329;0.521532506636
0.450000000000;0.090000000000;0.130253642524;0.123429631869;0.514384326985
0.450000000000;0.110000000000;0.127529845197;0.148291409553;0.505812303319
0.450000000000;0.130000000000;0.124321986142;0.171755095135;0.496028603169
0.450000000000;0.150000000000;0.120659641392;0.193680554869;0.485261990806
0.450000000000;0.170000000000;0.116574763947;0.213969537688;0.473748135016
0.450000000000;0.190000000000;0.112100859884;0.232563342999;0.461720934314
0.450000000000;0.210000000000;0.107272230227;0.249438855014;0.449405284768
0.450000000000;0.230000000000;0.102123305684;0.264603500992;0.437011497570
0.450000000000;0.250000000000;0.096688090187;0.278089660407;0.424731384572
0.450000000000;0.270000000000;0.090999719267;0.289948973994;0.412735887369
0.450000000000;0.290000000000;0.085090131228;0.300246899446;0.401174033735
0.450000000000;0.310000000000;0.078989843289;0.309057753706;0.390172959756
0.450000000000;0.330000000000;0.072727821079;0.316460384151;0.379838727568
0.450000000000;0.350000000000;0.066331427923;0.322534530160;0.370257685985
0.450000000000;0.370000000000;0.059826439873;0.327357875662;0.361498154141
0.450000000000;0.390000000000;0.053237112897;0.331003751666;0.353612248084
0.450000000000;0.410000000000;0.046586289806;0.333539423071;0.346637710896
0.450000000000;0.430000000000;0.039895535974;0.335024882652;0.340599644490
0.450000000000;0.450000000000;0.033185294500;0.335512073689;0.335512073689
0.450000000000;0.470000000000;0.026475053027;0.335044467872;0.331379299743
0.450000000000;0.490000000000;0.019783515785;0.333656934390;0.328197021400
0.450000000000;0.510000000000;0.013128775651;0.331375847437;0.325953217570
0.450000000000;0.530000000000;0.006528481888;0.328219391274;0.324628797525
0.450000000000;0.550000000000;-0.000000000000;0.324198033519;0.324198033519
0.450000000000;0.570000000000;-0.006439439453;0.319315147751;0.324628797525
0.450000000000;0.590000000000;-0.012772605910;0.313567775417;0.325882629383
0.450000000000;0.610000000000;-0.018982150469;0.306947524029;0.327914668651
0.450000000000;0.630000000000;-0.025050506871;0.299441603526;0.330673487323
0.450000000000;0.650000000000;-0.030959814610;0.291034005125;0.334100865575
0.450000000000;0.670000000000;-0.036691867076;0.281706826797;0.338131557856
0.450000000000;0.690000000000;-0.042228087682;0.271441746385;0.342693101763
0.450000000000;0.710000000000;-0.047549536932;0.260221637153;0.347705726789
0.450000000000;0.730000000000;-0.052636953168;0.248032311148;0.353082423383
0.450000000000;0.750000000000;-0.057470829378;0.234864363244;0.358729234089
0.450000000000;0.770000000000;-0.062031527698;0.220715073614;0.364545826392
0.450000000000;0.790000000000;-0.066299432322;0.205590309499;0.370426400427
0.450000000000;0.810000000000;-0.070255140078;0.189506349831;0.376260972457
0.450000000000;0.830000000000;-0.073879686315;0.172491540507;0.381937056534
0.450000000000;0.850000000000;-0.077154801698;0.154587676206;0.387341741554
0.450000000000;0.870000000000;-0.080063193364;0.135850999251;0.392364129948
0.450000000000;0.890000000000;-0.082588841669;0.116352709735;0.396898069220
0.450000000000;0.910000000000;-0.084717301753;0.096178895910;0.400845071526
0.450000000000;0.930000000000;-0.086435997505;0.075429820639;0.404117283572
0.450000000000;0.950000000000;-0.087734494579;0.054218537893;0.406640344113
0.450000000000;0.970000000000;-0.088604739021;0.032668860194;0.408355953746
0.450000000000;0.990000000000;-0.089041248986;nan;0.409223985395
0.470000000000;0.010000000000;0.125475357350;0.013326239032;0.505234326818
0.470000000000;0.030000000000;0.124942307789;0.039849468437;0.503599743708
0.470000000000;0.050000000000;0.123881378613;0.065989467711;0.500374107331
0.470000000000;0.070000000000;0.122302729080;0.091505448466;0.495642097722
0.470000000000;0.090000000000;0.120221160674;0.116177477138;0.489525035687
0.470000000000;0.110000000000;0.117655629995;0.139812593696;0.482174700375
0.470000000000;0.130000000000;0.114628656926;0.162249051803;0.473766062423
0.470000000000;0.150000000000;0.111165667923;0.183358559251;0.464489564369
0.470000000000;0.170000000000;0.107294314556;0.203046598196;0.454543539690
0.470000000000;0.190000000000;0.103043803995;0.221251064523;0.444127258003
0.470000000000;0.210000000000;0.098444271975;0.237939569661;0.433434943926
0.470000000000;0.230000000000;0.093526221208;0.253105794176;0.422650967919
0.470000000000;0.250000000000;0.088320040208;0.266765278219;0.411946270766
0.470000000000;0.270000000000;0.082855610080;0.278950992644;0.401475973163
0.470000000000;0.290000000000;0.077162000502;0.289708971235;0.391378043897
0.470000000000;0.310000000000;0.071267251230;0.299094212530;0.381772854040
0.470000000000;0.330000000000;0.065198232001;0.307166989483;0.372763425886
0.470000000000;0.350000000000;0.058980571651;0.313989643701;0.364436187439
0.470000000000;0.370000000000;0.052638646253;0.319623891460;0.356862059427
0.470000000000;0.390000000000;0.046195615993;0.324128632343;0.350097725911
0.470000000000;0.410000000000;0.039673500959;0.327558227186;0.344186966821
0.470000000000;0.430000000000;0.033093286905;0.329961198321;0.339161957849
0.470000000000;0.450000000000;0.026475053027;0.331379299743;0.335044467872
0.470000000000;0.470000000000;0.019838114915;0.331846905560;0.331846905560
0.470000000000;0.490000000000;0.013201176804;0.331390670040;0.329573184585
0.470000000000;0.510000000000;0.006582488114;0.330029420105;0.328219391274
0.470000000000;0.530000000000;-0.000000000000;0.327774250044;0.327774250044
0.470000000000;0.550000000000;-0.006528481888;0.324628797525;0.328219391274
0.470000000000;0.570000000000;-0.012985151901;0.320589688966;0.329529434096
0.470000000000;0.590000000000;-0.019352069447;0.315647150507;0.331671903605
0.470000000000;0.610000000000;-0.025611037921;0.309785787557;0.334607008767
0.470000000000;0.630000000000;-0.031743500949;0.302985540937;0.338287314330
0.470000000000;0.650000000000;-0.037730459559;0.295222830354;0.342657347553
0.470000000000;0.670000000000;-0.043552414163;0.286471895933;0.347653188627
0.470000000000;0.690000000000;-0.049189335396;0.276706345261;0.353202102076
0.470000000000;0.710000000000;-0.054620667974;0.265900906349;0.359222274620
0.470000000000;0.730000000000;-0.059825371650;0.254033375748;0.365622732157
0.470000000000;0.750000000000;-0.064782003003;0.241086735612;0.372303513355
0.470000000000;0.770000000000;-0.069468841075;0.227051394026;0.379156178342
0.470000000000;0.790000000000;-0.073864058765;0.211927480307;0.386064726311
0.470000000000;0.810000000000;-0.077945940287;0.195727102712;0.392906983836
0.470000000000;0.830000000000;-0.081693142873;0.178476452545;0.399556504646
0.470000000000;0.850000000000;-0.085084998389;0.160217619240;0.405884991048
0.470000000000;0.870000000000;-0.088101847643;0.141009969364;0.411765207285
0.470000000000;0.890000000000;-0.090725397163;0.120930942679;0.417074308084
0.470000000000;0.910000000000;-0.092939085350;0.100076133809;0.421697455358
0.470000000000;0.930000000000;-0.094728442516;0.078558560669;0.425531548151
0.470000000000;0.950000000000;-0.096081427777;0.056507070458;0.428488852491
0.470000000000;0.970000000000;-0.096988725334;0.034063897512;0.430500296014
0.470000000000;0.990000000000;-0.097443983677;0.011381458578;0.431518193114
0.490000000000;0.010000000000;0.115637195594;0.012573571806;0.479334515980
0.490000000000;0.030000000000;0.115134252722;0.037610973760;0.477938923188
0.490000000000;0.050000000000;0.114132756644;0.062322653978;0.475183248359
0.490000000000;0.070000000000;0.112641346563;0.086502888684;0.471136741233
0.490000000000;0.090000000000;0.110672641097;0.109962234522;0.465899017666
0.490000000000;0.110000000000;0.108242857182;0.132532436289;0.459595400073
0.490000000000;0.130000000000;0.105371343645;0.154069959129;0.452371381778
0.490000000000;0.150000000000;0.102080058817;0.174458032137;0.444386664557
0.490000000000;0.170000000000;0.098393022360;0.193607231322;0.435809201373
0.490000000000;0.190000000000;0.094335769564;0.211454747235;0.426809614080
0.490000000000;0.210000000000;0.089934832470;0.227962564930;0.417556265015
0.490000000000;0.230000000000;0.085217266967;0.243114827832;0.408211159412
0.490000000000;0.250000000000;0.080210239357;0.256914665652;0.398926757409
0.490000000000;0.270000000000;0.074940680341;0.269380747125;0.389843690622
0.490000000000;0.290000000000;0.069435009472;0.280543780322;0.381089314649
0.490000000000;0.310000000000;0.063718929128;0.290443135695;0.372776986620
0.490000000000;0.330000000000;0.057817284044;0.299123717550;0.365005934497
0.490000000000;0.350000000000;0.051753980426;0.306633163702;0.357861578458
0.490000000000;0.370000000000;0.045551957496;0.313019414133;0.351416170218
0.490000000000;0.390000000000;0.039233203861;0.318328659060;0.345729629310
0.490000000000;0.410000000000;0.032818811134;0.322603655009;0.340850472629
0.490000000000;0.430000000000;0.026329057660;0.325882383703;0.336816752212
0.490000000000;0.450000000000;0.019783515785;0.328197021400;0.333656934390
0.490000000000;0.470000000000;0.013201176804;0.329573184585;0.331390670040
0.490000000000;0.490000000000;0.006600588402;0.330029420105;0.330029420105
0.490000000000;0.510000000000;-0.000000000000;0.329576912897;0.329576912897
0.490000000000;0.530000000000;-0.006582488114;0.328219391274;0.330029420105
0.490000000000;0.550000000000;-0.013128775651;0.325953217570;0.331375847437
0.490000000000;0.570000000000;-0.019620616817;0.322767660082;0.333597643980
0.490000000000;0.590000000000;-0.026039482054;0.318645350088;0.336668542174
0.490000000000;0.610000000000;-0.032366430820;0.313562934754;0.340554148482
0.490000000000;0.630000000000;-0.038581999444;0.307491942312;0.345211413677
0.490000000000;0.650000000000;-0.044666108513;0.300399879422;0.350588021678
0.490000000000;0.670000000000;-0.050597994621;0.292251581321;0.356621747024
0.490000000000;0.690000000000;-0.056356171765;0.283010832377;0.363239843295
0.490000000000;0.710000000000;-0.061918427916;0.272642267233;0.370358537458
0.490000000000;0.730000000000;-0.067261862455;0.261113549884;0.377882717268
0.490000000000;0.750000000000;-0.072362969912;0.248397809429;0.385705908835
0.490000000000;0.770000000000;-0.077197774832;0.234476286570;0.393710647308
0.490000000000;0.790000000000;-0.081742021375;0.219341114993;0.401769342641
0.490000000000;0.810000000000;-0.085971419432;0.202998128165;0.409745731930
0.490000000000;0.830000000000;-0.089861946501;0.185469547719;0.417496987164
0.490000000000;0.850000000000;-0.093390201340;0.166796378846;0.424876510707
0.490000000000;0.870000000000;-0.096533801655;0.147040316287;0.431737400061
0.490000000000;0.890000000000;-0.099271813992;0.126284957808;0.437936500472
0.490000000000;0.910000000000;-0.101585199967;0.104636135978;0.443338893670
0.490000000000;0.930000000000;-0.103457259431;0.082221217772;0.447822601185
0.490000000000;0.950000000000;-0.104874048678;0.059187285756;0.451283221685
0.490000000000;0.970000000000;-0.105824750861;0.035698200817;0.453638184705
0.490000000000;0.990000000000;-0.106301976711;0.011930646240;0.454830297933
0.510000000000;0.010000000000;0.106301976711;0.011930646240;0.454830297933
0.510000000000;0.030000000000;0.105824750861;0.035698200817;0.453638184705
0.510000000000;0.050000000000;0.104874048678;0.059187285756;0.451283221685
0.510000000000;0.070000000000;0.103457259431;0.082221217772;0.447822601185
0.510000000000;0.090000000000;0.101585199967;0.104636135978;0.443338893670
0.510000000000;0.110000000000;0.099271813992;0.126284957808;0.437936500472
0.510000000000;0.130000000000;0.096533801655;0.147040316287;0.431737400061
0.510000000000;0.150000000000;0.093390201340;0.166796378846;0.424876510707
0.510000000000;0.170000000000;0.089861946501;0.185469547719;0.417496987164
0.510000000000;0.190000000000;0.085971419432;0.202998128165;0.409745731930
0.510000000000;0.210000000000;0.081742021375;0.219341114993;0.401769342641
0.510000000000;0.230000000000;0.077197774832;0.234476286570;0.393710647308
0.510000000000;0.250000000000;0.072362969912;0.248397809429;0.385705908835
0.510000000000;0.270000000000;0.067261862455;0.261113549884;0.377882717268
0.510000000000;0.290000000000;0.061918427916;0.272642267233;0.370358537458
0.510000000000;0.310000000000;0.056356171765;0.283010832377;0.363239843295
0.510000000000;0.330000000000;0.050597994621;0.292251581321;0.356621747024
0.510000000000;0.350000000000;0.044666108513;0.300399879422;0.350588021678
0.510000000000;0.370000000000;0.038581999444;0.307491942312;0.345211413677
0.510000000000;0.390000000000;0.032366430820;0.313562934754;0.340554148482
0.510000000000;0.410000000000;0.026039482054;0.318645350088;0.336668542174
0.510000000000;0.430000000000;0.019620616817;0.322767660082;0.333597643980
0.510000000000;0.450000000000;0.013128775651;0.325953217570;0.331375847437
0.510000000000;0.470000000000;0.006582488114;0.328219391274;0.330029420105
0.510000000000;0.490000000000;-0.000000000000;0.329576912897;0.329576912897
0.510000000000;0.510000000000;-0.006600588402;0.330029420105;0.330029420105
0.510000000000;0.530000000000;-0.013201176804;0.329573184585;0.331390670040
0.510000000000;0.550000000000;-0.019783515785;0.328197021400;0.333656934390
0.510000000000;0.570000000000;-0.026329057660;0.325882383703;0.336816752212
0.510000000000;0.590000000000;-0.032818811134;0.322603655009;0.340850472629
0.510000000000;0.610000000000;-0.039233203861;0.318328659060;0.345729629310
0.510000000000;0.630000000000;-0.045551957496;0.313019414133;0.351416170218
0.510000000000;0.650000000000;-0.051753980426;0.306633163702;0.357861578458
0.510000000000;0.670000000000;-0.057817284044;0.299123717550;0.365005934497
0.510000000000;0.690000000000;-0.063718929128;0.290443135695;0.372776986620
0.510000000000;0.710000000000;-0.069435009472;0.280543780322;0.381089314649
0.510000000000;0.730000000000;-0.074940680341;0.269380747125;0.389843690622
0.510000000000;0.750000000000;-0.080210239357;0.256914665652;0.398926757409
0.510000000000;0.770000000000;-0.085217266967;0.243114827832;0.408211159412
0.510000000000;0.790000000000;-0.089934832470;0.227962564930;0.417556265015
0.510000000000;0.810000000000;-0.094335769564;0.211454747235;0.426809614080
0.510000000000;0.830000000000;-0.098393022360;0.193607231322;0.435809201373
0.510000000000;0.850000000000;-0.102080058817;0.174458032137;0.444386664557
0.510000000000;0.870000000000;-0.105371343645;0.154069959129;0.452371381778
0.510000000000;0.890000000000;-0.108242857182;0.132532436289;0.459595400073
0.510000000000;0.910000000000;-0.110672641097;0.109962234522;0.465899017666
0.510000000000;0.930000000000;-0.112641346563;0.086502888684;0.471136741233
0.510000000000;0.950000000000;-0.114132756644;0.062322653978;0.475183248359
0.510000000000;0.970000000000;-0.115134252722;0.037610973760;0.477938923188
0.510000000000;0.990000000000;-0.115637195594;nan;0.479334515980
0.530000000000;0.010000000000;0.097443983677;nan;0.431518193114
0.530000000000;0.030000000000;0.096988725334;0.034063897512;0.430500296014
0.530000000000;0.050000000000;0.096081427777;0.056507070458;0.428488852491
0.530000000000;0.070000000000;0.094728442516;0.078558560669;0.425531548151
0.530000000000;0.090000000000;0.092939085350;0.100076133809;0.421697455358
0.530000000000;0.110000000000;0.090725397163;0.120930942679;0.417074308084
0.530000000000;0.130000000000;0.088101847643;0.141009969364;0.411765207285
0.530000000000;0.150000000000;0.085084998389;0.160217619240;0.405884991048
0.530000000000;0.170000000000;0.081693142873;0.178476452545;0.399556504646
0.530000000000;0.190000000000;0.077945940287;0.195727102712;0.392906983836
0.530000000000;0.210000000000;0.073864058764;0.211927480307;0.386064726311
0.530000000000;0.230000000000;0.069468841075;0.227051394026;0.379156178342
0.530000000000;0.250000000000;0.064782003003;0.241086735612;0.372303513355
0.530000000000;0.270000000000;0.059825371650;0.254033375748;0.365622732157
0.530000000000;0.290000000000;0.054620667974;0.265900906349;0.359222274620
0.530000000000;0.310000000000;0.049189335396;0.276706345261;0.353202102076
0.530000000000;0.330000000000;0.043552414163;0.286471895933;0.347653188627
0.530000000000;0.350000000000;0.037730459559;0.295222830354;0.342657347553
0.530000000000;0.370000000000;0.031743500949;0.302985540937;0.338287314330
0.530000000000;0.390000000000;0.025611037921;0.309785787557;0.334607008767
0.530000000000;0.410000000000;0.019352069447;0.315647150507;0.331671903605
0.530000000000;0.430000000000;0.012985151901;0.320589688966;0.329529434096
0.530000000000;0.450000000000;0.006528481888;0.324628797525;0.328219391274
0.530000000000;0.470000000000;-0.000000000000;0.327774250044;0.327774250044
0.530000000000;0.490000000000;-0.006582488114;0.330029420105;0.328219391274
0.530000000000;0.510000000000;-0.013201176804;0.331390670040;0.329573184585
0.530000000000;0.530000000000;-0.019838114915;0.331846905560;0.331846905560
0.530000000000;0.550000000000;-0.026475053027;0.331379299743;0.335044467872
0.530000000000;0.570000000000;-0.033093286905;0.329961198321;0.339161957849
0.530000000000;0.590000000000;-0.039673500959;0.327558227186;0.344186966821
0.530000000000;0.610000000000;-0.046195615993;0.324128632343;0.350097725911
0.530000000000;0.630000000000;-0.052638646253;0.319623891460;0.356862059427
0.530000000000;0.650000000000;-0.058980571651;0.313989643701;0.364436187439
0.530000000000;0.670000000000;-0.065198232001;0.307166989483;0.372763425886
0.530000000000;0.690000000000;-0.071267251230;0.299094212530;0.381772854040
0.530000000000;0.710000000000;-0.077162000502;0.289708971235;0.391378043897
0.530000000000;0.730000000000;-0.082855610080;0.278950992644;0.401475973163
0.530000000000;0.750000000000;-0.088320040208;0.266765278219;0.411946270766
0.530000000000;0.770000000000;-0.093526221208;0.253105794176;0.422650967919
0.530000000000;0.790000000000;-0.098444271975;0.237939569661;0.433434943926
0.530000000000;0.810000000000;-0.103043803995;0.221251064523;0.444127258003
0.530000000000;0.830000000000;-0.107294314556;0.203046598196;0.454543539690
0.530000000000;0.850000000000;-0.111165667923;0.183358559251;0.464489564369
0.530000000000;0.870000000000;-0.114628656926;0.162249051803;0.473766062423
0.530000000000;0.890000000000;-0.117655629995;0.139812593696;0.482174700375
0.530000000000;0.910000000000;-0.120221160674;0.116177477138;0.489525035687
0.530000000000;0.930000000000;-0.122302729080;0.091505448466;0.495642097722
0.530000000000;0.950000000000;-0.123881378613;0.065989467711;0.500374107331
0.530000000000;0.970000000000;-0.124942307789;0.039849468437;0.503599743708
0.530000000000;0.990000000000;-0.125475357350;nan;0.505234326818
0.550000000000;0.010000000000;0.089041248986;0.010912749140;0.409223985395
0.550000000000;0.030000000000;0.088604739021;0.032668860194;0.408355953746
0.550000000000;0.050000000000;0.087734494579;0.054218537893;0.406640344113
0.550000000000;0.070000000000;0.086435997505;0.075429820639;0.404117283572
0.550000000000;0.090000000000;0.084717301753;0.096178895910;0.400845071526
0.550000000000;0.110000000000;0.082588841669;0.116352709735;0.396898069220
0.550000000000;0.130000000000;0.080063193364;0.135850999251;0.392364129948
0.550000000000;0.150000000000;0.077154801698;0.154587676206;0.387341741554
0.550000000000;0.170000000000;0.073879686315;0.172491540507;0.381937056534
0.550000000000;0.190000000000;0.070255140078;0.189506349831;0.376260972457
0.550000000000;0.210000000000;0.066299432322;0.205590309499;0.370426400427
0.550000000000;0.230000000000;0.062031527698;0.220715073614;0.364545826392
0.550000000000;0.250000000000;0.057470829378;0.234864363244;0.358729234089
0.550000000000;0.270000000000;0.052636953168;0.248032311148;0.353082423383
0.550000000000;0.290000000000;0.047549536932;0.260221637153;0.347705726789
0.550000000000;0.310000000000;0.042228087682;0.271441746385;0.342693101763
0.550000000000;0.330000000000;0.036691867076;0.281706826797;0.338131557856
0.550000000000;0.350000000000;0.030959814610;0.291034005125;0.334100865575
0.550000000000;0.370000000000;0.025050506871;0.299441603526;0.330673487323
0.550000000000;0.390000000000;0.018982150469;0.306947524029;0.327914668651
0.550000000000;0.410000000000;0.012772605910;0.313567775417;0.325882629383
0.550000000000;0.430000000000;0.006439439453;0.319315147751;0.324628797525
0.550000000000;0.450000000000;-0.000000000000;0.324198033519;0.324198033519
0.550000000000;0.470000000000;-0.006528481888;0.328219391274;0.324628797525
0.550000000000;0.490000000000;-0.013128775651;0.331375847437;0.325953217570
0.550000000000;0.510000000000;-0.019783515785;0.333656934390;0.328197021400
0.550000000000;0.530000000000;-0.026475053027;0.335044467872;0.331379299743
0.550000000000;0.550000000000;-0.033185294500;0.335512073689;0.335512073689
0.550000000000;0.570000000000;-0.039895535974;0.335024882652;0.340599644490
0.550000000000;0.590000000000;-0.046586289806;0.333539423071;0.346637710896
0.550000000000;0.610000000000;-0.053237112897;0.331003751666;0.353612248084
0.550000000000;0.630000000000;-0.059826439873;0.327357875662;0.361498154141
0.550000000000;0.650000000000;-0.066331427923;0.322534530160;0.370257685985
0.550000000000;0.670000000000;-0.072727821079;0.316460384151;0.379838727568
0.550000000000;0.690000000000;-0.078989843289;0.309057753706;0.390172959756
0.550000000000;0.710000000000;-0.085090131228;0.300246899446;0.401174033735
0.550000000000;0.730000000000;-0.090999719267;0.289948973994;0.412735887369
0.550000000000;0.750000000000;-0.096688090187;0.278089660407;0.424731384572
0.550000000000;0.770000000000;-0.102123305684;0.264603500992;0.437011497570
0.550000000000;0.790000000000;-0.107272230227;0.249438855014;0.449405284768
0.550000000000;0.810000000000;-0.112100859884;0.232563342999;0.461720934314
0.550000000000;0.830000000000;-0.116574763947;0.213969537688;0.473748135016
0.550000000000;0.850000000000;-0.120659641392;0.193680554869;0.485261990806
0.550000000000;0.870000000000;-0.124321986142;0.171755095135;0.496028603169
0.550000000000;0.890000000000;-0.127529845197;0.148291409553;0.505812303319
0.550000000000;0.910000000000;-0.130253642524;0.123429631869;0.514384326985
0.550000000000;0.930000000000;-0.132467030472;0.097351960329;0.521532506636
0.550000000000;0.950000000000;-0.134147720937;0.070280299964;0.527071339536
0.550000000000;0.970000000000;-0.135278242470;0.042471193247;0.530851617494
0.550000000000;0.990000000000;-0.135846568667;nan;0.532768720767
0.570000000000;0.010000000000;0.081075024261;0.010513426929;0.387797809326
0.570000000000;0.030000000000;0.080654487184;0.031480256229;0.387059189463
0.570000000000;0.050000000000;0.079815814012;0.052268400284;0.385599286642
0.570000000000;0.070000000000;0.078563751173;0.072763288082;0.383452170499
0.570000000000;0.090000000000;0.076905282489;0.092856919457;0.380667477953
0.570000000000;0.110000000000;0.074849474394;0.112450001101;0.377308767324
0.570000000000;0.130000000000;0.072407282445;0.131453641698;0.373451501731
0.570000000000;0.150000000000;0.069591328726;0.149790545827;0.369180788686
0.570000000000;0.170000000000;0.066415660612;0.167395683447;0.364589007480
0.570000000000;0.190000000000;0.062895501389;0.184216446604;0.359773449030
0.570000000000;0.210000000000;0.059047002747;0.200212334243;0.354834076546
0.570000000000;0.230000000000;0.054887008019;0.215354227688;0.349871492713
0.570000000000;0.250000000000;0.050432833640;0.229623332603;0.344985173224
0.570000000000;0.270000000000;0.045702074715;0.243009868448;0.340272000499
0.570000000000;0.290000000000;0.040712438902;0.255511584729;0.335825107388
0.570000000000;0.310000000000;0.035481611326;0.267132176328;0.331733020333
0.570000000000;0.330000000000;0.030027151849;0.277879659745;0.328079075457
0.570000000000;0.350000000000;0.024366424936;0.287764759822;0.324941069571
0.570000000000;0.370000000000;0.018516561456;0.296799344012;0.322391100736
0.570000000000;0.390000000000;0.012494451175;0.304994929617;0.320495549130
0.570000000000;0.410000000000;0.006316764271;0.312361279382;0.319315147751
0.570000000000;0.430000000000;-0.000000000000;0.318905093102;0.318905093102
0.570000000000;0.450000000000;-0.006439439453;0.324628797525;0.319315147751
0.570000000000;0.470000000000;-0.012985151901;0.329529434096;0.320589688966
0.570000000000;0.490000000000;-0.019620616817;0.333597643980;0.322767660082
0.570000000000;0.510000000000;-0.026329057660;0.336816752212;0.325882383703
0.570000000000;0.530000000000;-0.033093286905;0.339161957849;0.329961198321
0.570000000000;0.550000000000;-0.039895535974;0.340599644490;0.335024882652
0.570000000000;0.570000000000;-0.046717272685;0.341086835527;0.341086835527
0.570000000000;0.590000000000;-0.053539009395;0.340570830780;0.348151984187
0.570000000000;0.610000000000;-0.060340105916;0.338989075589;0.356215401390
0.570000000000;0.630000000000;-0.067098572419;0.336269329360;0.365260623069
0.570000000000;0.650000000000;-0.073790879090;0.332330217128;0.375257674792
0.570000000000;0.670000000000;-0.080391781104;0.327082263254;0.386160838645
0.570000000000;0.690000000000;-0.086874169620;0.320429518697;0.397906223681
0.570000000000;0.710000000000;-0.093208961852;0.312271898848;0.410409243919
0.570000000000;0.730000000000;-0.099365045574;0.302508343480;0.423562158005
0.570000000000;0.750000000000;-0.105309295591;0.291040888421;0.437231882582
0.570000000000;0.770000000000;-0.111006681111;0.277779694373;0.451258353023
0.570000000000;0.790000000000;-0.116420483366;0.262649006405;0.465453763261
0.570000000000;0.810000000000;-0.121512641367;0.245593914771;0.479603059471
0.570000000000;0.830000000000;-0.126244239957;0.226587654687;0.493466075256
0.570000000000;0.850000000000;-0.130576147555;0.205639027404;0.506781660668
0.570000000000;0.870000000000;-0.134469801053;0.182799364316;0.519274056129
0.570000000000;0.890000000000;-0.137888122128;0.158168317512;0.530661582745
0.570000000000;0.910000000000;-0.140796533753;0.131897680456;0.540667462299
0.570000000000;0.930000000000;-0.143164029346;0.104192461017;0.549032262301
0.570000000000;0.950000000000;-0.144964232194;0.075308578569;0.555527126683
0.570000000000;0.970000000000;-0.146176372489;0.045546849669;0.559966665965
0.570000000000;0.990000000000;-0.146786106181;nan;0.562220217990
0.590000000000;0.010000000000;0.073529336613;0.010174129277;0.367110253119
0.590000000000;0.030000000000;0.073122371442;0.030470337510;0.366483708138
0.590000000000;0.050000000000;0.072310523113;0.050611518929;0.365245442493
0.590000000000;0.070000000000;0.071097910685;0.070498011950;0.363424633828
0.590000000000;0.090000000000;0.069490602635;0.090035492735;0.361063902463
0.590000000000;0.110000000000;0.067496490976;0.109136733514;0.358218020392
0.590000000000;0.130000000000;0.065125133294;0.127723020613;0.354952320967
0.590000000000;0.150000000000;0.062387570151;0.145725181955;0.351340903980
0.590000000000;0.170000000000;0.059296126016;0.163084200851;0.347464735671
0.590000000000;0.190000000000;0.055864202117;0.179751418896;0.343409739636
0.590000000000;0.210000000000;0.052106069260;0.195688353182;0.339264964016
0.590000000000;0.230000000000;0.048036667990;0.210866170292;0.335120894688
0.590000000000;0.250000000000;0.043671422449;0.225264871031;0.331067965595
0.590000000000;0.270000000000;0.039026073149;0.238872245313;0.327195298001
0.590000000000;0.290000000000;0.034116532636;0.251682656987;0.323589681931
0.590000000000;0.310000000000;0.028958766869;0.263695714453;0.320334796723
0.590000000000;0.330000000000;0.023568704058;0.274914876035;0.317510654067
0.590000000000;0.350000000000;0.017962171828;0.285346030404;0.315193236515
0.590000000000;0.370000000000;0.012154862842;0.294996083085;0.313454296919
0.590000000000;0.390000000000;0.006162328504;0.303871571045;0.312361279382
0.590000000000;0.410000000000;-0.000000000000;0.311977319390;0.311977319390
0.590000000000;0.430000000000;-0.006316764271;0.319315147751;0.312361279382
0.590000000000;0.450000000000;-0.012772605910;0.325882629383;0.313567775417
0.590000000000;0.470000000000;-0.019352069447;0.331671903605;0.315647150507
0.590000000000;0.490000000000;-0.026039482054;0.336668542174;0.318645350088
0.590000000000;0.510000000000;-0.032818811134;0.340850472629;0.322603655009
0.590000000000;0.530000000000;-0.039673500959;0.344186966821;0.327558227186
0.590000000000;0.550000000000;-0.046586289806;0.346637710896;0.333539423071
0.590000000000;0.570000000000;-0.053539009395;0.348151984187;0.340570830780
0.590000000000;0.590000000000;-0.060512369174;0.348667988934;0.348667988934
0.590000000000;0.610000000000;-0.067485728953;0.348112390548;0.357836750220
0.590000000000;0.630000000000;-0.074436864796;0.346400149063;0.368071261952
0.590000000000;0.650000000000;-0.081341734915;0.343434745736;0.379351551468
0.590000000000;0.670000000000;-0.088174254625;0.339108933040;0.391640728538
0.590000000000;0.690000000000;-0.094906092237;0.333306158980;0.404881852405
0.590000000000;0.710000000000;-0.101506500984;0.325902833770;0.418994560253
0.590000000000;0.730000000000;-0.107942205588;0.316771612657;0.433871618152
0.590000000000;0.750000000000;-0.114177365491;0.305785855424;0.449375634727
0.590000000000;0.770000000000;-0.120173639804;0.292825381672;0.465336268678
0.590000000000;0.790000000000;-0.125890380758;0.277783561462;0.481548355783
0.590000000000;0.810000000000;-0.131284982263;0.260575654994;0.497771465051
0.590000000000;0.830000000000;-0.136313406957;0.241148138885;0.513731445868
0.590000000000;0.850000000000;-0.140930907818;0.219488535742;0.529124520482
0.590000000000;0.870000000000;-0.145092948387;0.195635017212;0.543624377933
0.590000000000;0.890000000000;-0.148756308507;0.169684815723;0.556892509232
0.590000000000;0.910000000000;-0.151880341016;0.141800311426;0.568591677166
0.590000000000;0.930000000000;-0.154428320964;0.112211624713;0.578401953587
0.590000000000;0.950000000000;-0.156368806005;0.081214703627;0.586038238931
0.590000000000;0.970000000000;-0.157676909109;0.049164284553;0.591267701692
0.590000000000;0.990000000000;-0.158335377387;nan;0.593925267237
0.610000000000;0.010000000000;0.066390614136;0.009886881948;0.347049241893
0.610000000000;0.030000000000;0.065995138858;0.029615445603;0.346519947476
0.610000000000;0.050000000000;0.065205996312;0.049209325974;0.345474141365
0.610000000000;0.070000000000;0.064026765820;0.068581748053;0.343937019857
0.610000000000;0.090000000000;0.062462726390;0.087650306021;0.341945477680
0.610000000000;0.110000000000;0.060520753579;0.106338419604;0.339547090814
0.610000000000;0.130000000000;0.058209189606;0.124576525286;0.336798857764
0.610000000000;0.150000000000;0.055537692567;0.142302960531;0.333765770595
0.610000000000;0.170000000000;0.052517071185;0.159464519103;0.330519291588
0.610000000000;0.190000000000;0.049159111803;0.176016674949;0.327135809827
0.610000000000;0.210000000000;0.045476404187;0.191923489295;0.323695145195
0.610000000000;0.230000000000;0.041482172231;0.207157229266;0.320279156428
0.610000000000;0.250000000000;0.037190115016;0.221697735915;0.316970496466
0.610000000000;0.270000000000;0.032614262795;0.235531584785;0.313851543977
0.610000000000;0.290000000000;0.027768851625;0.248651083451;0.311003525614
0.610000000000;0.310000000000;0.022668219457;0.261053148464;0.308505830561
0.610000000000;0.330000000000;0.017326725686;0.272738099537;0.306435507574
0.610000000000;0.350000000000;0.011758695475;0.283708402674;0.304866925503
0.610000000000;0.370000000000;0.005978389579;0.293967386879;0.303871571045
0.610000000000;0.390000000000;-0.000000000000;0.303517952087;0.303517952087
0.610000000000;0.410000000000;-0.006162328504;0.312361279382;0.303871571045
0.610000000000;0.430000000000;-0.012494451175;0.320495549130;0.304994929617
0.610000000000;0.450000000000;-0.018982150469;0.327914668651;0.306947524029
0.610000000000;0.470000000000;-0.025611037921;0.334607008767;0.309785787557
0.610000000000;0.490000000000;-0.032366430820;0.340554148482;0.313562934754
0.610000000000;0.510000000000;-0.039233203861;0.345729629310;0.318328659060
0.610000000000;0.530000000000;-0.046195615993;0.350097725911;0.324128632343
0.610000000000;0.550000000000;-0.053237112897;0.353612248084;0.331003751666
0.610000000000;0.570000000000;-0.060340105916;0.356215401390;0.338989075589
0.610000000000;0.590000000000;-0.067485728953;0.357836750220;0.348112390548
0.610000000000;0.610000000000;-0.074653575925;0.358392348606;0.358392348606
0.610000000000;0.630000000000;-0.081821422897;0.357784130608;0.369836123049
0.610000000000;0.650000000000;-0.088964941149;0.355899683714;0.382436540591
0.610000000000;0.670000000000;-0.096057410245;0.352612564190;0.396168671636
0.610000000000;0.690000000000;-0.103069443717;0.347783350411;0.410985897146
0.610000000000;0.710000000000;-0.109968744262;0.341261664596;0.426815526536
0.610000000000;0.730000000000;-0.116719910300;0.332889417955;0.443554119623
0.610000000000;0.750000000000;-0.123284320980;0.322505538947;0.461062769498
0.610000000000;0.770000000000;-0.129620131858;0.309952415428;0.479162731178
0.610000000000;0.790000000000;-0.135682417597;0.295084202779;0.497631926141
0.610000000000;0.810000000000;-0.141423499969;0.277777004856;0.516202999084
0.610000000000;0.830000000000;-0.146793497791;0.257940710118;0.534563722682
0.610000000000;0.850000000000;-0.151741128374;0.235531959469;0.552360597460
0.610000000000;0.870000000000;-0.156214776170;0.210567353066;0.569206425889
0.610000000000;0.890000000000;-0.160163822497;0.183135616744;0.584692399086
0.610000000000;0.910000000000;-0.163540200840;0.153407124810;0.598404783544
0.610000000000;0.930000000000;-0.166300107489;0.121639022782;0.609945635950
0.610000000000;0.950000000000;-0.168405761751;0.088174326674;0.618956173763
0.610000000000;0.970000000000;-0.169827080556;0.053433877975;0.625140634633
0.610000000000;0.990000000000;-0.170543116870;nan;0.628287882030
0.630000000000;0.010000000000;0.059647366938;0.009644834860;0.327517525085
0.630000000000;0.030000000000;0.059261573543;0.028895236981;0.327072698509
0.630000000000;0.050000000000;0.058491557458;0.048028591310;0.326194155632
0.630000000000;0.070000000000;0.057340429891;0.066969348266;0.324903826555
0.630000000000;0.090000000000;0.055812783528;0.085645563692;0.323233897587
0.630000000000;0.110000000000;0.053914607343;0.103990113597;0.321226007419
0.630000000000;0.130000000000;0.051653178984;0.121941700395;0.318930248679
0.630000000000;0.150000000000;0.049036939327;0.139445615780;0.316404029049
0.630000000000;0.170000000000;0.046075354353;0.156454240082;0.313710850261
0.630000000000;0.190000000000;0.042778769724;0.172927272503;0.310919062887
0.630000000000;0.210000000000;0.039158263452;0.188831699782;0.308100650511
0.630000000000;0.230000000000;0.035225501733;0.204141521562;0.305330089361
0.630000000000;0.250000000000;0.030992602590;0.218837258580;0.302683319866
0.630000000000;0.270000000000;0.026472011389;0.232905274461;0.300236855828
0.630000000000;0.290000000000;0.021676391611;0.246336943570;0.298067045988
0.630000000000;0.310000000000;0.016618533647;0.259127696413;0.296249492333
0.630000000000;0.330000000000;0.011311283755;0.271275970977;0.294858620165
0.630000000000;0.350000000000;0.005767494808;0.282782093874;0.293967386879
0.630000000000;0.370000000000;-0.000000000000;0.293647109669;0.293647109669
0.630000000000;0.390000000000;-0.005978389579;0.303871571045;0.293967386879
0.630000000000;0.410000000000;-0.012154862842;0.313454296919;0.294996083085
0.630000000000;0.430000000000;-0.018516561456;0.322391100736;0.296799344012
0.630000000000;0.450000000000;-0.025050506871;0.330673487323;0.299441603526
0.630000000000;0.470000000000;-0.031743500949;0.338287314330;0.302985540937
0.630000000000;0.490000000000;-0.038581999444;0.345211413677;0.307491942312
0.630000000000;0.510000000000;-0.045551957496;0.351416170218;0.313019414133
0.630000000000;0.530000000000;-0.052638646253;0.356862059427;0.319623891460
0.630000000000;0.550000000000;-0.059826439873;0.361498154141;0.327357875662
0.630000000000;0.570000000000;-0.067098572419;0.365260623069;0.336269329360
0.630000000000;0.590000000000;-0.074436864796;0.368071261952;0.346400149063
0.630000000000;0.610000000000;-0.081821422897;0.369836123049;0.357784130608
0.630000000000;0.630000000000;-0.089230309718;0.370444341048;0.370444341048
0.630000000000;0.650000000000;-0.096639196539;0.369767294323;0.384389816210
0.630000000000;0.670000000000;-0.104021001491;0.367658289596;0.399611520268
0.630000000000;0.690000000000;-0.111345528123;0.363953013880;0.416077538009
0.630000000000;0.710000000000;-0.118579122046;0.358471056247;0.433727529122
0.630000000000;0.730000000000;-0.125684370372;0.351018855619;0.452466564306
0.630000000000;0.750000000000;-0.132619876271;0.341394466980;0.472158592461
0.630000000000;0.770000000000;-0.139340149052;0.329394538315;0.492619960398
0.630000000000;0.790000000000;-0.145795657803;0.314823829368;0.513613618518
0.630000000000;0.810000000000;-0.151933102226;0.297507451534;0.534844882464
0.630000000000;0.830000000000;-0.157695955865;0.277305737260;0.555959848315
0.630000000000;0.850000000000;-0.163025331717;0.254131238949;0.576547720786
0.630000000000;0.870000000000;-0.167861205423;0.227966818839;0.596148329076
0.630000000000;0.890000000000;-0.172144004470;0.198883173378;0.614265877681
0.630000000000;0.910000000000;-0.175816532358;0.167053548289;0.630389421973
0.630000000000;0.930000000000;-0.178826146402;0.132763014932;0.644019632906
0.630000000000;0.950000000000;-0.181127052955;0.096409702311;0.654700185536
0.630000000000;0.970000000000;-0.182682534494;0.058495992821;0.662050781048
0.630000000000;0.990000000000;-0.183466892668;nan;0.665797744220
0.650000000000;0.010000000000;0.053289913133;0.009442055372;0.308430634852
0.650000000000;0.030000000000;0.052912230918;0.028292076151;0.308059165842
0.650000000000;0.050000000000;0.052158230087;0.047040454021;0.307325956101
0.650000000000;0.070000000000;0.051030612757;0.065621490007;0.306250233145
0.650000000000;0.090000000000;0.049533370487;0.083972486885;0.304860278692
0.650000000000;0.110000000000;0.047671713282;0.102034770697;0.303192792598
0.650000000000;0.130000000000;0.045451979659;0.119754546916;0.301292100485
0.650000000000;0.150000000000;0.042881531405;0.137083562112;0.299209246661
0.650000000000;0.170000000000;0.039968637174;0.153979552941;0.297001017518
0.650000000000;0.190000000000;0.036722349288;0.170406475200;0.294728940949
0.650000000000;0.210000000000;0.033152378166;0.186334515769;0.292458304600
0.650000000000;0.230000000000;0.029268968657;0.201739898621;0.290257230640
0.650000000000;0.250000000000;0.025082782222;0.216604502382;0.288195837807
0.650000000000;0.270000000000;0.020604788562;0.230915310907;0.286345513481
0.650000000000;0.290000000000;0.015846169785;0.244663719956;0.284778310176
0.650000000000;0.310000000000;0.010818239763;0.257844722641;0.283566472617
0.650000000000;0.330000000000;0.005532380880;0.270455994083;0.282782093874
0.650000000000;0.350000000000;-0.000000000000;0.282496892178;0.282496892178
0.650000000000;0.370000000000;-0.005767494808;0.293967386879;0.282782093874
0.650000000000;0.390000000000;-0.011758695475;0.304866925503;0.283708402674
0.650000000000;0.410000000000;-0.017962171828;0.315193236515;0.285346030404
0.650000000000;0.430000000000;-0.024366424936;0.324941069571;0.287764759822
0.650000000000;0.450000000000;-0.030959814610;0.334100865575;0.291034005125
0.650000000000;0.470000000000;-0.037730459559;0.342657347553;0.295222830354
0.650000000000;0.490000000000;-0.044666108513;0.350588021678;0.300399879422
0.650000000000;0.510000000000;-0.051753980426;0.357861578458;0.306633163702
0.650000000000;0.530000000000;-0.058980571651;0.364436187439;0.313989643701
0.650000000000;0.550000000000;-0.066331427923;0.370257685985;0.322534530160
0.650000000000;0.570000000000;-0.073790879090;0.375257674792;0.332330217128
0.650000000000;0.590000000000;-0.081341734915;0.379351551468;0.343434745736
0.650000000000;0.610000000000;-0.088964941149;0.382436540591;0.355899683714
0.650000000000;0.630000000000;-0.096639196539;0.384389816210;0.369767294323
0.650000000000;0.650000000000;-0.104340533797;0.385066862935;0.385066862935
0.650000000000;0.670000000000;-0.112041871056;0.384300285989;0.401810055216
0.650000000000;0.690000000000;-0.119712545237;0.381899359265;0.419985205501
0.650000000000;0.710000000000;-0.127317845427;0.377650690892;0.439550487636
0.650000000000;0.730000000000;-0.134818572873;0.371320481294;0.460426016018
0.650000000000;0.750000000000;-0.142170664679;0.362658935038;0.482485075645
0.650000000000;0.770000000000;-0.149324930274;0.351407441484;0.505544899433
0.650000000000;0.790000000000;-0.156226962338;0.337309124845;0.529357705070
0.650000000000;0.810000000000;-0.162817295268;0.320123234653;0.553603063937
0.650000000000;0.830000000000;-0.169031891724;0.299643548440;0.577883067329
0.650000000000;0.850000000000;-0.174803037206;0.275720440230;0.601722108293
0.650000000000;0.870000000000;-0.180060709333;0.248285509961;0.624573291949
0.650000000000;0.890000000000;-0.184734457604;0.217376709641;0.645833360588
0.650000000000;0.910000000000;-0.188755777719;0.183160880035;0.664867393762
0.650000000000;0.930000000000;-0.192060892805;0.145949786345;0.681043288164
0.650000000000;0.950000000000;-0.194593769173;0.106205474816;0.693774154428
0.650000000000;0.970000000000;-0.196309111798;0.064531436659;0.702564559805
0.650000000000;0.990000000000;-0.197175026639;nan;0.707054569582
0.670000000000;0.010000000000;0.047310141543;0.009273365850;0.289715213630
0.670000000000;0.030000000000;0.046939206909;0.027790558230;0.289407373905
0.670000000000;0.050000000000;0.046198519214;0.046219658614;0.288800269784
0.670000000000;0.070000000000;0.045090420565;0.064503670857;0.287910871233
0.670000000000;0.090000000000;0.043618372380;0.082588123145;0.286764191439
0.670000000000;0.110000000000;0.041786895639;0.100421935390;0.285392783793
0.670000000000;0.130000000000;0.039601494964;0.117958154458;0.283836114003
0.670000000000;0.150000000000;0.037068569461;0.135154532813;0.282139839592
0.670000000000;0.170000000000;0.034195313652;0.151973934370;0.280355032201
0.670000000000;0.190000000000;0.030989612086;0.168384559585;0.278537378792
0.670000000000;0.210000000000;0.027459931268;0.184359989473;0.276746396299
0.670000000000;0.230000000000;0.023615212507;0.199879054769;0.275044690793
0.670000000000;0.250000000000;0.019464769078;0.214925541421;0.273497287242
0.670000000000;0.270000000000;0.015018190850;0.229487746830;0.272171050111
0.670000000000;0.290000000000;0.010285259204;0.243557902707;0.271134208621
0.670000000000;0.310000000000;0.005275874742;0.257131480111;0.270455994083
0.670000000000;0.330000000000;-0.000000000000;0.270206390538;0.270206390538
0.670000000000;0.350000000000;-0.005532380880;0.282782093874;0.270455994083
0.670000000000;0.370000000000;-0.011311283755;0.294858620165;0.271275970977
0.670000000000;0.390000000000;-0.017326725686;0.306435507574;0.272738099537
0.670000000000;0.410000000000;-0.023568704058;0.317510654067;0.274914876035
0.670000000000;0.430000000000;-0.030027151849;0.328079075457;0.277879659745
0.670000000000;0.450000000000;-0.036691867076;0.338131557856;0.281706826797
0.670000000000;0.470000000000;-0.043552414163;0.347653188627;0.286471895933
0.670000000000;0.490000000000;-0.050597994621;0.356621747024;0.292251581321
0.670000000000;0.510000000000;-0.057817284044;0.365005934497;0.299123717550
0.670000000000;0.530000000000;-0.065198232001;0.372763425886;0.307166989483
0.670000000000;0.550000000000;-0.072727821079;0.379838727568;0.316460384151
0.670000000000;0.570000000000;-0.080391781104;0.386160838645;0.327082263254
0.670000000000;0.590000000000;-0.088174254625;0.391640728538;0.339108933040
0.670000000000;0.610000000000;-0.096057410245;0.396168671636;0.352612564190
0.670000000000;0.630000000000;-0.104021001491;0.399611520268;0.367658289596
0.670000000000;0.650000000000;-0.112041871056;0.401810055216;0.384300285989
0.670000000000;0.670000000000;-0.120093403699;0.402576632162;0.402576632162
0.670000000000;0.690000000000;-0.128144936343;0.401693446299;0.422502741143
0.670000000000;0.710000000000;-0.136161141551;0.398911866764;0.444063199902
0.670000000000;0.730000000000;-0.144101411013;0.393953443628;0.467201936486
0.670000000000;0.750000000000;-0.151919279296;0.386513350394;0.491810794666
0.670000000000;0.770000000000;-0.159561945029;0.376267167740;0.517716856619
0.670000000000;0.790000000000;-0.166969966006;0.362881993872;0.544669238391
0.670000000000;0.810000000000;-0.174077224784;0.346032813794;0.572326600885
0.670000000000;0.830000000000;-0.180811278558;0.325424781616;0.600247248773
0.670000000000;0.850000000000;-0.187094216048;0.300821463570;0.627884353106
0.670000000000;0.870000000000;-0.192844137101;0.272078071133;0.654589369841
0.670000000000;0.890000000000;-0.197977338894;0.239177275191;0.679626878957
0.670000000000;0.910000000000;-0.202411228108;0.202263475865;0.702203504325
0.670000000000;0.930000000000;-0.206067877928;0.161669775597;0.721511971559
0.670000000000;0.950000000000;-0.208878019132;0.117930973952;0.736788584207
0.670000000000;0.970000000000;-0.210785116886;0.071776407974;0.747378734161
0.670000000000;0.990000000000;-0.211749075451;0.024098964116;0.752801404720
0.690000000000;0.010000000000;0.041701304588;0.009134215647;0.271307632133
0.690000000000;0.030000000000;0.041335935962;0.027377132305;0.271054846364
0.690000000000;0.050000000000;0.040606219296;0.045543951348;0.270556877897
0.690000000000;0.070000000000;0.039514177908;0.063585411662;0.269828790563
0.690000000000;0.090000000000;0.038062802829;0.081454399446;0.268892832037
0.690000000000;0.110000000000;0.036256001930;0.099106693261;0.267778037134
0.690000000000;0.130000000000;0.034098535099;0.116501602715;0.266519732141
0.690000000000;0.150000000000;0.031595937822;0.133602480311;0.265158965503
0.690000000000;0.170000000000;0.028754435886;0.150377092141;0.263741892904
0.690000000000;0.190000000000;0.025580854136;0.166797839298;0.262319145717
0.690000000000;0.210000000000;0.022082522314;0.182841827770;0.260945211013
0.690000000000;0.230000000000;0.018267181025;0.198490789563;0.259677848990
0.690000000000;0.250000000000;0.014142890732;0.213730861701;0.258577570256
0.690000000000;0.270000000000;0.009717946557;0.228552232286;0.257707191102
0.690000000000;0.290000000000;0.005000801440;0.242948663929;0.257131480111
0.690000000000;0.310000000000;-0.000000000000;0.256916904559;0.256916904559
0.690000000000;0.330000000000;-0.005275874742;0.270455994083;0.257131480111
0.690000000000;0.350000000000;-0.010818239763;0.283566472617;0.257844722641
0.690000000000;0.370000000000;-0.016618533647;0.296249492333;0.259127696413
0.690000000000;0.390000000000;-0.022668219457;0.308505830561;0.261053148464
0.690000000000;0.410000000000;-0.028958766869;0.320334796723;0.263695714453
0.690000000000;0.430000000000;-0.035481611326;0.331733020333;0.267132176328
0.690000000000;0.450000000000;-0.042228087682;0.342693101763;0.271441746385
0.690000000000;0.470000000000;-0.049189335396;0.353202102076;0.276706345261
0.690000000000;0.490000000000;-0.056356171765;0.363239843295;0.283010832377
0.690000000000;0.510000000000;-0.063718929128;0.372776986620;0.290443135695
0.690000000000;0.530000000000;-0.071267251230;0.381772854040;0.299094212530
0.690000000000;0.550000000000;-0.078989843289;0.390172959756;0.309057753706
0.690000000000;0.570000000000;-0.086874169620;0.397906223681;0.320429518697
0.690000000000;0.590000000000;-0.094906092237;0.404881852405;0.333306158980
0.690000000000;0.610000000000;-0.103069443717;0.410985897146;0.347783350411
0.690000000000;0.630000000000;-0.111345528123;0.416077538009;0.363953013880
0.690000000000;0.650000000000;-0.119712545237;0.419985205501;0.381899359265
0.690000000000;0.670000000000;-0.128144936343;0.422502741143;0.401693446299
0.690000000000;0.690000000000;-0.136612654883;0.423385927006;0.423385927006
0.690000000000;0.710000000000;-0.145080373423;0.422349886236;0.446997634345
0.690000000000;0.730000000000;-0.153506650332;0.419068076058;0.472507735357
0.690000000000;0.750000000000;-0.161843096465;0.413173855171;0.499839309916
0.690000000000;0.770000000000;-0.170033604539;0.404265885210;0.528842493986
0.690000000000;0.790000000000;-0.178013731874;0.391918869110;0.559275790992
0.690000000000;0.810000000000;-0.185710359303;0.375701245034;0.590786852438
0.690000000000;0.830000000000;-0.193041781675;0.355201300662;0.622894973770
0.690000000000;0.850000000000;-0.199918411330;0.330062561299;0.654978685519
0.690000000000;0.870000000000;-0.206244284127;0.300028035812;0.686272955352
0.690000000000;0.890000000000;-0.211919532762;0.264990844125;0.715881281076
0.690000000000;0.910000000000;-0.216843917892;0.225045972637;0.742807773020
0.690000000000;0.930000000000;-0.220921371668;0.180534866227;0.766012509541
0.690000000000;0.950000000000;-0.224065312541;0.132072237418;0.784489476679
0.690000000000;0.970000000000;-0.226204261165;0.080544257172;0.797360387912
0.690000000000;0.990000000000;-0.227287082828;0.027070541582;0.803970910418
0.710000000000;0.010000000000;0.036457836258;0.009020580081;0.253152836406
0.710000000000;0.030000000000;0.036097013055;0.027039803993;0.252947501521
0.710000000000;0.050000000000;0.035376244098;0.044993602813;0.252543604876
0.710000000000;0.070000000000;0.034297268942;0.062839624997;0.251954581086
0.710000000000;0.090000000000;0.032862659098;0.080537369715;0.251200309013
0.710000000000;0.110000000000;0.031075774154;0.098048835494;0.250306800564
0.710000000000;0.130000000000;0.028940705679;0.115339082828;0.249305811924
0.710000000000;0.150000000000;0.026462210841;0.132376693576;0.248234397377
0.710000000000;0.170000000000;0.023645637936;0.149134114584;0.247134428193
0.710000000000;0.190000000000;0.020496846257;0.165587877695;0.246052100160
0.710000000000;0.210000000000;0.017022122828;0.181718692746;0.245037453047
0.710000000000;0.230000000000;0.013228098547;0.197511414012;0.244143923897
0.710000000000;0.250000000000;0.009121666267;0.212954883533;0.243427953692
0.710000000000;0.270000000000;0.004709903206;0.228041656685;0.242948663929
0.710000000000;0.290000000000;-0.000000000000;0.242767616163;0.242767616163
0.710000000000;0.310000000000;-0.005000801440;0.257131480111;0.242948663929
0.710000000000;0.330000000000;-0.010285259204;0.271134208621;0.243557902707
0.710000000000;0.350000000000;-0.015846169785;0.284778310176;0.244663719956
0.710000000000;0.370000000000;-0.021676391612;0.298067045988;0.246336943570
0.710000000000;0.390000000000;-0.027768851625;0.311003525614;0.248651083451
0.710000000000;0.410000000000;-0.034116532636;0.323589681931;0.251682656987
0.710000000000;0.430000000000;-0.040712438902;0.335825107388;0.255511584729
0.710000000000;0.450000000000;-0.047549536932;0.347705726789;0.260221637153
0.710000000000;0.470000000000;-0.054620667974;0.359222274620;0.265900906349
0.710000000000;0.490000000000;-0.061918427916;0.370358537458;0.272642267233
0.710000000000;0.510000000000;-0.069435009472;0.381089314649;0.280543780322
0.710000000000;0.530000000000;-0.077162000502;0.391378043897;0.289708971235
0.710000000000;0.550000000000;-0.085090131228;0.401174033735;0.300246899446
0.710000000000;0.570000000000;-0.093208961852;0.410409243919;0.312271898848
0.710000000000;0.590000000000;-0.101506500984;0.418994560253;0.325902833770
0.710000000000;0.610000000000;-0.109968744262;0.426815526536;0.341261664596
0.710000000000;0.630000000000;-0.118579122046;0.433727529122;0.358471056247
0.710000000000;0.650000000000;-0.127317845427;0.439550487636;0.377650690892
0.710000000000;0.670000000000;-0.136161141551;0.444063199902;0.398911866764
0.710000000000;0.690000000000;-0.145080373423;0.446997634345;0.422349886236
0.710000000000;0.710000000000;-0.154041046925;0.448033675115;0.448033675115
0.710000000000;0.730000000000;-0.163001720427;0.446795119198;0.475992060681
0.710000000000;0.750000000000;-0.171912851693;0.442848109023;0.506196215654
0.710000000000;0.770000000000;-0.180715644788;0.435703648817;0.538538018415
0.710000000000;0.790000000000;-0.189340997646;0.424826352325;0.572804579154
0.710000000000;0.810000000000;-0.197708698881;0.409651996572;0.608650044105
0.710000000000;0.830000000000;-0.205727077509;0.389616614698;0.645567108349
0.710000000000;0.850000000000;-0.213293363469;0.364199445152;0.682862459849
0.710000000000;0.870000000000;-0.220295055315;0.332980666691;0.719642484970
0.710000000000;0.890000000000;-0.226612590137;0.295712092860;0.754817516976
0.710000000000;0.910000000000;-0.232123539029;0.252394704330;0.787133797139
0.710000000000;0.930000000000;-0.236708378310;0.203351479255;0.815240816907
0.710000000000;0.950000000000;-0.240257598199;0.149278852322;0.837796425055
0.710000000000;0.970000000000;-0.242679532403;0.091257841713;0.853602430390
0.710000000000;0.990000000000;-0.243907911868;0.030709486622;0.861750938621
0.730000000000;0.010000000000;0.031575191132;nan;0.235203375563
0.730000000000;0.030000000000;0.031218035901;0.026767900775;0.235038718438
0.730000000000;0.050000000000;0.030504475101;0.044551030913;0.234715459002
0.730000000000;0.070000000000;0.029435994665;0.062242115799;0.234245619890
0.730000000000;0.090000000000;0.028014790469;0.079806618924;0.233647022367
0.730000000000;0.110000000000;0.026243729908;0.097212196172;0.232943044183
0.730000000000;0.130000000000;0.024126302622;0.114429199528;0.232162317614
0.730000000000;0.150000000000;0.021666561927;0.131431096580;0.231338383887
0.730000000000;0.170000000000;0.018869058759;0.148194794924;0.230509322331
0.730000000000;0.190000000000;0.015738770130;0.164700864152;0.229717373682
0.730000000000;0.210000000000;0.012281024192;0.180933651507;0.229008577119
0.730000000000;0.230000000000;0.008501424069;0.196881290208;0.228432439858
0.730000000000;0.250000000000;0.004405772584;0.212535601733;0.228041656685
0.730000000000;0.270000000000;-0.000000000000;0.227891894758;0.227891894758
0.730000000000;0.290000000000;-0.004709903206;0.242948663929;0.228041656685
0.730000000000;0.310000000000;-0.009717946557;0.257707191102;0.228552232286
0.730000000000;0.330000000000;-0.015018190850;0.272171050111;0.229487746830
0.730000000000;0.350000000000;-0.020604788562;0.286345513481;0.230915310907
0.730000000000;0.370000000000;-0.026472011389;0.300236855828;0.232905274461
0.730000000000;0.390000000000;-0.032614262795;0.313851543977;0.235531584785
0.730000000000;0.410000000000;-0.039026073149;0.327195298001;0.238872245313
0.730000000000;0.430000000000;-0.045702074715;0.340272000499;0.243009868448
0.730000000000;0.450000000000;-0.052636953168;0.353082423383;0.248032311148
0.730000000000;0.470000000000;-0.059825371650;0.365622732157;0.254033375748
0.730000000000;0.490000000000;-0.067261862455;0.377882717268;0.261113549884
0.730000000000;0.510000000000;-0.074940680341;0.389843690622;0.269380747125
0.730000000000;0.530000000000;-0.082855610080;0.401475973163;0.278950992644
0.730000000000;0.550000000000;-0.090999719267;0.412735887369;0.289948973994
0.730000000000;0.570000000000;-0.099365045574;0.423562158005;0.302508343480
0.730000000000;0.590000000000;-0.107942205588;0.433871618152;0.316771612657
0.730000000000;0.610000000000;-0.116719910300;0.443554119623;0.332889417955
0.730000000000;0.630000000000;-0.125684370372;0.452466564306;0.351018855619
0.730000000000;0.650000000000;-0.134818572873;0.460426016018;0.371320481294
0.730000000000;0.670000000000;-0.144101411013;0.467201936486;0.393953443628
0.730000000000;0.690000000000;-0.153506650332;0.472507735357;0.419068076058
0.730000000000;0.710000000000;-0.163001720427;0.475992060681;0.446795119198
0.730000000000;0.730000000000;-0.172546332759;0.477230616597;0.477230616597
0.730000000000;0.750000000000;-0.182090945091;0.475719812906;0.510415473603
0.730000000000;0.770000000000;-0.191575125276;0.470874248710;0.546308784868
0.730000000000;0.790000000000;-0.200925915040;0.462030894800;0.584754463103
0.730000000000;0.810000000000;-0.210056361068;0.448463774230;0.625441636478
0.730000000000;0.830000000000;-0.218864466009;0.429413716406;0.667860955674
0.730000000000;0.850000000000;-0.227232909724;0.404137937919;0.711261560557
0.730000000000;0.870000000000;-0.235029983526;0.371983092939;0.754617007703
0.730000000000;0.890000000000;-0.242112233441;0.332482156294;0.796612504719
0.730000000000;0.910000000000;-0.248329269777;0.285469272567;0.835669081652
0.730000000000;0.930000000000;-0.253531004344;0.231197494143;0.870020535891
0.730000000000;0.950000000000;-0.257577169543;0.170433850902;0.897852976245
0.730000000000;0.970000000000;-0.260348358380;0.104498770738;0.917501969973
0.730000000000;0.990000000000;-0.261757120373;0.035219049813;0.927679475055
0.750000000000;0.010000000000;0.027049701236;0.008855922956;0.217418571844
0.750000000000;0.030000000000;0.026695464317;0.026551887433;0.217288537668
0.750000000000;0.050000000000;0.025987625738;0.044200504264;0.217033892804
0.750000000000;0.070000000000;0.024927444147;0.061771188362;0.216665417104
0.750000000000;0.090000000000;0.023516778204;0.079234794009;0.216199116380
0.750000000000;0.110000000000;0.021758052386;0.096564130742;0.215656036189
0.750000000000;0.130000000000;0.019654212974;0.113734422531;0.215062030463
0.750000000000;0.150000000000;0.017208675485;0.130723698292;0.214447498225
0.750000000000;0.170000000000;0.014425265042;0.147513104379;0.213847103561
0.750000000000;0.190000000000;0.011308151310;0.164087132483;0.213299495119
0.750000000000;0.210000000000;0.007861779743;0.180433758922;0.212847041887
0.750000000000;0.230000000000;0.004090800953;0.196544493579;0.212535601733
0.750000000000;0.250000000000;-0.000000000000;0.212414338432;0.212414338432
0.750000000000;0.270000000000;-0.004405772584;0.228041656685;0.212535601733
0.750000000000;0.290000000000;-0.009121666267;0.243427953692;0.212954883533
0.750000000000;0.310000000000;-0.014142890732;0.258577570256;0.213730861701
0.750000000000;0.330000000000;-0.019464769078;0.273497287242;0.214925541421
0.750000000000;0.350000000000;-0.025082782222;0.288195837807;0.216604502382
0.750000000000;0.370000000000;-0.030992602590;0.302683319866;0.218837258580
0.750000000000;0.390000000000;-0.037190115016;0.316970496466;0.221697735915
0.750000000000;0.410000000000;-0.043671422449;0.331067965595;0.225264871031
0.750000000000;0.430000000000;-0.050432833640;0.344985173224;0.229623332603
0.750000000000;0.450000000000;-0.057470829378;0.358729234089;0.234864363244
0.750000000000;0.470000000000;-0.064782003003;0.372303513355;0.241086735612
0.750000000000;0.490000000000;-0.072362969912;0.385705908835;0.248397809429
0.750000000000;0.510000000000;-0.080210239357;0.398926757409;0.256914665652
0.750000000000;0.530000000000;-0.088320040208;0.411946270766;0.266765278219
0.750000000000;0.550000000000;-0.096688090187;0.424731384572;0.278089660407
0.750000000000;0.570000000000;-0.105309295591;0.437231882582;0.291040888421
0.750000000000;0.590000000000;-0.114177365491;0.449375634727;0.305785855424
0.750000000000;0.610000000000;-0.123284320980;0.461062769498;0.322505538947
0.750000000000;0.630000000000;-0.132619876271;0.472158592461;0.341394466980
0.750000000000;0.650000000000;-0.142170664679;0.482485075645;0.362658935038
0.750000000000;0.670000000000;-0.151919279296;0.491810794666;0.386513350394
0.750000000000;0.690000000000;-0.161843096465;0.499839309916;0.413173855171
0.750000000000;0.710000000000;-0.171912851693;0.506196215654;0.442848109023
0.750000000000;0.730000000000;-0.182090945091;0.510415473603;0.475719812906
0.750000000000;0.750000000000;-0.192329470637;0.511926277294;0.511926277294
0.750000000000;0.770000000000;-0.202567996183;0.510042638317;0.551527184351
0.750000000000;0.790000000000;-0.212731176170;0.503959203934;0.594462851914
0.750000000000;0.810000000000;-0.222726364340;0.492758489142;0.640501083030
0.750000000000;0.830000000000;-0.232441515736;0.475436538777;0.689173517311
0.750000000000;0.850000000000;-0.241743825892;0.450955497181;0.739705819003
0.750000000000;0.870000000000;-0.250479735623;0.418331610853;0.790951480565
0.750000000000;0.890000000000;-0.258477090326;0.376764166809;0.841346412546
0.750000000000;0.910000000000;-0.265550302295;0.325802735502;0.888909488860
0.750000000000;0.930000000000;-0.271509199746;0.265535373848;0.931319268761
0.750000000000;0.950000000000;-0.276171717249;0.196760286404;0.966092974059
0.750000000000;0.970000000000;-0.279379611202;0.121084340524;0.990872998203
0.750000000000;0.990000000000;-0.281015090870;0.040886991703;1.003785516571
0.770000000000;0.010000000000;0.022878448258;0.008798846587;0.199763802301
0.770000000000;0.030000000000;0.022526494394;0.026383221736;0.199662967585
0.770000000000;0.050000000000;0.021823119388;0.043927910349;0.199466157442
0.770000000000;0.070000000000;0.020769377980;0.061407339375;0.199183039343
0.770000000000;0.090000000000;0.019366825813;0.078797238009;0.198827989860
0.770000000000;0.110000000000;0.017617488460;0.096075110254;0.198419953731
0.770000000000;0.130000000000;0.015523821403;0.113220661564;0.197982269822
0.770000000000;0.150000000000;0.013088661998;0.130216169679;0.197542474990
0.770000000000;0.170000000000;0.010315174616;0.147046791818;0.197132098570
0.770000000000;0.190000000000;0.007206790325;0.163700802478;0.196786461347
0.770000000000;0.210000000000;0.003767142517;0.180169758120;0.196544493579
0.770000000000;0.230000000000;-0.000000000000;0.196448586752;0.196448586752
0.770000000000;0.250000000000;-0.004090800953;0.212535601733;0.196544493579
0.770000000000;0.270000000000;-0.008501424069;0.228432439858;0.196881290208
0.770000000000;0.290000000000;-0.013228098547;0.244143923897;0.197511414012
0.770000000000;0.310000000000;-0.018267181025;0.259677848990;0.198490789563
0.770000000000;0.330000000000;-0.023615212507;0.275044690793;0.199879054769
0.770000000000;0.350000000000;-0.029268968657;0.290257230640;0.201739898621
0.770000000000;0.370000000000;-0.035225501733;0.305330089361;0.204141521562
0.770000000000;0.390000000000;-0.041482172231;0.320279156428;0.207157229266
0.770000000000;0.410000000000;-0.048036667990;0.335120894688;0.210866170292
0.770000000000;0.430000000000;-0.054887008019;0.349871492713;0.215354227688
0.770000000000;0.450000000000;-0.062031527698;0.364545826392;0.220715073614
0.770000000000;0.470000000000;-0.069468841075;0.379156178342;0.227051394026
0.770000000000;0.490000000000;-0.077197774832;0.393710647308;0.234476286570
0.770000000000;0.510000000000;-0.085217266967;0.408211159412;0.243114827832
0.770000000000;0.530000000000;-0.093526221208;0.422650967919;0.253105794176
0.770000000000;0.550000000000;-0.102123305684;0.437011497570;0.264603500992
0.770000000000;0.570000000000;-0.111006681111;0.451258353023;0.277779694373
0.770000000000;0.590000000000;-0.120173639804;0.465336268678;0.292825381672
0.770000000000;0.610000000000;-0.129620131858;0.479162731178;0.309952415428
0.770000000000;0.630000000000;-0.139340149052;0.492619960398;0.329394538315
0.770000000000;0.650000000000;-0.149324930274;0.505544899433;0.351407441484
0.770000000000;0.670000000000;-0.159561945029;0.517716856619;0.376267167740
0.770000000000;0.690000000000;-0.170033604539;0.528842493986;0.404265885210
0.770000000000;0.710000000000;-0.180715644788;0.538538018415;0.435703648817
0.770000000000;0.730000000000;-0.191575125276;0.546308784868;0.470874248710
0.770000000000;0.750000000000;-0.202567996183;0.551527184351;0.510042638317
0.770000000000;0.770000000000;-0.213636212650;0.553410823329;0.553410823329
0.770000000000;0.790000000000;-0.224704429116;0.551004793478;0.601068677170
0.770000000000;0.810000000000;-0.235676404389;0.543174439627;0.652926326416
0.770000000000;0.830000000000;-0.246431406701;0.528618452380;0.708626211536
0.770000000000;0.850000000000;-0.256821142484;0.505915901174;0.767436717580
0.770000000000;0.870000000000;-0.266668042748;0.473623686482;0.828136683007
0.770000000000;0.890000000000;-0.275766089943;0.430440164589;0.888912176039
0.770000000000;0.910000000000;-0.283885649332;0.375442128783;0.947303192481
0.770000000000;0.930000000000;-0.290783775095;0.308380979342;1.000254076235
0.770000000000;0.950000000000;-0.296220888506;0.229987580344;1.044326653028
0.770000000000;0.970000000000;-0.299983278308;0.142191313250;1.076111532209
0.770000000000;0.990000000000;-0.301908541036;0.048131568181;1.092804076456
0.790000000000;0.010000000000;0.019059149144;0.008755088241;0.182209867473
0.790000000000;0.030000000000;0.018708945614;0.026254242574;0.182133372929
0.790000000000;0.050000000000;0.018008979441;0.043720576022;0.181984730037
0.790000000000;0.070000000000;0.016960122573;0.061133020780;0.181772592964
0.790000000000;0.090000000000;0.015563658609;0.078471708398;0.181509849986
0.790000000000;0.110000000000;0.013821254237;0.095718410703;0.181213519054
0.790000000000;0.130000000000;0.011734922181;0.112856943790;0.180904620102
0.790000000000;0.150000000000;0.009306976486;0.129873527041;0.180608033345
0.790000000000;0.170000000000;0.006539981100;0.146757090736;0.180352354381
0.790000000000;0.190000000000;0.003436692856;0.163499527491;0.180169758120
0.790000000000;0.210000000000;-0.000000000000;0.180095884327;0.180095884327
0.790000000000;0.230000000000;-0.003767142517;0.196544493579;0.180169758120
0.790000000000;0.250000000000;-0.007861779743;0.212847041887;0.180433758922
0.790000000000;0.270000000000;-0.012281024192;0.229008577119;0.180933651507
0.790000000000;0.290000000000;-0.017022122828;0.245037453047;0.181718692746
0.790000000000;0.310000000000;-0.022082522314;0.260945211013;0.182841827770
0.790000000000;0.330000000000;-0.027459931268;0.276746396299;0.184359989473
0.790000000000;0.350000000000;-0.033152378166;0.292458304600;0.186334515769
0.790000000000;0.370000000000;-0.039158263452;0.308100650511;0.188831699782
0.790000000000;0.390000000000;-0.045476404187;0.323695145195;0.191923489295
0.790000000000;0.410000000000;-0.052106069260;0.339264964016;0.195688353182
0.790000000000;0.430000000000;-0.059047002747;0.354834076546;0.200212334243
0.790000000000;0.450000000000;-0.066299432322;0.370426400427;0.205590309499
0.790000000000;0.470000000000;-0.073864058765;0.386064726311;0.211927480307
0.790000000000;0.490000000000;-0.081742021375;0.401769342641;0.219341114993
0.790000000000;0.510000000000;-0.089934832470;0.417556265015;0.227962564930
0.790000000000;0.530000000000;-0.098444271975;0.433434943926;0.237939569661
0.790000000000;0.550000000000;-0.107272230227;0.449405284768;0.249438855014
0.790000000000;0.570000000000;-0.116420483366;0.465453763261;0.262649006405
0.790000000000;0.590000000000;-0.125890380758;0.481548355783;0.277783561462
0.790000000000;0.610000000000;-0.135682417597;0.497631926141;0.295084202779
0.790000000000;0.630000000000;-0.145795657803;0.513613618518;0.314823829368
0.790000000000;0.650000000000;-0.156226962338;0.529357705070;0.337309124845
0.790000000000;0.670000000000;-0.166969966006;0.544669238391;0.362881993872
0.790000000000;0.690000000000;-0.178013731874;0.559275790992;0.391918869110
0.790000000000;0.710000000000;-0.189340997646;0.572804579154;0.424826352325
0.790000000000;0.730000000000;-0.200925915040;0.584754463103;0.462030894800
0.790000000000;0.750000000000;-0.212731176170;0.594462851914;0.503959203934
0.790000000000;0.770000000000;-0.224704429116;0.601068677170;0.551004793478
0.790000000000;0.790000000000;-0.236773923257;0.603474707021;0.603474707021
0.790000000000;0.810000000000;-0.248843417397;0.600316023508;0.661509333929
0.790000000000;0.830000000000;-0.260786564197;0.589946929941;0.724968284837
0.790000000000;0.850000000000;-0.272441294595;0.570465968652;0.793278156773
0.790000000000;0.870000000000;-0.283605202943;0.539807069312;0.865246357846
0.790000000000;0.890000000000;-0.294033577367;0.495930676283;0.938862416123
0.790000000000;0.910000000000;-0.303442429994;0.437144635697;1.011137028789
0.790000000000;0.930000000000;-0.311519362795;0.362558834395;1.078067190669
0.790000000000;0.950000000000;-0.317944783370;0.272617742378;1.134848029610
0.790000000000;0.970000000000;-0.322424072490;0.169561763952;1.176442401147
0.790000000000;0.990000000000;-0.324727253928;0.057579535951;1.198515180587
0.810000000000;0.010000000000;0.015590053559;0.008722352042;0.164732427191
0.810000000000;0.030000000000;0.015241159477;0.026158084299;0.164675926621
0.810000000000;0.050000000000;0.014543730187;0.043567130384;0.164566796813
0.810000000000;0.070000000000;0.013498474262;0.060932459324;0.164412752491
0.810000000000;0.090000000000;0.012106431814;0.078238164099;0.164225298067
0.810000000000;0.110000000000;0.010368947698;0.095469880370;0.164019652397
0.810000000000;0.130000000000;0.008287636599;0.112615175854;0.163814658189
0.810000000000;0.150000000000;0.005864340664;0.129663903958;0.163632683904
0.810000000000;0.170000000000;0.003101080441;0.146608516593;0.163499527491
0.810000000000;0.190000000000;-0.000000000000;0.163444332424;0.163444332424
0.810000000000;0.210000000000;-0.003436692856;0.180169758120;0.163499527491
0.810000000000;0.230000000000;-0.007206790325;0.196786461347;0.163700802478
0.810000000000;0.250000000000;-0.011308151310;0.213299495119;0.164087132483
0.810000000000;0.270000000000;-0.015738770130;0.229717373682;0.164700864152
0.810000000000;0.290000000000;-0.020496846257;0.246052100160;0.165587877695
0.810000000000;0.310000000000;-0.025580854136;0.262319145717;0.166797839298
0.810000000000;0.330000000000;-0.030989612086;0.278537378792;0.168384559585
0.810000000000;0.350000000000;-0.036722349288;0.294728940949;0.170406475200
0.810000000000;0.370000000000;-0.042778769724;0.310919062887;0.172927272503
0.810000000000;0.390000000000;-0.049159111803;0.327135809827;0.176016674949
0.810000000000;0.410000000000;-0.055864202117;0.343409739636;0.179751418896
0.810000000000;0.430000000000;-0.062895501389;0.359773449030;0.184216446604
0.810000000000;0.450000000000;-0.070255140078;0.376260972457;0.189506349831
0.810000000000;0.470000000000;-0.077945940287;0.392906983836;0.195727102712
0.810000000000;0.490000000000;-0.085971419432;0.409745731930;0.202998128165
0.810000000000;0.510000000000;-0.094335769564;0.426809614080;0.211454747235
0.810000000000;0.530000000000;-0.103043803995;0.444127258003;0.221251064523
0.810000000000;0.550000000000;-0.112100859884;0.461720934314;0.232563342999
0.810000000000;0.570000000000;-0.121512641367;0.479603059471;0.245593914771
0.810000000000;0.590000000000;-0.131284982263;0.497771465051;0.260575654994
0.810000000000;0.610000000000;-0.141423499969;0.516202999084;0.277777004856
0.810000000000;0.630000000000;-0.151933102226;0.534844882464;0.297507451535
0.810000000000;0.650000000000;-0.162817295268;0.553603063937;0.320123234653
0.810000000000;0.670000000000;-0.174077224784;0.572326600885;0.346032813794
0.810000000000;0.690000000000;-0.185710359303;0.590786852438;0.375701245034
0.810000000000;0.710000000000;-0.197708698881;0.608650044105;0.409651996572
0.810000000000;0.730000000000;-0.210056361068;0.625441636478;0.448463774230
0.810000000000;0.750000000000;-0.222726364340;0.640501083030;0.492758489142
0.810000000000;0.770000000000;-0.235676404389;0.652926326416;0.543174439627
0.810000000000;0.790000000000;-0.248843417397;0.661509333929;0.600316023508
0.810000000000;0.810000000000;-0.262136777746;0.664668017443;0.664668017443
0.810000000000;0.830000000000;-0.275430138095;0.660387275224;0.736459437110
0.810000000000;0.850000000000;-0.288552268755;0.646193974182;0.815461266831
0.810000000000;0.870000000000;-0.301277897062;0.619207945832;0.900708175478
0.810000000000;0.890000000000;-0.313320586588;0.576330835533;0.990154101819
0.810000000000;0.910000000000;-0.324331130483;0.514646903328;1.080315315884
0.810000000000;0.930000000000;-0.333906462721;0.432091980163;1.166029628040
0.810000000000;0.950000000000;-0.341614809690;0.328362790822;1.240555873596
0.810000000000;0.970000000000;-0.347040974354;0.205858464227;1.296294862182
0.810000000000;0.990000000000;-0.349849148259;0.070204347621;1.326299064159
0.830000000000;0.010000000000;0.012469852056;0.008698587671;0.147311487478
0.830000000000;0.030000000000;0.012121908549;0.026088612196;0.147271109551
0.830000000000;0.050000000000;0.011426307568;0.043457401892;0.147193778101
0.830000000000;0.070000000000;0.010383612473;0.060791522034;0.147086322121
0.830000000000;0.090000000000;0.008994646687;0.078078608304;0.146958937392
0.830000000000;0.110000000000;0.007260468141;0.095307770825;0.146825134278
0.830000000000;0.130000000000;0.005182335854;0.112469975298;0.146701676351
0.830000000000;0.150000000000;0.002761669129;0.129558396343;0.146608516593
0.830000000000;0.170000000000;-0.000000000000;0.146568739255;0.146568739255
0.830000000000;0.190000000000;-0.003101080441;0.163499527491;0.146608516593
0.830000000000;0.210000000000;-0.006539981100;0.180352354381;0.146757090736
0.830000000000;0.230000000000;-0.010315174616;0.197132098570;0.147046791818
0.830000000000;0.250000000000;-0.014425265042;0.213847103561;0.147513104379
0.830000000000;0.270000000000;-0.018869058759;0.230509322331;0.148194794924
0.830000000000;0.290000000000;-0.023645637936;0.247134428193;0.149134114584
0.830000000000;0.310000000000;-0.028754435886;0.263741892904;0.150377092141
0.830000000000;0.330000000000;-0.034195313652;0.280355032201;0.151973934370
0.830000000000;0.350000000000;-0.039968637174;0.297001017518;0.153979552941
0.830000000000;0.370000000000;-0.046075354353;0.313710850261;0.156454240082
0.830000000000;0.390000000000;-0.052517071185;0.330519291588;0.159464519103
0.830000000000;0.410000000000;-0.059296126016;0.347464735671;0.163084200851
0.830000000000;0.430000000000;-0.066415660612;0.364589007480;0.167395683447
0.830000000000;0.450000000000;-0.073879686315;0.381937056534;0.172491540507
0.830000000000;0.470000000000;-0.081693142873;0.399556504646;0.178476452545
0.830000000000;0.490000000000;-0.089861946501;0.417496987164;0.185469547719
0.830000000000;0.510000000000;-0.098393022360;0.435809201373;0.193607231322
0.830000000000;0.530000000000;-0.107294314556;0.454543539690;0.203046598196
0.830000000000;0.550000000000;-0.116574763947;0.473748135016;0.213969537688
0.830000000000;0.570000000000;-0.126244239957;0.493466075256;0.226587654687
0.830000000000;0.590000000000;-0.136313406957;0.513731445868;0.241148138885
0.830000000000;0.610000000000;-0.146793497791;0.534563722682;0.257940710118
0.830000000000;0.630000000000;-0.157695955865;0.555959848315;0.277305737260
0.830000000000;0.650000000000;-0.169031891724;0.577883067329;0.299643548440
0.830000000000;0.670000000000;-0.180811278558;0.600247248773;0.325424781616
0.830000000000;0.690000000000;-0.193041781675;0.622894973770;0.355201300662
0.830000000000;0.710000000000;-0.205727077509;0.645567108349;0.389616614698
0.830000000000;0.730000000000;-0.218864466009;0.667860955674;0.429413716406
0.830000000000;0.750000000000;-0.232441515736;0.689173517311;0.475436538777
0.830000000000;0.770000000000;-0.246431406701;0.708626211536;0.528618452380
0.830000000000;0.790000000000;-0.260786564197;0.724968284837;0.589946929941
0.830000000000;0.810000000000;-0.275430138095;0.736459437110;0.660387275224
0.830000000000;0.830000000000;-0.290244941681;0.740740179329;0.740740179329
0.830000000000;0.850000000000;-0.305059745268;0.734714707020;0.831399297962
0.830000000000;0.870000000000;-0.319633529962;0.714499904300;0.931970975418
0.830000000000;0.890000000000;-0.333639741440;0.675537816689;1.040730499788
0.830000000000;0.910000000000;-0.346655042630;0.613020161919;1.153940504889
0.830000000000;0.930000000000;-0.358160547917;0.522799392107;1.265180132013
0.830000000000;0.950000000000;-0.367567018314;0.402882976520;1.365050974552
0.830000000000;0.970000000000;-0.374275866978;0.255304954514;1.441882109826
0.830000000000;0.990000000000;-0.377779216495;0.087583737928;1.484087149708
0.850000000000;0.010000000000;0.009697594060;0.008681974116;0.129930925691
0.850000000000;0.030000000000;0.009350315095;0.026040374923;0.129903246005
0.850000000000;0.050000000000;0.008655979063;0.043382342954;0.129850883920
0.850000000000;0.070000000000;0.007615021377;0.060697618615;0.129779820499
0.850000000000;0.090000000000;0.006228074318;0.077976976256;0.129698995103
0.850000000000;0.110000000000;0.004495942327;0.095212619329;0.129620270973
0.850000000000;0.130000000000;0.002419569545;0.112398558169;0.129558396343
0.850000000000;0.150000000000;-0.000000000000;0.129530966862;0.129530966862
0.850000000000;0.170000000000;-0.002761669129;0.146608516593;0.129558396343
0.850000000000;0.190000000000;-0.005864340664;0.163632683904;0.129663903958
0.850000000000;0.210000000000;-0.009306976486;0.180608033345;0.129873527041
0.850000000000;0.230000000000;-0.013088661998;0.197542474990;0.130216169679
0.850000000000;0.250000000000;-0.017208675485;0.214447498225;0.130723698292
0.850000000000;0.270000000000;-0.021666561927;0.231338383887;0.131431096580
0.850000000000;0.290000000000;-0.026462210841;0.248234397377;0.132376693576
0.850000000000;0.310000000000;-0.031595937822;0.265158965503;0.133602480311
0.850000000000;0.330000000000;-0.037068569461;0.282139839592;0.135154532813
0.850000000000;0.350000000000;-0.042881531405;0.299209246661;0.137083562112
0.850000000000;0.370000000000;-0.049036939327;0.316404029049;0.139445615780
0.850000000000;0.390000000000;-0.055537692567;0.333765770595;0.142302960531
0.850000000000;0.410000000000;-0.062387570151;0.351340903980;0.145725181955
0.850000000000;0.430000000000;-0.069591328726;0.369180788686;0.149790545827
0.850000000000;0.450000000000;-0.077154801698;0.387341741554;0.154587676206
0.850000000000;0.470000000000;-0.085084998389;0.405884991048;0.160217619240
0.850000000000;0.490000000000;-0.093390201340;0.424876510707;0.166796378846
0.850000000000;0.510000000000;-0.102080058817;0.444386664557;0.174458032137
0.850000000000;0.530000000000;-0.111165667923;0.464489564369;0.183358559251
0.850000000000;0.550000000000;-0.120659641392;0.485261990806;0.193680554869
0.850000000000;0.570000000000;-0.130576147555;0.506781660668;0.205639027404
0.850000000000;0.590000000000;-0.140930907818;0.529124520482;0.219488535742
0.850000000000;0.610000000000;-0.151741128374;0.552360597460;0.235531959469
0.850000000000;0.630000000000;-0.163025331717;0.576547720786;0.254131238949
0.850000000000;0.650000000000;-0.174803037206;0.601722108293;0.275720440230
0.850000000000;0.670000000000;-0.187094216048;0.627884353106;0.300821463570
0.850000000000;0.690000000000;-0.199918411330;0.654978685519;0.330062561299
0.850000000000;0.710000000000;-0.213293363469;0.682862459849;0.364199445152
0.850000000000;0.730000000000;-0.227232909724;0.711261560557;0.404137937919
0.850000000000;0.750000000000;-0.241743825892;0.739705819003;0.450955497181
0.850000000000;0.770000000000;-0.256821142484;0.767436717580;0.505915901174
0.850000000000;0.790000000000;-0.272441294595;0.793278156773;0.570465968652
0.850000000000;0.810000000000;-0.288552268755;0.815461266831;0.646193974182
0.850000000000;0.830000000000;-0.305059745268;0.831399297962;0.734714707020
0.850000000000;0.850000000000;-0.321808240673;0.837424770271;0.837424770271
0.850000000000;0.870000000000;-0.338556736079;0.828539147658;0.955045928443
0.850000000000;0.890000000000;-0.354949806580;0.798300365004;1.086856417028
0.850000000000;0.910000000000;-0.370488750679;0.739096535552;1.229536071871
0.850000000000;0.930000000000;-0.384513668002;0.643202449826;1.375699420568
0.850000000000;0.950000000000;-0.396216848672;0.505064768636;1.512585782774
0.850000000000;0.970000000000;-0.404716258747;0.324894639383;1.622095452863
0.850000000000;0.990000000000;-0.409212634247;0.112409387503;1.684080275138
0.870000000000;0.010000000000;0.007272615028;0.008670907985;0.112578043590
0.870000000000;0.030000000000;0.006925778709;0.026008570425;0.112560064859
0.870000000000;0.050000000000;0.006232272211;0.043333976386;0.112526691075
0.870000000000;0.070000000000;0.005192419653;0.060639633217;0.112483080853
0.870000000000;0.090000000000;0.003806686883;0.077919058778;0.112436951548
0.870000000000;0.110000000000;0.002075657302;0.095167172065;0.112398558169
0.870000000000;0.130000000000;-0.000000000000;0.112380671187;0.112380671187
0.870000000000;0.150000000000;-0.002419569545;0.129558396343;0.112398558169
0.870000000000;0.170000000000;-0.005182335854;0.146701676351;0.112469975298
0.870000000000;0.190000000000;-0.008287636599;0.163814658189;0.112615175854
0.870000000000;0.210000000000;-0.011734922181;0.180904620102;0.112856943790
0.870000000000;0.230000000000;-0.015523821403;0.197982269822;0.113220661564
0.870000000000;0.250000000000;-0.019654212974;0.215062030463;0.113734422531
0.870000000000;0.270000000000;-0.024126302622;0.232162317614;0.114429199528
0.870000000000;0.290000000000;-0.028940705679;0.249305811924;0.115339082828
0.870000000000;0.310000000000;-0.034098535099;0.266519732141;0.116501602715
0.870000000000;0.330000000000;-0.039601494964;0.283836114003;0.117958154458
0.870000000000;0.350000000000;-0.045451979659;0.301292100485;0.119754546916
0.870000000000;0.370000000000;-0.051653178984;0.318930248679;0.121941700395
0.870000000000;0.390000000000;-0.058209189606;0.336798857764;0.124576525286
0.870000000000;0.410000000000;-0.065125133294;0.354952320967;0.127723020613
0.870000000000;0.430000000000;-0.072407282445;0.373451501731;0.131453641698
0.870000000000;0.450000000000;-0.080063193364;0.392364129948;0.135850999251
0.870000000000;0.470000000000;-0.088101847643;0.411765207285;0.141009969364
0.870000000000;0.490000000000;-0.096533801655;0.431737400061;0.147040316287
0.870000000000;0.510000000000;-0.105371343645;0.452371381778;0.154069959129
0.870000000000;0.530000000000;-0.114628656926;0.473766062423;0.162249051803
0.870000000000;0.550000000000;-0.124321986142;0.496028603169;0.171755095135
0.870000000000;0.570000000000;-0.134469801053;0.519274056129;0.182799364316
0.870000000000;0.590000000000;-0.145092948387;0.543624377933;0.195635017212
0.870000000000;0.610000000000;-0.156214776170;0.569206425889;0.210567353066
0.870000000000;0.630000000000;-0.167861205423;0.596148329076;0.227966818839
0.870000000000;0.650000000000;-0.180060709333;0.624573291949;0.248285509961
0.870000000000;0.670000000000;-0.192844137101;0.654589369841;0.272078071133
0.870000000000;0.690000000000;-0.206244284127;0.686272955352;0.300028035812
0.870000000000;0.710000000000;-0.220295055315;0.719642484970;0.332980666691
0.870000000000;0.730000000000;-0.235029983526;0.754617007703;0.371983092939
0.870000000000;0.750000000000;-0.250479735623;0.790951480565;0.418331610853
0.870000000000;0.770000000000;-0.266668042748;0.828136683007;0.473623686482
0.870000000000;0.790000000000;-0.283605202943;0.865246357846;0.539807069312
0.870000000000;0.810000000000;-0.301277897062;0.900708175478;0.619207945832
0.870000000000;0.830000000000;-0.319633529962;0.931970975418;0.714499904300
0.870000000000;0.850000000000;-0.338556736079;0.955045928443;0.828539147658
0.870000000000;0.870000000000;-0.357835367100;0.963931551056;0.963931551056
0.870000000000;0.890000000000;-0.377113998121;0.950027960117;1.122113168008
0.870000000000;0.910000000000;-0.395836485505;0.901863165460;1.301647945000
0.870000000000;0.930000000000;-0.413188524739;0.805849103010;1.495495695615
0.870000000000;0.950000000000;-0.428070449625;0.649279008815;1.687497283112
0.870000000000;0.970000000000;-0.439159685092;0.426799446879;1.849833643714
0.870000000000;0.990000000000;-0.445142427500;0.149568560203;1.946058222844
0.890000000000;0.010000000000;0.005194472316;0.008663995384;0.095243140221
0.890000000000;0.030000000000;0.004847912501;0.025989022408;0.095232278765
0.890000000000;0.050000000000;0.004154911420;0.043305358948;0.095212734668
0.890000000000;0.070000000000;0.003115698143;0.060607879088;0.095188860290
0.890000000000;0.090000000000;0.001730596256;0.077892453573;0.095167172065
0.890000000000;0.110000000000;-0.000000000000;0.095156338968;0.095156338968
0.890000000000;0.130000000000;-0.002075657302;0.112398558169;0.095167172065
0.890000000000;0.150000000000;-0.004495942327;0.129620270973;0.095212619329
0.890000000000;0.170000000000;-0.007260468141;0.146825134278;0.095307770825
0.890000000000;0.190000000000;-0.010368947698;0.164019652397;0.095469880370
0.890000000000;0.210000000000;-0.013821254237;0.181213519054;0.095718410703
0.890000000000;0.230000000000;-0.017617488460;0.198419953731;0.096075110254
0.890000000000;0.250000000000;-0.021758052386;0.215656036189;0.096564130742
0.890000000000;0.270000000000;-0.026243729908;0.232943044183;0.097212196172
0.890000000000;0.290000000000;-0.031075774154;0.250306800564;0.098048835494
0.890000000000;0.310000000000;-0.036256001930;0.267778037134;0.099106693261
0.890000000000;0.330000000000;-0.041786895639;0.285392783793;0.100421935390
0.890000000000;0.350000000000;-0.047671713282;0.303192792598;0.102034770697
0.890000000000;0.370000000000;-0.053914607343;0.321226007419;0.103990113597
0.890000000000;0.390000000000;-0.060520753579;0.339547090814;0.106338419604
0.890000000000;0.410000000000;-0.067496490976;0.358218020392;0.109136733514
0.890000000000;0.430000000000;-0.074849474394;0.377308767324;0.112450001101
0.890000000000;0.450000000000;-0.082588841669;0.396898069220;0.116352709735
0.890000000000;0.470000000000;-0.090725397163;0.417074308084;0.120930942679
0.890000000000;0.490000000000;-0.099271813992;0.437936500472;0.126284957808
0.890000000000;0.510000000000;-0.108242857182;0.459595400073;0.132532436289
0.890000000000;0.530000000000;-0.117655629995;0.482174700375;0.139812593696
0.890000000000;0.550000000000;-0.127529845197;0.505812303319;0.148291409553
0.890000000000;0.570000000000;-0.137888122128;0.530661582745;0.158168317512
0.890000000000;0.590000000000;-0.148756308507;0.556892509232;0.169684815723
0.890000000000;0.610000000000;-0.160163822497;0.584692399086;0.183135616744
0.890000000000;0.630000000000;-0.172144004470;0.614265877681;0.198883173378
0.890000000000;0.650000000000;-0.184734457604;0.645833360588;0.217376709641
0.890000000000;0.670000000000;-0.197977338894;0.679626878957;0.239177275191
0.890000000000;0.690000000000;-0.211919532762;0.715881281076;0.264990844125
0.890000000000;0.710000000000;-0.226612590137;0.754817516976;0.295712092860
0.890000000000;0.730000000000;-0.242112233441;0.796612504719;0.332482156294
0.890000000000;0.750000000000;-0.258477090326;0.841346412546;0.376764166809
0.890000000000;0.770000000000;-0.275766089943;0.888912176039;0.430440164589
0.890000000000;0.790000000000;-0.294033577367;0.938862416123;0.495930676283
0.890000000000;0.810000000000;-0.313320586588;0.990154101819;0.576330835533
0.890000000000;0.830000000000;-0.333639741440;1.040730499788;0.675537816689
0.890000000000;0.850000000000;-0.354949806580;1.086856417028;0.798300365004
0.890000000000;0.870000000000;-0.377113998121;1.122113168008;0.950027960117
0.890000000000;0.890000000000;-0.399834333300;1.136016758947;1.136016758947
0.890000000000;0.910000000000;-0.422554668479;1.112479063160;1.359446844505
0.890000000000;0.930000000000;-0.444333495826;1.029051787939;1.617138133781
0.890000000000;0.950000000000;-0.463716739997;0.859402716735;1.892074010346
0.890000000000;0.970000000000;-0.478709604496;0.583455579114;2.143683616038
0.890000000000;0.990000000000;-0.487054963161;0.208633966632;2.304260749678
0.910000000000;0.010000000000;0.003462889419;0.008660046529;0.077919098307
0.910000000000;0.030000000000;0.003116487558;0.025978164872;0.077913175311
0.910000000000;0.050000000000;0.002423762825;0.043290557911;0.077903108541
0.910000000000;0.070000000000;0.001384865242;0.060594070615;0.077892453573
0.910000000000;0.090000000000;-0.000000000000;0.077886537456;0.077886537456
0.910000000000;0.110000000000;-0.001730596256;0.095167172065;0.077892453573
0.910000000000;0.130000000000;-0.003806686883;0.112436951548;0.077919058778
0.910000000000;0.150000000000;-0.006228074318;0.129698995103;0.077976976256
0.910000000000;0.170000000000;-0.008994646687;0.146958937392;0.078078608304
0.910000000000;0.190000000000;-0.012106431814;0.164225298067;0.078238164099
0.910000000000;0.210000000000;-0.015563658609;0.181509849986;0.078471708398
0.910000000000;0.230000000000;-0.019366825813;0.198827989860;0.078797238009
0.910000000000;0.250000000000;-0.023516778204;0.216199116380;0.079234794009
0.910000000000;0.270000000000;-0.028014790469;0.233647022367;0.079806618924
0.910000000000;0.290000000000;-0.032862659098;0.251200309013;0.080537369715
0.910000000000;0.310000000000;-0.038062802829;0.268892832037;0.081454399446
0.910000000000;0.330000000000;-0.043618372380;0.286764191439;0.082588123145
0.910000000000;0.350000000000;-0.049533370487;0.304860278692;0.083972486885
0.910000000000;0.370000000000;-0.055812783528;0.323233897587;0.085645563692
0.910000000000;0.390000000000;-0.062462726390;0.341945477680;0.087650306021
0.910000000000;0.410000000000;-0.069490602635;0.361063902463;0.090035492735
0.910000000000;0.430000000000;-0.076905282489;0.380667477953;0.092856919457
0.910000000000;0.450000000000;-0.084717301753;0.400845071526;0.096178895910
0.910000000000;0.470000000000;-0.092939085350;0.421697455358;0.100076133809
0.910000000000;0.490000000000;-0.101585199967;0.443338893670;0.104636135978
0.910000000000;0.510000000000;-0.110672641097;0.465899017666;0.109962234522
0.910000000000;0.530000000000;-0.120221160674;0.489525035687;0.116177477138
0.910000000000;0.550000000000;-0.130253642524;0.514384326985;0.123429631869
0.910000000000;0.570000000000;-0.140796533753;0.540667462299;0.131897680456
0.910000000000;0.590000000000;-0.151880341016;0.568591677166;0.141800311426
0.910000000000;0.610000000000;-0.163540200840;0.598404783544;0.153407124810
0.910000000000;0.630000000000;-0.175816532358;0.630389421973;0.167053548289
0.910000000000;0.650000000000;-0.188755777719;0.664867393762;0.183160880035
0.910000000000;0.670000000000;-0.202411228108;0.702203504325;0.202263475865
0.910000000000;0.690000000000;-0.216843917892;0.742807773020;0.225045972637
0.910000000000;0.710000000000;-0.232123539029;0.787133797139;0.252394704330
0.910000000000;0.730000000000;-0.248329269777;0.835669081652;0.285469272567
0.910000000000;0.750000000000;-0.265550302295;0.888909488860;0.325802735502
0.910000000000;0.770000000000;-0.283885649332;0.947303192481;0.375442128783
0.910000000000;0.790000000000;-0.303442429994;1.011137028789;0.437144635697
0.910000000000;0.810000000000;-0.324331130483;1.080315315884;0.514646903328
0.910000000000;0.830000000000;-0.346655042630;1.153940504889;0.613020161919
0.910000000000;0.850000000000;-0.370488750679;1.229536071871;0.739096535552
0.910000000000;0.870000000000;-0.395836485505;1.301647945000;0.901863165460
0.910000000000;0.890000000000;-0.422554668479;1.359446844505;1.112479063160
0.910000000000;0.910000000000;-0.450214359285;1.382984540293;1.382984540293
0.910000000000;0.930000000000;-0.477874050091;1.338476268851;1.721535984656
0.910000000000;0.950000000000;-0.503753410039;1.175824491073;2.119977008452
0.910000000000;0.970000000000;-0.524907029734;0.838986186210;2.528566060416
0.910000000000;0.990000000000;-0.537312857487;0.310145693842;2.823040410151
0.930000000000;0.010000000000;0.002077708384;0.008658072388;0.060600979390
0.930000000000;0.030000000000;0.001731385488;0.025973032642;0.060598215631
0.930000000000;0.050000000000;0.001038787078;0.043284637210;0.060594070615
0.930000000000;0.070000000000;-0.000000000000;0.060591308003;0.060591308003
0.930000000000;0.090000000000;-0.001384865242;0.077892453573;0.060594070615
0.930000000000;0.110000000000;-0.003115698143;0.095188860290;0.060607879088
0.930000000000;0.130000000000;-0.005192419653;0.112483080853;0.060639633217
0.930000000000;0.150000000000;-0.007615021377;0.129779820499;0.060697618615
0.930000000000;0.170000000000;-0.010383612473;0.147086322121;0.060791522034
0.930000000000;0.190000000000;-0.013498474262;0.164412752491;0.060932459324
0.930000000000;0.210000000000;-0.016960122573;0.181772592964;0.061133020780
0.930000000000;0.230000000000;-0.020769377980;0.199183039343;0.061407339375
0.930000000000;0.250000000000;-0.024927444147;0.216665417104;0.061771188362
0.930000000000;0.270000000000;-0.029435994665;0.234245619890;0.062242115799
0.930000000000;0.290000000000;-0.034297268942;0.251954581086;0.062839624997
0.930000000000;0.310000000000;-0.039514177908;0.269828790563;0.063585411662
0.930000000000;0.330000000000;-0.045090420565;0.287910871233;0.064503670857
0.930000000000;0.350000000000;-0.051030612757;0.306250233145;0.065621490007
0.930000000000;0.370000000000;-0.057340429891;0.324903826555;0.066969348266
0.930000000000;0.390000000000;-0.064026765820;0.343937019857;0.068581748053
0.930000000000;0.410000000000;-0.071097910685;0.363424633828;0.070498011950
0.930000000000;0.430000000000;-0.078563751173;0.383452170499;0.072763288082
0.930000000000;0.450000000000;-0.086435997505;0.404117283572;0.075429820639
0.930000000000;0.470000000000;-0.094728442516;0.425531548151;0.078558560669
0.930000000000;0.490000000000;-0.103457259431;0.447822601185;0.082221217772
0.930000000000;0.510000000000;-0.112641346563;0.471136741233;0.086502888684
0.930000000000;0.530000000000;-0.122302729080;0.495642097722;0.091505448466
0.930000000000;0.550000000000;-0.132467030472;0.521532506636;0.097351960329
0.930000000000;0.570000000000;-0.143164029346;0.549032262301;0.104192461017
0.930000000000;0.590000000000;-0.154428320964;0.578401953587;0.112211624713
0.930000000000;0.610000000000;-0.166300107489;0.609945635950;0.121639022782
0.930000000000;0.630000000000;-0.178826146402;0.644019632906;0.132763014932
0.930000000000;0.650000000000;-0.192060892805;0.681043288164;0.145949786345
0.930000000000;0.670000000000;-0.206067877928;0.721511971559;0.161669775597
0.930000000000;0.690000000000;-0.220921371668;0.766012509541;0.180534866227
0.930000000000;0.710000000000;-0.236708378310;0.815240816907;0.203351479255
0.930000000000;0.730000000000;-0.253531004344;0.870020535891;0.231197494143
0.930000000000;0.750000000000;-0.271509199746;0.931319268761;0.265535373848
0.930000000000;0.770000000000;-0.290783775095;1.000254076235;0.308380979342
0.930000000000;0.790000000000;-0.311519362795;1.078067190669;0.362558834395
0.930000000000;0.810000000000;-0.333906462721;1.166029628040;0.432091980163
0.930000000000;0.830000000000;-0.358160547917;1.265180132013;0.522799392107
0.930000000000;0.850000000000;-0.384513668002;1.375699420568;0.643202449826
0.930000000000;0.870000000000;-0.413188524739;1.495495695615;0.805849103010
0.930000000000;0.890000000000;-0.444333495826;1.617138133781;1.029051787939
0.930000000000;0.910000000000;-0.477874050091;1.721535984656;1.338476268851
0.930000000000;0.930000000000;-0.513194935213;1.766044256098;1.766044256098
0.930000000000;0.950000000000;-0.548515820335;1.666432792495;2.337731978391
0.930000000000;0.970000000000;-0.579852246912;1.286518980813;3.027563207020
0.930000000000;0.990000000000;-0.599976579567;0.503108316367;3.636294420361
0.950000000000;0.010000000000;0.001038850244;0.008657282770;0.043285624232
0.950000000000;0.030000000000;0.000692558933;0.025971256097;0.043284637210
0.950000000000;0.050000000000;-0.000000000000;0.043283650283;0.043283650283
0.950000000000;0.070000000000;-0.001038787078;0.060594070615;0.043284637210
0.950000000000;0.090000000000;-0.002423762825;0.077903108541;0.043290557911
0.950000000000;0.110000000000;-0.004154911420;0.095212734668;0.043305358948
0.950000000000;0.130000000000;-0.006232272211;0.112526691075;0.043333976386
0.950000000000;0.150000000000;-0.008655979063;0.129850883920;0.043382342954
0.950000000000;0.170000000000;-0.011426307568;0.147193778101;0.043457401892
0.950000000000;0.190000000000;-0.014543730187;0.164566796813;0.043567130384
0.950000000000;0.210000000000;-0.018008979441;0.181984730037;0.043720576022
0.950000000000;0.230000000000;-0.021823119388;0.199466157442;0.043927910349
0.950000000000;0.250000000000;-0.025987625738;0.217033892804;0.044200504264
0.950000000000;0.270000000000;-0.030504475101;0.234715459002;0.044551030913
0.950000000000;0.290000000000;-0.035376244098;0.252543604876;0.044993602813
0.950000000000;0.310000000000;-0.040606219296;0.270556877897;0.045543951348
0.950000000000;0.330000000000;-0.046198519214;0.288800269784;0.046219658614
0.950000000000;0.350000000000;-0.052158230087;0.307325956101;0.047040454021
0.950000000000;0.370000000000;-0.058491557458;0.326194155632;0.048028591310
0.950000000000;0.390000000000;-0.065205996312;0.345474141365;0.049209325974
0.950000000000;0.410000000000;-0.072310523113;0.365245442493;0.050611518929
0.950000000000;0.430000000000;-0.079815814012;0.385599286642;0.052268400284
0.950000000000;0.450000000000;-0.087734494579;0.406640344113;0.054218537893
0.950000000000;0.470000000000;-0.096081427777;0.428488852491;0.056507070458
0.950000000000;0.490000000000;-0.104874048678;0.451283221685;0.059187285756
0.950000000000;0.510000000000;-0.114132756644;0.475183248359;0.062322653978
0.950000000000;0.530000000000;-0.123881378613;0.500374107331;0.065989467711
0.950000000000;0.550000000000;-0.134147720937;0.527071339536;0.070280299964
0.950000000000;0.570000000000;-0.144964232194;0.555527126683;0.075308578569
0.950000000000;0.590000000000;-0.156368806005;0.586038238931;0.081214703627
0.950000000000;0.610000000000;-0.168405761751;0.618956173763;0.088174326674
0.950000000000;0.630000000000;-0.181127052955;0.654700185536;0.096409702311
0.950000000000;0.650000000000;-0.194593769173;0.693774154428;0.106205474816
0.950000000000;0.670000000000;-0.208878019132;0.736788584207;0.117930973952
0.950000000000;0.690000000000;-0.224065312541;0.784489476679;0.132072237418
0.950000000000;0.710000000000;-0.240257598199;0.837796425055;0.149278852322
0.950000000000;0.730000000000;-0.257577169543;0.897852976245;0.170433850902
0.950000000000;0.750000000000;-0.276171717249;0.966092974059;0.196760286404
0.950000000000;0.770000000000;-0.296220888506;1.044326653028;0.229987580344
0.950000000000;0.790000000000;-0.317944783370;1.134848029610;0.272617742378
0.950000000000;0.810000000000;-0.341614809690;1.240555873596;0.328362790822
0.950000000000;0.830000000000;-0.367567018314;1.365050974552;0.402882976520
0.950000000000;0.850000000000;-0.396216848672;1.512585782774;0.505064768636
0.950000000000;0.870000000000;-0.428070449625;1.687497283112;0.649279008815
0.950000000000;0.890000000000;-0.463716739997;1.892074010346;0.859402716735
0.950000000000;0.910000000000;-0.503753410039;2.119977008452;1.175824491073
0.950000000000;0.930000000000;-0.548515820335;2.337731978391;1.666432792495
0.950000000000;0.950000000000;-0.597262689175;2.437343441995;2.437343441995
0.950000000000;0.970000000000;-0.646009558014;2.137548628180;3.607660368914
0.950000000000;0.990000000000;-0.682764634302;0.918876907182;5.058279643911
0.970000000000;0.010000000000;0.000346283415;0.008657085366;0.025971256097
0.970000000000;0.030000000000;-0.000000000000;0.025971058692;0.025971058692
0.970000000000;0.050000000000;-0.000692558933;0.043284637210;0.025971256097
0.970000000000;0.070000000000;-0.001731385488;0.060598215631;0.025973032642
0.970000000000;0.090000000000;-0.003116487558;0.077913175311;0.025978164872
0.970000000000;0.110000000000;-0.004847912501;0.095232278765;0.025989022408
0.970000000000;0.130000000000;-0.006925778709;0.112560064859;0.026008570425
0.970000000000;0.150000000000;-0.009350315095;0.129903246005;0.026040374923
0.970000000000;0.170000000000;-0.012121908549;0.147271109551;0.026088612196
0.970000000000;0.190000000000;-0.015241159477;0.164675926621;0.026158084299
0.970000000000;0.210000000000;-0.018708945614;0.182133372929;0.026254242574
0.970000000000;0.230000000000;-0.022526494394;0.199662967585;0.026383221736
0.970000000000;0.250000000000;-0.026695464317;0.217288537668;0.026551887433
0.970000000000;0.270000000000;-0.031218035901;0.235038718438;0.026767900775
0.970000000000;0.290000000000;-0.036097013055;0.252947501521;0.027039803993
0.970000000000;0.310000000000;-0.041335935962;0.271054846364;0.027377132305
0.970000000000;0.330000000000;-0.046939206909;0.289407373905;0.027790558230
0.970000000000;0.350000000000;-0.052912230918;0.308059165842;0.028292076151
0.970000000000;0.370000000000;-0.059261573543;0.327072698509;0.028895236981
0.970000000000;0.390000000000;-0.065995138858;0.346519947476;0.029615445603
0.970000000000;0.410000000000;-0.073122371442;0.366483708138;0.030470337510
0.970000000000;0.430000000000;-0.080654487184;0.387059189463;0.031480256229
0.970000000000;0.450000000000;-0.088604739021;0.408355953746;0.032668860194
0.970000000000;0.470000000000;-0.096988725334;0.430500296014;0.034063897512
0.970000000000;0.490000000000;-0.105824750861;0.453638184705;0.035698200817
0.970000000000;0.510000000000;-0.115134252722;0.477938923188;0.037610973760
0.970000000000;0.530000000000;-0.124942307789;0.503599743708;0.039849468437
0.970000000000;0.550000000000;-0.135278242470;0.530851617494;0.042471193247
0.970000000000;0.570000000000;-0.146176372489;0.559966665965;0.045546849669
0.970000000000;0.590000000000;-0.157676909109;0.591267701692;0.049164284553
0.970000000000;0.610000000000;-0.169827080556;0.625140634633;0.053433877975
0.970000000000;0.630000000000;-0.182682534494;0.662050781049;0.058495992821
0.970000000000;0.650000000000;-0.196309111798;0.702564559805;0.064531436659
0.970000000000;0.670000000000;-0.210785116886;0.747378734161;0.071776407974
0.970000000000;0.690000000000;-0.226204261165;0.797360387912;0.080544257172
0.970000000000;0.710000000000;-0.242679532403;0.853602430390;0.091257841713
0.970000000000;0.730000000000;-0.260348358380;0.917501969973;0.104498770738
0.970000000000;0.750000000000;-0.279379611202;0.990872998203;0.121084340524
0.970000000000;0.770000000000;-0.299983278308;1.076111532209;0.142191313250
0.970000000000;0.790000000000;-0.322424072490;1.176442401147;0.169561763952
0.970000000000;0.810000000000;-0.347040974354;1.296294862182;0.205858464227
0.970000000000;0.830000000000;-0.374275866978;1.441882109826;0.255304954514
0.970000000000;0.850000000000;-0.404716258747;1.622095452863;0.324894639383
0.970000000000;0.870000000000;-0.439159685092;1.849833643714;0.426799446879
0.970000000000;0.890000000000;-0.478709604496;2.143683616038;0.583455579114
0.970000000000;0.910000000000;-0.524907029734;2.528566060416;0.838986186210
0.970000000000;0.930000000000;-0.579852246912;3.027563207020;1.286518980813
0.970000000000;0.950000000000;-0.646009558014;3.607660368914;2.137548628180
0.970000000000;0.970000000000;-0.724158661669;3.907455182729;3.907455182729
0.970000000000;0.990000000000;-0.802307765324;1.953727591364;7.930884142457
0.990000000000;0.010000000000;-0.000000000000;0.008657085366;0.008657085366
0.990000000000;0.030000000000;-0.000346283415;0.025971256097;0.008657085366
0.990000000000;0.050000000000;-0.001038850244;0.043285624232;0.008657282770
0.990000000000;0.070000000000;-0.002077708384;0.060600979390;0.008658072388
0.990000000000;0.090000000000;-0.003462889419;0.077919098307;0.008660046529
0.990000000000;0.110000000000;-0.005194472316;0.095243140221;0.008663995384
0.990000000000;0.130000000000;-0.007272615028;0.112578043590;0.008670907985
0.990000000000;0.150000000000;-0.009697594060;0.129930925691;0.008681974116
0.990000000000;0.170000000000;-0.012469852056;0.147311487478;0.008698587671
0.990000000000;0.190000000000;-0.015590053559;0.164732427191;0.008722352042
0.990000000000;0.210000000000;-0.019059149144;0.182209867473;0.008755088241
0.990000000000;0.230000000000;-0.022878448258;0.199763802301;0.008798846587
0.990000000000;0.250000000000;-0.027049701236;0.217418571844;0.008855922956
0.990000000000;0.270000000000;-0.031575191132;0.235203375563;0.008928880762
0.990000000000;0.290000000000;-0.036457836258;0.253152836406;0.009020580081
0.990000000000;0.310000000000;-0.041701304588;0.271307632133;0.009134215647
0.990000000000;0.330000000000;-0.047310141543;0.289715213630;0.009273365850
0.990000000000;0.350000000000;-0.053289913133;0.308430634852;0.009442055372
0.990000000000;0.370000000000;-0.059647366938;0.327517525085;0.009644834860
0.990000000000;0.390000000000;-0.066390614136;0.347049241893;0.009886881948
0.990000000000;0.410000000000;-0.073529336613;0.367110253119;0.010174129277
0.990000000000;0.430000000000;-0.081075024261;0.387797809326;0.010513426929
0.990000000000;0.450000000000;-0.089041248986;0.409223985395;0.010912749140
0.990000000000;0.470000000000;-0.097443983677;0.431518193114;0.011381458578
0.990000000000;0.490000000000;-0.106301976711;0.454830297933;0.011930646240
0.990000000000;0.510000000000;-0.115637195594;0.479334515980;0.012573571806
0.990000000000;0.530000000000;-0.125475357350;0.505234326818;0.013326239032
0.990000000000;0.550000000000;-0.135846568667;0.532768720767;0.014208154917
0.990000000000;0.570000000000;-0.146786106181;0.562220217990;0.015243342305
0.990000000000;0.590000000000;-0.158335377387;0.593925267237;0.016461706942
0.990000000000;0.610000000000;-0.170543116870;0.628287882030;0.017900907851
0.990000000000;0.630000000000;-0.183466892668;0.665797744220;0.019608954339
0.990000000000;0.650000000000;-0.197175026639;0.707054569582;0.021647871023
0.990000000000;0.670000000000;-0.211749075451;0.752801404720;0.024098964116
0.990000000000;0.690000000000;-0.227287082828;0.803970910418;0.027070541582
0.990000000000;0.710000000000;-0.243907911868;0.861750938621;0.030709486622
0.990000000000;0.730000000000;-0.261757120373;0.927679475055;0.035219049813
0.990000000000;0.750000000000;-0.281015090870;1.003785516571;0.040886991703
0.990000000000;0.770000000000;-0.301908541036;1.092804076456;0.048131568181
0.990000000000;0.790000000000;-0.324727253928;1.198515180587;0.057579535951
0.990000000000;0.810000000000;-0.349849148259;1.326299064159;0.070204347621
0.990000000000;0.830000000000;-0.377779216495;1.484087149708;0.087583737928
0.990000000000;0.850000000000;-0.409212634247;1.684080275138;0.112409387503
0.990000000000;0.870000000000;-0.445142427500;1.946058222844;0.149568560203
0.990000000000;0.890000000000;-0.487054963161;2.304260749678;0.208633966632
0.990000000000;0.910000000000;-0.537312857487;2.823040410151;0.310145693842
0.990000000000;0.930000000000;-0.599976579567;3.636294420361;0.503108316367
0.990000000000;0.950000000000;-0.682764634302;5.058279643911;0.918876907182
0.990000000000;0.970000000000;-0.802307765324;7.930884142457;1.953727591364
0.990000000000;0.990000000000;-1.000000000000;4.942305866911;4.942305866911
